question_id,user_input,response,reference,retrieved_contexts,reference_contexts,retrieved_contexts_count,reference_contexts_count,retrieved_context_ids,reference_context_ids,errors,context_precision,context_recall,response_relevancy,faithfulness,answer_accuracy,context_relevance,response_groundedness,semantic_similarity,bleu_score,rouge1,rougeL
Q_001,What does the policy mean by an accident?,"An Accident means sudden, unforeseen and involuntary event caused by external, visible and violent means. Accidental bodily injury means accidental physical bodily harm excluding illness or disease solely and directly caused by external, violent, visible and evident means, verified and certified by a Medical Practitioner.","An Accident means sudden, unforeseen and involuntary event caused by external, visible and violent means.","[""An Accident means sudden, unforeseen and involuntary event caused by external, visible and violent means."", ""Injury means Accidental physical bodily harm excluding Illness or disease solely and directly caused by external, violent, visible and evident means which is verified and certified by a Medical Practitioner.""]","[""An Accident means sudden, unforeseen and involuntary event caused by external, visible and violent means.""]",2,1,"[""BAJHLIP23020V012223.pdf_2"", ""BAJHLIP23020V012223.pdf_25""]","[""BAJHLIP23020V012223.pdf_2""]",,0.99999999995,1.0,0.7184409764754761,0.8333333333333334,1.0,1.0,1.0,0.868029938627508,0.9428731438548752,0.5,0.5
Q_002,What is considered “any one illness” under this policy?,"Any one Illness means continuous period of illness and it includes relapse within 45 days from the date of last consultation with the hospital/nursing home where treatment was taken. Expenses related to the treatment of any illness within 30 days from the first policy commencement date shall be excluded except claims arising due to an accident, provided the same are covered. This exclusion shall not apply if the insured has continuous coverage for more than twelve months.",Any one Illness means continuous Period of Illness and it includes relapse within 45 days from the date of last consultation with the Hospital/Nursing Home where treatment was taken.,"[""Any one Illness means continuous Period of Illness and it includes relapse within 45 days from the date of last consultation with the Hospital/Nursing Home where treatment was taken."", ""a. Expenses related to the treatment of any Illness within 30 days from the first Policy commencement date shall be excluded except claims arising due to an Accident, provided the same are covered. b. This exclusion shall not, however apply if the Insured has Continuous Coverage for more than twelve months. c. The within referred waiting period is made applicable to the enhanced Sum Insured in the event of granting higher Sum Insured subsequently."", ""a. Expenses related to the treatment of any Illness within 30 days from the first Policy commencement date shall be excluded except claims arising due to an Accident, provided the same are covered. b. This exclusion shall not, however apply if the Insured has Continuous Coverage for more than twelve months. c. The within referred waiting period is made applicable to the enhanced Sum Insured in the event of granting higher Sum Insured subsequently.""]","[""Any one Illness means continuous Period of Illness and it includes relapse within 45 days from the date of last consultation with the Hospital/Nursing Home where treatment was taken.""]",3,1,"[""BAJHLIP23020V012223.pdf_3"", ""BAJHLIP23020V012223.pdf_216"", ""BAJHLIP23020V012223.pdf_258""]","[""BAJHLIP23020V012223.pdf_3""]",,0.9999999999666667,1.0,0.8360961592534487,1.0,0.5,1.0,1.0,0.8178284259175135,0.6436056646422386,0.5555555555555556,0.5555555555555556
Q_003,What is a cashless facility in this insurance policy?,"The cashless hospitalization facility operates by the insurer paying the network provider directly for treatment costs if pre-authorization is approved. For planned treatment, you must intimate the insurer 48 hours before hospitalization and request pre-authorization via a written form. After approval, an authorization letter must be produced to the network hospital at admission. Cashless treatment is only available at network hospitals. Pre-authorization does not guarantee full coverage of all costs.",Cashless Facility means a facility extended by the Insurer to the Insured where the payments of the costs of treatment undergone by the Insured are directly made to the Network Provider by the Insurer to the extent pre-authorization is approved.,"[""Cashless Facility means a facility extended by the Insurer to the Insured where the payments, of the costs of treatment undergone by the Insured in accordance with the Policy terms and conditions, are directly made to the Network Provider by the Insurer to the extent pre-authorization is approved."", ""i. For planned treatment or Hospitalization, prior to taking treatment and/or incurring Medical Expenses at a Network Hospital, You or Your representative must intimate Us 48 hours before the planned Hospitalization and request pre-authorisation by way of the written form. ii. After considering Your request and after obtaining any further information or documentation We have sought, We may, if satisfied, send You or the Network Hospital, an authorisation letter. The authorisation letter, the ID card issued to You along with this Policy and any other information or documentation that We have specified must be produced to the Network Hospital identified in the pre-authorization letter at the time of Your admission to the same. iii. If the procedure above is followed, You will not be required to directly pay for the bill amount in the Network Hospital that We are liable under Section AI-Inpatient Hospitalization Treatment above and the original bills and evidence of treatment in respect of the same shall be left with the Network Hospital. Pre-authorisation does not guarantee that all costs and expenses will be covered."", ""A. Cashless Claims Procedure: Cashless treatment is only available at Network Hospitals. In order to avail of cashless treatment, the following"", ""Network Provider means Hospitals or health care providers enlisted by an insurer, TPA or jointly by an Insurer and TPA to provide medical services to an Insured by a Cashless Facility.""]","[""Cashless Facility means a facility extended by the Insurer to the Insured where the payments, of the costs of treatment undergone by the Insured in accordance with the Policy terms and conditions, are directly made to the Network Provider by the Insurer to the extent pre-authorization is approved.""]",4,1,"[""BAJHLIP23020V012223.pdf_8"", ""BAJHLIP23020V012223.pdf_368"", ""BAJHLIP23020V012223.pdf_367"", ""BAJHLIP23020V012223.pdf_37""]","[""BAJHLIP23020V012223.pdf_8""]",,0.9166666666361111,1.0,0.710680203838994,1.0,0.5,1.0,1.0,0.7259345195729077,0.03729386144512557,0.38596491228070173,0.26315789473684204
Q_004,What does co-payment mean in this health insurance policy?,"A Co-Payment means a cost-sharing requirement where the Policyholder/Insured bears a specified percentage of the admissible claim amount. For Dental Plan Benefits (Optional), the mandatory Co-Payment is 20% on each and every claim. For other claims under Section C Part B III, the Policyholder bears 20% of the Co-Payment.",A Co-Payment means a cost-sharing requirement under a health insurance Policy that provides that the Policyholder/Insured will bear a specified percentage of the admissible claim amount and it does not reduce the Sum Insured.,"[""A Co-Payment means a cost-sharing requirement under a health insurance Policy that provides that the Policyholder/Insured will bear a specified percentage of the admissible claim amount. A Co-Payment does not reduce the Sum Insured."", ""a. You shall bear 20% of Co-Payment for each and every claim payable under Section C Part B III- Dental Plan Benefits (Optional cover) and Our liability, if any, shall only be in excess of that sum. b. If opted, an aggregate Deductible as specified in the Policy Schedule will apply for expenses under Inpatient"", ""III. DENTAL PLAN BENEFITS (Optional) In consideration of payment of additional premium by the Insured to the Company and realization thereof by the Company, it is hereby agreed and declared that Global Health Care Policy is extended to pay the expenses incurred for the below mentioned Dental related covers with a mandatory Co-Payment of 20% on each and every claim, subject to terms, conditions and definitions, exclusions, up to the limit specified in the Policy Schedule.""]","[""A Co-Payment means a cost-sharing requirement under a health insurance Policy that provides that the Policyholder/Insured will bear a specified percentage of the admissible claim amount. A Co-Payment does not reduce the Sum Insured.""]",3,1,"[""BAJHLIP23020V012223.pdf_11"", ""BAJHLIP23020V012223.pdf_347"", ""BAJHLIP23020V012223.pdf_181""]","[""BAJHLIP23020V012223.pdf_11""]",,0.9999999999666667,1.0,0.753615468042273,1.0,0.5,1.0,1.0,0.8043275941645963,0.3024616482669118,0.5054945054945055,0.4835164835164836
Q_005,What is the definition of congenital anomaly in this policy?,"Congital Anomaly means a condition which is present since birth, and which is abnormal with reference to form, structure or position. Internal Congenital Anomaly refers to a Congenital Anomaly which is not in the visible and accessible parts of the body. External Congenital Anomaly refers to a Congenital Anomaly which is in the visible and accessible parts of the body.","Congenital Anomaly means a condition which is present since birth and is abnormal with reference to form, structure or position. It may be internal (not visible or accessible parts of the body) or external (visible and accessible parts of the body).","[""Congenital Anomaly means a condition which is present since birth, and which is abnormal with reference to form, structure or position. a. Internal Congenital Anomaly- Congenital Anomaly which is not in the visible and accessible parts of the body b. External Congenital Anomaly- Congenital Anomaly which is in the visible and accessible parts of the body""]","[""Congenital Anomaly means a condition which is present since birth, and which is abnormal with reference to form, structure or position. a. Internal Congenital Anomaly- Congenital Anomaly which is not in the visible and accessible parts of the body b. External Congenital Anomaly- Congenital Anomaly which is in the visible and accessible parts of the body""]",1,1,"[""BAJHLIP23020V012223.pdf_10""]","[""BAJHLIP23020V012223.pdf_10""]",,0.9999999999,1.0,0.5664030852547882,1.0,0.75,1.0,1.0,0.935706174165952,0.7473575569817642,0.712871287128713,0.6930693069306931
Q_006,What qualifies as a day care centre according to the policy?,"A Day Care Centre is any institution established for Day Care Treatment of Illness and/or injuries or a medical setup with a Hospital that has been registered with the local authorities, wherever applicable, and is under supervision of a registered and qualified Medical Practitioner. It must comply with the following minimum criteria:
i. has qualified nursing staff under its employment
ii. has qualified Medical Practitioner(s) in charge
iii. has a fully equipped operation theatre of its own where surgical procedures are carried out
iv. maintains daily records of patients and will make these accessible to the Insurance Company’s authorized personnel.","A Day Care Centre means an institution established for Day Care Treatment of illness or injuries or a medical set-up with a hospital which is registered with local authorities, under supervision of a qualified Medical Practitioner, has qualified nursing staff, its own fully equipped operation theatre for surgical procedures and maintains daily patient records accessible to the insurer’s authorized personnel.","[""A Day Care Centre means any institution established for Day Care Treatment of Illness and / or injuries or a medical set -up with a Hospital and which has been registered with the local authorities, wherever applicable, and is under supervision of a registered and qualified Medical Practitioner AND must comply with all minimum criterion as under:- i. has qualified nursing staff under its employment ii. has qualified Medical Practitioner (s) in charge iii. has a fully equipped operation theatre of its own where surgical procedures are carried out iv. maintains daily records of patients and will make these accessible to the Insurance Company\u2019s authorized personnel."", ""i. undertaken under General or Local Anesthesia in a Hospital/Day Care Centre in less than 24 hrs because of technological advancement, and ii. Which would have otherwise required a Hospitalization of more than 24 hours. Treatment normally taken on an out-patient basis is not included in the scope of this definition."", ""A Hospital means any institution established for Inpatient care and Day Care Treatment of Illness and/or injuries and which has been registered as a Hospital with the local authorities under the Clinical Establishments (Registration and Regulation) Act, 2010 OR under the enactments specified under the Schedule of Section 56(1)""]","[""A Day Care Centre means any institution established for Day Care Treatment of Illness and / or injuries or a medical set -up with a Hospital and which has been registered with the local authorities, wherever applicable, and is under supervision of a registered and qualified Medical Practitioner AND must comply with all minimum criterion as under:- i. has qualified nursing staff under its employment ii. has qualified Medical Practitioner (s) in charge iii. has a fully equipped operation theatre of its own where surgical procedures are carried out iv. maintains daily records of patients and will make these accessible to the Insurance Company\u2019s authorized personnel.""]",3,1,"[""BAJHLIP23020V012223.pdf_13"", ""BAJHLIP23020V012223.pdf_14"", ""BAJHLIP23020V012223.pdf_20""]","[""BAJHLIP23020V012223.pdf_13""]",,0.99999999995,1.0,0.7765920562723618,1.0,1.0,1.0,1.0,0.9533525724665182,0.26414050235500736,0.6787878787878788,0.6303030303030304
Q_007,How does the policy define emergency care?,"For emergency medical treatment coverage, the policy requires:
1. The emergency condition must be certified as life-threatening by a Medical Practitioner.
2. The claim must be accepted under ""In-patient Hospitalization Treatment"" or ""Day Care Procedures.""
3. You or someone on your behalf must inform the insurer in writing within 48 hours of hospitalization.
4. Treatment by a Doctor must start within 24 hours of the emergency event (for coverage outside the area of cover).
5. If treatment is medically unnecessary, the claim may be declined. If medically necessary, coverage is up to 80% of the reasonable and customary expenses, subject to policy terms.
6. Pre-approval is required for planned treatments at least 72 hours prior to admission.",Emergency care means management for an illness or injury with symptoms that occur suddenly and unexpectedly and requires immediate care by a Medical Practitioner to prevent death or serious long term impairment of the insured person’s health.,"[""Follow the steps below so We can look after the details \u2013 while You concentrate on getting better. Check Your level of cover First, check that Your plan covers the treatment You are seeking. Your Table of Benefits will confirm what is covered. However, You can always call Our Helpline if You have any queries. 24/7 International Helpline number +353 1 630 1301 Some treatments require Our pre-approval Certain benefits under this policy for International Cover would require You to seek pre-approval at least 72 hours prior to admission or availing the benefit in case of planned treatments. The pre-approval process helps Us assess each case, organize everything with the Hospital before Your arrival and make direct payment of Your Hospital bill easier, where possible. If You make a claim without obtaining Our pre-approval the following will apply: i. If the treatment received is subsequently proven to be medically unnecessary, We reserve the right to decline Your claim in accordance with the policy terms and conditions ii. If the treatment is subsequently proven to be medically necessary, we will process the claim basis on reasonable and customary expenses up to 80% of the coverage, subject to the policy terms and conditions."", ""i. Such life threatening Emergency condition is certified by the Medical Practitioner, and ii. We have accepted Your Claim under \""In-patient Hospitalization Treatment\"" or \""Day Care Procedures\"""", ""You or someone claiming on Your behalf must inform Us in writing immediately within 48 hours of Hospitalization in case of Emergency Hospitalization and 48 hours prior to Hospitalization in case of planned Hospitalization ii. You must immediately consult a Medical Practitioner and follow the advice and treatment that he recommends. iii. You must take reasonable steps or measures to minimize the quantum of any claim that may be made under this"", ""12. Emergency treatment outside area of cover (Applicable to Imperial Plus Plan only if \u201cExcluding USA\u201d cover is opted) We will pay the Customary and Reasonable expenses, up to the limit specified in the Policy Schedule, incurred for treatment of medical emergencies which occur during business or holiday trips outside Your area of cover. Cover is provided for up to six weeks per trip within the Sum Insured limit. It includes treatment required due to an Accident or the sudden beginning or worsening of a severe Illness which presents an immediate threat to Your health. Treatment by a Doctor must start within 24 hours of the Emergency event.""]","[""Emergency care means management for an Illness or Injury which results in symptoms which occur suddenly and unexpectedly, and requires immediate care by a Medical Practitioner to prevent death or serious long term impairment of the Insured person\u2019s health.""]",4,1,"[""BAJHLIP23020V012223.pdf_381"", ""BAJHLIP23020V012223.pdf_143"", ""BAJHLIP23020V012223.pdf_370"", ""BAJHLIP23020V012223.pdf_160""]","[""BAJHLIP23020V012223.pdf_18""]",,0.249999999975,0.0,0.7325607064119257,1.0,0.0,1.0,1.0,0.6204749503754169,0.003828561815320644,0.20253164556962025,0.1139240506329114
Q_008,What is hospitalization according to the policy terms?,"Hospitalization means admission in a Hospital for a minimum period of 24 consecutive In-patient Care hours except for specified procedures/treatments, where such admission could be for a period of less than 24 consecutive hours.",Hospitalization means admission in a Hospital for a minimum period of 24 consecutive in-patient care hours except for specified procedures or treatments where admission could be for less than 24 consecutive hours.,"[""Hospitalization means admission in a Hospital for a minimum period of 24 consecutive In-patient Care hours except for specified procedures/ treatments, where such admission could be for a period of less than 24 consecutive hours."", ""Inpatient care means treatment for which the Insured has to stay in a Hospital for more than 24 hours for a covered event.""]","[""Hospitalization means admission in a Hospital for a minimum period of 24 consecutive In-patient Care hours except for specified procedures/ treatments, where such admission could be for a period of less than 24 consecutive hours.""]",2,1,"[""BAJHLIP23020V012223.pdf_22"", ""BAJHLIP23020V012223.pdf_26""]","[""BAJHLIP23020V012223.pdf_22""]",,0.9999999999,1.0,0.781894467648221,1.0,1.0,1.0,1.0,0.9906357268132209,0.6005257748142278,0.927536231884058,0.927536231884058
Q_009,How does the policy define an injury?,"Injury means accidental physical bodily harm excluding illness or disease solely and directly caused by external, violent, visible and evident means which is verified and certified by a Medical Practitioner.","Injury means accidental physical bodily harm excluding illness or disease solely and directly caused by external, violent, visible and evident means which is verified and certified by a Medical Practitioner.","[""Injury means Accidental physical bodily harm excluding Illness or disease solely and directly caused by external, violent, visible and evident means which is verified and certified by a Medical Practitioner.""]","[""Injury means Accidental physical bodily harm excluding Illness or disease solely and directly caused by external, violent, visible and evident means which is verified and certified by a Medical Practitioner.""]",1,1,"[""BAJHLIP23020V012223.pdf_25""]","[""BAJHLIP23020V012223.pdf_25""]",,0.9999999999,1.0,0.6939175479337146,1.0,1.0,1.0,1.0,0.9999999999999997,1.0000000000000004,1.0,1.0
Q_010,What is meant by a new born baby under this policy?,A newborn child is eligible for coverage under the dependent child addition provision if the baby is born during the Policy Period and is aged up to 90 days.,New Born Baby means a baby born during the Policy Period and aged up to 90 days.,"[""New Born Baby means baby born during the Policy Period and is aged up to 90 days."", ""a. Expenses related to the treatment of any Illness within 30 days from the first Policy commencement date shall be excluded except claims arising due to an Accident, provided the same are covered. b. This exclusion shall not, however apply if the Insured has Continuous Coverage for more than twelve months. c. The within referred waiting period is made applicable to the enhanced Sum Insured in the event of granting higher Sum Insured subsequently.""]","[""New Born Baby means baby born during the Policy Period and is aged up to 90 days.""]",2,1,"[""BAJHLIP23020V012223.pdf_38"", ""BAJHLIP23020V012223.pdf_216""]","[""BAJHLIP23020V012223.pdf_38""]",,0.9999999999,1.0,0.505593503776701,0.6666666666666666,1.0,1.0,1.0,0.7621109913238862,0.3120943348400658,0.5652173913043479,0.5652173913043479
Q_011,What conditions must be met for pre-hospitalization medical expenses to be covered?,"The Medical Expenses incurred during the 45 days immediately before hospitalization are eligible for reimbursement if they were for the same illness/injury requiring subsequent hospitalization and the inpatient hospitalization claim is accepted. Pre-authorization is required for planned treatment or hospitalization at a network hospital, with a 48-hour prior intimation and submission of the authorization letter, ID card, and other specified documents at admission.","Pre-Hospitalization Medical Expenses are medical expenses incurred during the predefined number of days preceding hospitalization, provided that the expenses are incurred for the same condition for which hospitalization was required and the inpatient hospitalization claim for that hospitalization is admissible by the Insurance Company.","[""i. Such Medical Expenses are incurred for the same condition for which the Insured\u2019s Hospitalization was required, and ii. The In-patient Hospitalization claim for such Hospitalization is admissible by the Insurance Company."", ""The Medical Expenses incurred during the 60 days immediately before You were Hospitalized, provided that: Such Medical Expenses were incurred for the same Illness/Injury for which subsequent Hospitalization was required, and We have accepted an Inpatient Hospitalization claim under Inpatient Hospitalization Treatment."", ""The Medical Expenses incurred during the 45 days immediately before You were Hospitalized, provided that: Such Medical Expenses were incurred for the same Illness/Injury for which subsequent Hospitalization was required, and We have accepted an Inpatient Hospitalization claim under Inpatient Hospitalization Treatment.). This cover is subject to the Sum Insured, sub-limits, terms, conditions and definitions, exclusions contained or"", ""i. For planned treatment or Hospitalization, prior to taking treatment and/or incurring Medical Expenses at a Network Hospital, You or Your representative must intimate Us 48 hours before the planned Hospitalization and request pre-authorisation by way of the written form. ii. After considering Your request and after obtaining any further information or documentation We have sought, We may, if satisfied, send You or the Network Hospital, an authorisation letter. The authorisation letter, the ID card issued to You along with this Policy and any other information or documentation that We have specified must be produced to the Network Hospital identified in the pre-authorization letter at the time of Your admission to the same. iii. If the procedure above is followed, You will not be required to directly pay for the bill amount in the Network Hospital that We are liable under Section AI-Inpatient Hospitalization Treatment above and the original bills and evidence of treatment in respect of the same shall be left with the Network Hospital. Pre-authorisation does not guarantee that all costs and expenses will be covered.""]","[""Pre-Hospitalization Medical Expenses means medical expenses incurred during pre-defined number of days"", ""i. Such Medical Expenses are incurred for the same condition for which the Insured\u2019s Hospitalization was required, and ii. The In-patient Hospitalization claim for such Hospitalization is admissible by the Insurance Company.""]",4,2,"[""BAJHLIP23020V012223.pdf_45"", ""BAJHLIP23020V012223.pdf_113"", ""BAJHLIP23020V012223.pdf_140"", ""BAJHLIP23020V012223.pdf_368""]","[""BAJHLIP23020V012223.pdf_44"", ""BAJHLIP23020V012223.pdf_45""]",,0.999999999975,1.0,0.7105972487405289,1.0,0.5,1.0,1.0,0.7731259046165271,0.1391049197221688,0.5045045045045045,0.3603603603603604
Q_012,When are post-hospitalization medical expenses covered under the policy?,The defined coverage period for post-hospitalization ambulatory care expenses is 90 days or 180 days immediately after discharge post hospitalization.,"Post-Hospitalization Medical Expenses are medical expenses incurred during predefined days immediately after the insured is discharged from the hospital, provided that the expenses relate to the same condition for which hospitalization was required and the inpatient hospitalization claim for that hospitalization is admissible by the Insurance Company.","[""The Medical Expenses incurred during the 90 days immediately after You were discharged post Hospitalization provided that: Such costs are incurred in respect of the same Illness/Injury for which the earlier Hospitalization was required, and We have accepted an Inpatient Hospitalization claim under Inpatient Hospitalization Treatment. . This cover is subject to the Sum Insured, sub-limits, terms, conditions and definitions, exclusions contained or"", ""The Medical Expenses incurred during the 180 days immediately after You were discharged post Hospitalization provided that: Such costs are incurred in respect of the same Illness/Injury for which the earlier Hospitalization was required, and We have accepted an Inpatient Hospitalization claim under Inpatient Hospitalization Treatment.""]","[""Post-Hospitalization Medical Expenses means medical expenses incurred during pre-defined number of days"", ""i. Such Medical Expenses are for the same condition for which the Insured\u2019s Hospitalization was required, and ii. The Inpatient Hospitalization claim for such Hospitalization is admissible by the Insurance Company.""]",2,2,"[""BAJHLIP23020V012223.pdf_141"", ""BAJHLIP23020V012223.pdf_114""]","[""BAJHLIP23020V012223.pdf_46"", ""BAJHLIP23020V012223.pdf_47""]",,0.99999999995,1.0,0.7253743970109646,1.0,0.5,1.0,0.5,0.7020049753978226,0.02277164152360476,0.31884057971014496,0.2318840579710145
Q_013,What conditions must be satisfied for treatment to be considered medically necessary?,"For coverage of a specific treatment or procedure to be approved, the following medical necessity criteria must be met:
- It must be certified by the attending Medical Practitioner and present an immediate health risk to the Insured.
- It must be required for the medical management of the Illness or Injury suffered by the Insured.
- It must not exceed the level of care necessary to provide safe, adequate and appropriate medical care in scope, duration, or intensity.
- It must be prescribed by a Medical Practitioner and conform to the professional standards widely accepted in international medical practice or by the medical community in India.
- For cosmetic or plastic surgery, it must be for reconstruction following an Accident, Burn(s), Cancer, or as part of Medically Necessary Treatment to remove a direct and immediate health risk to the Insured.
- Mental Illness treatment must be diagnosed and treated by a psychiatrist, clinical psychologist, or licensed psychotherapist, and the hospitalization must be for medically necessary treatment.
- All day-care or inpatient admissions must include prescription medication related to the condition.
- The treatment should be taken in a Mental Health Establishment wholly or partly meant for the care of persons with mental Illness.
- Physiotherapy is initially restricted to 12 sessions per condition, and further sessions require a new progress report from the referring doctor indicating medical necessity after every set of 12 sessions.","Medically necessary treatment refers to treatment, tests, medication or hospital stay that is required for the medical management of the illness or injury, must not exceed the level of care necessary to provide safe and appropriate medical care, must be prescribed by a Medical Practitioner, and must conform to professional standards widely accepted in international medical practice or by the medical community in India.","[""immediate health risk to the Insured. For this to be considered a medical necessity, it must be certified by the attending Medical Practitioner."", ""i. is required for the medical management of the Illness or Injury suffered by the Insured ii. must not exceed the level of care necessary to provide safe, adequate and appropriate medical care in scope, duration, or intensity iii. must have been prescribed by a Medical Practitioner, iv. must conform to the professional standards widely accepted in international medical practice or by the medical community in India."", ""Expenses for cosmetic or plastic surgery or any treatment to change appearance unless for reconstruction following an Accident, Burn(s) or Cancer or as part of Medically Necessary Treatment to remove a direct and immediate health risk to the Insured. For this to be considered a medical necessity, it must be certified by the attending Medical Practitioner."", ""a. Mental Illness treatment is only covered where patient is diagnosed and treated by a psychiatrist, clinical psychologist or licensed psychotherapist. b. The Hospitalization is for Medically Necessary Treatment. c. All day-care or Inpatient admissions must include prescription medication related to the condition. d. The treatment should be taken in Mental Health Establishment either wholly or partly meant for the care of persons with mental Illness, where persons with mental Illness are admitted for treatment."", ""c. Physiotherapy is initially restricted to 12 sessions per condition, after which treatment must be reviewed by the Doctor who referred You. If You need further sessions, You must send Us a new progress report after every set of 12 sessions, indicating the medical necessity for more treatment.""]","[""Medically necessary treatment means any treatment, tests, medication, or stay in Hospital or part of a stay in"", ""i. is required for the medical management of the Illness or Injury suffered by the Insured ii. must not exceed the level of care necessary to provide safe, adequate and appropriate medical care in scope, duration, or intensity iii. must have been prescribed by a Medical Practitioner, iv. must conform to the professional standards widely accepted in international medical practice or by the medical community in India.""]",5,2,"[""BAJHLIP23020V012223.pdf_266"", ""BAJHLIP23020V012223.pdf_35"", ""BAJHLIP23020V012223.pdf_223"", ""BAJHLIP23020V012223.pdf_125"", ""BAJHLIP23020V012223.pdf_177""]","[""BAJHLIP23020V012223.pdf_34"", ""BAJHLIP23020V012223.pdf_35""]",,0.5833333333041666,1.0,0.6643533340196283,1.0,0.5,1.0,1.0,0.7255748655021329,0.15887043719914795,0.41780821917808214,0.363013698630137
Q_014,What requirements must a hospital meet under this policy?,"An accredited facility must be a hospital registered under the Clinical Establishments (Registration and Regulation) Act, 2010 or equivalent enactments, and meet these criteria:
i. Have qualified nursing staff round the clock
ii. Have at least 10 inpatient beds in towns with a population of less than 10,00,000 and at least 15 inpatient beds elsewhere
iii. Have qualified medical practitioners in charge round the clock
iv. Have a fully equipped operation theatre for surgical procedures
v. Maintain daily patient records accessible to the insurance company’s authorized personnel","A hospital is an institution established for inpatient care and day care treatment of illness or injuries and registered with the local authorities under the Clinical Establishments Act or relevant law, and must have qualified nursing staff round the clock, at least 10 inpatient beds in towns with population below 10,00,000 or 15 in other places, qualified Medical Practitioners in charge round the clock, a fully equipped operation theatre, and must maintain daily patient records accessible to the Insurance Company’s authorized personnel.","[""A Hospital means any institution established for Inpatient care and Day Care Treatment of Illness and/or injuries and which has been registered as a Hospital with the local authorities under the Clinical Establishments (Registration and Regulation) Act, 2010 OR under the enactments specified under the Schedule of Section 56(1)"", ""i. has qualified nursing staff under its employment round the clock ii. has at least 10 Inpatient beds in towns having a population of less than 10,00,000 and at least 15 Inpatient beds in all other places iii. has qualified Medical Practitioner(s) in charge round the clock iv. has a fully equipped operation theatre of its own where surgical procedures are carried out v. maintains daily records of patients and makes these accessible to the Insurance Company\u2019s authorized personnel.""]","[""A Hospital means any institution established for Inpatient care and Day Care Treatment of Illness and/or injuries and which has been registered as a Hospital with the local authorities under the Clinical Establishments (Registration and Regulation) Act, 2010 OR under the enactments specified under the Schedule of Section 56(1)"", ""i. has qualified nursing staff under its employment round the clock ii. has at least 10 Inpatient beds in towns having a population of less than 10,00,000 and at least 15 Inpatient beds in all other places iii. has qualified Medical Practitioner(s) in charge round the clock iv. has a fully equipped operation theatre of its own where surgical procedures are carried out v. maintains daily records of patients and makes these accessible to the Insurance Company\u2019s authorized personnel.""]",2,2,"[""BAJHLIP23020V012223.pdf_20"", ""BAJHLIP23020V012223.pdf_21""]","[""BAJHLIP23020V012223.pdf_20"", ""BAJHLIP23020V012223.pdf_21""]",,0.99999999995,1.0,0.4791834912509827,1.0,1.0,1.0,1.0,0.7759891777788326,0.016525638385933527,0.7085714285714285,0.6285714285714287
Q_015,What are the criteria for emergency inpatient dental treatment arising from an accident?,"Emergency inpatient dental procedures due to accidental injury are covered if the treatment is acute, requires hospitalization, and occurs within 24 hours of the accident. Coverage applies only if the condition is certified as life-threatening by a medical practitioner and the claim is accepted under the ""In-patient Hospitalization Treatment"" section. The policy excludes cosmetic surgery, dentures, dental implants, orthodontics, and non-life-threatening cases. A 20% co-payment applies to claims under the Dental Plan Benefits (Part B-III), and an aggregate deductible may apply if opted for inpatient expenses. No waiting period applies for claims arising from accidental injury during subsequent renewals.","Emergency inpatient dental treatment arising from an accident refers to acute emergency dental treatment due to a serious accident requiring admission to hospital, and the treatment must take place within 24 hours of the emergency event.","[""Emergency Inpatient Dental Treatment arising from an Accident refers to acute Emergency Dental Treatment that is due to a serious Accident and requires admission to Hospital. The treatment must take place within 24 hours of"", ""orthodontics, surgery of any kind unless as a result of Accidental Bodily Injury to natural teeth and also requiring Hospitalization unless specified . 2) Medical expenses where Inpatient care is not warranted and does not require supervision of qualified nursing staff and qualified Medical Practitioner round the clock 3) War, invasion, acts of foreign enemies, hostilities (whether war be declared or not), civil war, commotion, unrest, rebellion, revolution, insurrection, military or usurped power or confiscation or nationalization or requisition of or damage by or under the order of any government or public local authority. Any Medical expenses incurred due to Act of Terrorism will be covered under the Policy. 4) The cost of spectacles, contact lenses, hearing aids, crutches, dentures, artificial teeth and all other external appliances and/or devices whether for diagnosis or treatment except for Cost of Artificial Limbs, cost of prosthetic devices implanted during surgical procedure like Pacemaker, orthopedic implants, cardiac valve replacements, vascular stents etc."", ""D. Applicable for Part B-III (DENTAL PLAN BENEFITS FOR INTERNATIONAL COVER) \uf0b7 During the first year of Global Health Care Policy with Us, 30 days waiting period would be applicable for all claims under Dental Plan Benefits except those arising out of Accidental Injury, however the waiting period would not be applied during subsequent renewals \uf0b7 Dental surgery does not cover surgical treatment that relates to dental implants. \uf0b7 Dental Prostheses, dental implants, orthodontics"", ""Cost of Artificial Limbs, cost of prosthetic devices implanted during surgical procedure like Pacemaker, orthopedic implants, cardiac valve replacements, vascular stents. ix. Relevant laboratory diagnostic tests, X-ray, and other Radiology tests and such similar expenses that are medically necessary prescribed by the treating Medical Practitioner. x. Emergency Inpatient Hospitalization for Dental Treatment arising from an Accident This cover is subject to the Sum Insured, sub-limits, Deductibles, terms, conditions and definitions, exclusions"", ""i. Such life threatening Emergency condition is certified by the Medical Practitioner, and ii. We have accepted Your Claim under \""In-patient Hospitalization Treatment\"" or \""Day Care Procedures\"" section of"", ""a. You shall bear 20% of Co-Payment for each and every claim payable under Section C Part B III- Dental Plan Benefits (Optional cover) and Our liability, if any, shall only be in excess of that sum. b. If opted, an aggregate Deductible as specified in the Policy Schedule will apply for expenses under Inpatient""]","[""Emergency Inpatient Dental Treatment arising from an Accident refers to acute Emergency Dental Treatment that is due to a serious Accident and requires admission to Hospital. The treatment must take place within 24 hours of"", ""the Emergency event. Cover does not extend to follow-up Dental Treatment, dental surgery, dental prostheses, orthodontics or periodontics.""]",6,2,"[""BAJHLIP23020V012223.pdf_67"", ""BAJHLIP23020V012223.pdf_234"", ""BAJHLIP23020V012223.pdf_299"", ""BAJHLIP23020V012223.pdf_138"", ""BAJHLIP23020V012223.pdf_116"", ""BAJHLIP23020V012223.pdf_347""]","[""BAJHLIP23020V012223.pdf_67"", ""BAJHLIP23020V012223.pdf_68""]",,0.7499999999625,1.0,0.8292329390716145,0.8461538461538461,0.5,1.0,1.0,0.8025710418217399,0.15216201130694806,0.3404255319148936,0.1843971631205674
Q_016,Who qualifies as a dependent and how long can a child remain a dependent?,"A dependent child is eligible up to the day before their 25th birthday. If enrolled in full-time education and financially dependent on the proposer, eligibility extends to the day before their 30th birthday.","A dependent means a family member who is the insured’s spouse, children, parents or parents-in-law. A child is considered dependent up to the day before their 25th birthday, or up to the day before their 30th birthday if enrolled in full-time education and financially dependent on the proposer.","[""A child is considered a dependent for insurance purposes up to the day before his/her 25th birthday. If enrolled in full time education a child is considered as dependent up to the day before his/her 30th birthday provided he is financially dependent on the proposer."", ""Dependent means a family member who is Your spouse, children and parents/parents-in-law.""]","[""Dependent means a family member who is Your spouse, children and parents/parents-in-law."", ""A child is considered a dependent for insurance purposes up to the day before his/her 25th birthday. If enrolled in full time education a child is considered as dependent up to the day before his/her 30th birthday provided he is financially dependent on the proposer.""]",2,2,"[""BAJHLIP23020V012223.pdf_64"", ""BAJHLIP23020V012223.pdf_63""]","[""BAJHLIP23020V012223.pdf_63"", ""BAJHLIP23020V012223.pdf_64""]",,0.9999999999,1.0,0.7494881099275249,1.0,0.75,1.0,1.0,0.7898249271867367,0.48459380774492755,0.7209302325581395,0.558139534883721
Q_017,What qualifies as obesity according to the policy and how is it measured?,"Obesity is defined as a BMI greater than or equal to 30. For surgical treatment of obesity, the BMI must be greater than or equal to 40 or greater than or equal to 35 with severe co-morbidities following failure of other treatments. Required documentation includes relevant medical records and proof of clinical protocol adherence, as per doctor’s advice.","Obesity means abnormal or excessive fat accumulation that may impair health and is measured using Body Mass Index (BMI), which is calculated as weight in kilograms divided by the square of height in meters. According to the WHO definition, BMI greater than or equal to 30 is classified as obesity.","[""Obesity means abnormal or excessive fat accumulation that may impair health. Obesity is measured in Body Mass Index. Body mass index (BMI) is a simple index of weight-for-height that is commonly used to classify overweight and obesity in adults. It is defined as a person's weight in kilograms divided by the square of his height in meters (kg/m2)."", ""a. Expenses related to the surgical treatment of obesity that does not fulfil all the below conditions: b. Surgery to be conducted is upon the advice of the Doctor c. The surgery/Procedure conducted should be supported by clinical protocols d. The member has to be 18 years of age or older and e. Body Mass Index (BMI); i. greater than or equal to 40 or ii. greater than or equal to 35 in conjunction with any of the following severe co-morbidities following failure"", ""\uf0b7 BMI greater than or equal to 25 is overweight \uf0b7 BMI greater than or equal to 30 is obesity"", ""The Insured shall keep an accurate record containing all relevant medical records and shall allow the Company or its representatives to inspect such records. The Policyholder or Insured Person shall furnish such information as the Company may require for settlement of any claim under the Policy, within reasonable time limit and within the time""]","[""Obesity means abnormal or excessive fat accumulation that may impair health. Obesity is measured in Body Mass Index. Body mass index (BMI) is a simple index of weight-for-height that is commonly used to classify overweight and obesity in adults. It is defined as a person's weight in kilograms divided by the square of his height in meters (kg/m2)."", ""\uf0b7 BMI greater than or equal to 25 is overweight \uf0b7 BMI greater than or equal to 30 is obesity""]",4,2,"[""BAJHLIP23020V012223.pdf_84"", ""BAJHLIP23020V012223.pdf_220"", ""BAJHLIP23020V012223.pdf_85"", ""BAJHLIP23020V012223.pdf_335""]","[""BAJHLIP23020V012223.pdf_84"", ""BAJHLIP23020V012223.pdf_85""]",,0.8333333332916666,0.5,0.5064856266093938,1.0,0.5,1.0,1.0,0.6999159907312658,0.34193531771839764,0.3272727272727273,0.2181818181818182
Q_018,What are the conditions for emergency treatment outside the area of cover?,"Emergency treatment outside the insured’s designated coverage area is covered for up to six weeks per trip within the maximum benefit amount or Sum Insured limit. Coverage applies to treatment required due to an Accident or the sudden beginning or worsening of a severe Illness that presents an immediate threat to health, starting within 24 hours of the emergency event. Coverage is limited to Customary and Reasonable expenses under the Imperial Plus Plan (if applicable) and excludes curative or follow-up non-emergency treatment, maternity, pregnancy, childbirth, or related complications. Pre-authorization is not explicitly mentioned as a requirement in the provided sections. The insured must notify the insurer if outside the coverage area for more than six weeks.",Emergency treatment outside the area of cover refers to treatment for medical emergencies that occur during business or holiday trips outside the insured’s area of cover and includes treatment due to an accident or the sudden onset or worsening of a severe illness posing an immediate threat to health. Treatment by a doctor must start within 24 hours of the emergency event and coverage is provided for up to six weeks per trip within the maximum benefit amount.,"[""Emergency treatment outside area of cover is treatment for medical emergencies which occur during business or holiday trips outside Your area of cover. Cover is provided for up to six weeks per trip within the maximum benefit amount. It includes treatment required due to an Accident or the sudden beginning or worsening of a severe Illness which presents an immediate threat to Your health. Treatment by a Doctor must start within 24 hours of the Emergency event. Cover is not provided for curative or follow-up non-Emergency treatment, even if You are deemed unable to travel to a country within Your geographical area of cover. Nor does it extend to charges relating to maternity, pregnancy, childbirth or any complications of pregnancy or childbirth. You must tell Us if You are going to be outside Your area of cover for more than six weeks."", ""12. Emergency treatment outside area of cover (Applicable to Imperial Plus Plan only if \u201cExcluding USA\u201d cover is opted) We will pay the Customary and Reasonable expenses, up to the limit specified in the Policy Schedule, incurred for treatment of medical emergencies which occur during business or holiday trips outside Your area of cover. Cover is provided for up to six weeks per trip within the Sum Insured limit. It includes treatment required due to an Accident or the sudden beginning or worsening of a severe Illness which presents an immediate threat to Your health. Treatment by a Doctor must start within 24 hours of the Emergency event."", ""Cover is not provided for curative or follow-up non-Emergency treatment, even if You are deemed unable to travel to a country within Your geographical area of cover. Nor does it extend to charges relating to maternity, pregnancy, childbirth or any complications of pregnancy or childbirth."", ""Emergency care means management for an Illness or Injury which results in symptoms which occur suddenly and unexpectedly, and requires immediate care by a Medical Practitioner to prevent death or serious long term impairment of the Insured person\u2019s health.""]","[""Emergency treatment outside area of cover is treatment for medical emergencies which occur during business or holiday trips outside Your area of cover. Cover is provided for up to six weeks per trip within the maximum benefit amount. It includes treatment required due to an Accident or the sudden beginning or worsening of a severe Illness which presents an immediate threat to Your health. Treatment by a Doctor must start within 24 hours of the Emergency event. Cover is not provided for curative or follow-up non-Emergency treatment, even if You are deemed unable to travel to a country within Your geographical area of cover. Nor does it extend to charges relating to maternity, pregnancy, childbirth or any complications of pregnancy or childbirth. You must tell Us if You are going to be outside Your area of cover for more than six weeks.""]",4,1,"[""BAJHLIP23020V012223.pdf_69"", ""BAJHLIP23020V012223.pdf_160"", ""BAJHLIP23020V012223.pdf_292"", ""BAJHLIP23020V012223.pdf_18""]","[""BAJHLIP23020V012223.pdf_69""]",,0.999999999975,1.0,0.8379186009830196,1.0,0.75,1.0,1.0,0.8312000086789707,0.4983515716743526,0.6331658291457286,0.43216080402010043
Q_019,What conditions define a chronic illness under the policy?,"A chronic condition is defined as a disease, Illness, or Injury that has one or more of the following characteristics:
1. Persists for a long duration, typically beyond three months
2. Requires ongoing medical care or treatment
3. Leads to functional limitations or disability
4. Is not expected to resolve completely without intervention","A chronic condition is a disease, illness or injury that requires ongoing or long-term monitoring through consultations or tests, requires ongoing control for relief of symptoms, may require rehabilitation or special training for the patient to cope with it, may continue indefinitely, or may recur or be likely to recur.","[""Illness means a sickness or a disease or pathological condition leading to the impairment of normal physiological function and requires medical treatment. a. Acute condition - Acute condition is a disease, Illness or Injury that is likely to respond quickly to treatment which aims to return the person to his or her state of health immediately before suffering the disease/Illness/Injury which leads to full recovery. b. Chronic condition \u2013 A chronic condition is defined as a disease, Illness, or Injury that has one or more of the""]","[""Illness means a sickness or a disease or pathological condition leading to the impairment of normal physiological function and requires medical treatment. a. Acute condition - Acute condition is a disease, Illness or Injury that is likely to respond quickly to treatment which aims to return the person to his or her state of health immediately before suffering the disease/Illness/Injury which leads to full recovery. b. Chronic condition \u2013 A chronic condition is defined as a disease, Illness, or Injury that has one or more of the"", ""a. it needs ongoing or long-term monitoring through consultations, examinations, check-ups, and /or tests b. it needs ongoing or long-term control for relief of symptoms c. it requires rehabilitation for the patient or for the patient to be specially trained to cope with it d. it continues indefinitely e. it recurs or is likely to recur.""]",1,2,"[""BAJHLIP23020V012223.pdf_23""]","[""BAJHLIP23020V012223.pdf_23"", ""BAJHLIP23020V012223.pdf_24""]",,0.9999999999,0.0,0.7308994030295853,0.16666666666666666,0.5,1.0,1.0,0.8641880786601908,0.045877462809228275,0.40384615384615385,0.34615384615384615
Q_020,What does rehabilitation treatment involve and when must it begin?,"Inclusion criteria for rehabilitation services:
a. carried out by a Medical Practitioner specializing in rehabilitation
b. carried out in a licensed rehabilitation Hospital or unit
c. inpatient hospitalization claim accepted under In Patient Hospitalization Treatment
d. treatment could not be carried out on an outpatient basis

Timing requirement:
rehabilitation starts within 14 days of discharge from Hospital following acute medical and/or surgical treatment","Rehabilitation is treatment that combines therapies such as physical, occupational and speech therapy to restore original form or function after an acute illness, injury or surgery, and the treatment must take place in a licensed rehabilitation facility and start within 14 days of discharge from acute medical or surgical treatment.","[""Rehabilitation is defined as a set of interventions designed to optimize functioning and reduce disability in individuals with health conditions in interaction with their environment. It aims to restore original form or function after an acute Illness, Injury or surgery. Rehabilitation is a treatment that combines therapies such as physical, occupational and speech therapy. We will pay You up to the limits specified in the Policy Schedule for the cost of In-patient Rehabilitation provided a. it is carried out by a Medical Practitioner specializing in rehabilitation; and b. it is carried out in a licensed rehabilitation Hospital or unit; c. We have accepted an Inpatient Hospitalization claim for the Insured under In Patient Hospitalization Treatment and rehabilitation starts within 14 days of discharge from Hospital following acute medical and/or surgical treatment d. the treatment could not be carried out on an out-patient basis This cover is subject to the Sum Insured, sub-limits, terms, conditions and definitions, exclusions contained or"", ""Rehabilitation is defined as a set of interventions designed to optimize functioning and reduce disability in individuals with health conditions in interaction with their environment. It aims to restore original form or function after an acute Illness, Injury or surgery. Rehabilitation is a treatment that combines therapies such as physical, occupational and speech therapy. We will pay You up to the limits specified in the Policy Schedule for the cost of In-patient Rehabilitation provided a. it is carried out by a Medical Practitioner specializing in rehabilitation; and b. it is carried out in a licensed rehabilitation Hospital or unit; c. We have accepted an Inpatient Hospitalization claim for the Insured under In Patient Hospitalization Treatment and rehabilitation starts within 14 days of discharge from Hospital following acute medical and/or surgical treatment d. the treatment could not be carried out on an out-patient basis.""]","[""Rehabilitation is defined as \u201ca set of interventions designed to optimize functioning and reduce disability in"", ""Rehabilitation is a treatment that combines therapies such as physical, occupational and speech therapy. It aims to restore original form or function after an acute Illness, Injury or surgery. Treatment must take place in a licensed rehabilitation facility and start within 14 days of discharge from acute medical and/or surgical treatment.""]",2,2,"[""BAJHLIP23020V012223.pdf_158"", ""BAJHLIP23020V012223.pdf_127""]","[""BAJHLIP23020V012223.pdf_98"", ""BAJHLIP23020V012223.pdf_99""]",,0.99999999995,1.0,0.6896126544754323,1.0,0.5,1.0,1.0,0.6561608728909787,9.476881458039292e-05,0.3859649122807018,0.2982456140350877
Q_021,What does the policy mean by an accident?,"Injury means accidental physical bodily harm excluding illness or disease solely and directly caused by external, violent, visible and evident means which is verified and certified by a Medical Practitioner.","An accident means a sudden, unforeseen and involuntary event caused by external, visible and violent means.","[""Accident: An accident means sudden, unforeseen and involuntary event caused by external, visible and violent means. Any one illness: Any one illness means continuous period of illness and includes relapse within 45 days from the date of last consultation with the Hospital/Nursing Home where treatment was taken. AYUSH Day Care Centre: AYUSH Day Care Centre means and includes Community Health Centre (CHC), Primary Health Centre (PHC), Dispensary, Clinic, Polyclinic or any such health centre which is registered with the local authorities, wherever applicable and having facilities for carrying out treatment procedures and medical or surgical/para-surgical interventions or both under the supervision of registered AYUSH Medical Practitioner (s) on day care basis without in-patient services and must comply with all the following criterion: i. Having qualified registered AYUSH Medical Practitioner(s) in charge; ii. Having dedicated AYUSH therapy sections as required and/or has equipped operation theatre where surgical procedures are to be carried out; iii. Maintaining daily records of the patients and making them accessible to the insurance company's authorized representative."", ""Injury: Injury means accidental physical bodily harm excluding illness or disease solely and directly caused by external, violent, visible and evident means which is verified and certified by a Medical Practitioner. Inpatient Care Inpatient care means treatment for which the insured person has to stay in a hospital for more than 24 hours for a covered event. Intensive Care Unit: Intensive care unit means an identified section, ward or wing of a hospital which is under the constant supervision of a dedicated medical practitioner(s), and which is specially equipped for the continuous monitoring and treatment of patients who are in a critical condition, or require life support facilities and where the level of care and supervision is considerably more sophisticated and intensive than in the ordinary and other wards. ICU Charges: ICU (Intensive Care Unit) Charges means the amount charged by a Hospital towards ICU expenses which shall include the expenses for ICU bed, general medical support services provided to any ICU patient including monitoring devices, critical care nursing and intensivist charges. Medical Advice: Medical Advice means any consultation or advice from a Medical Practitioner including the issuance of any prescription or follow-up prescription.""]","[""Accident: An accident means sudden, unforeseen and involuntary event caused by external, visible and violent means. Any one illness: Any one illness means continuous period of illness and includes relapse within 45 days from the date of last consultation with the Hospital/Nursing Home where treatment was taken. AYUSH Day Care Centre: AYUSH Day Care Centre means and includes Community Health Centre (CHC), Primary Health Centre (PHC), Dispensary, Clinic, Polyclinic or any such health centre which is registered with the local authorities, wherever applicable and having facilities for carrying out treatment procedures and medical or surgical/para-surgical interventions or both under the supervision of registered AYUSH Medical Practitioner (s) on day care basis without in-patient services and must comply with all the following criterion: i. Having qualified registered AYUSH Medical Practitioner(s) in charge; ii. Having dedicated AYUSH therapy sections as required and/or has equipped operation theatre where surgical procedures are to be carried out; iii. Maintaining daily records of the patients and making them accessible to the insurance company's authorized representative.""]",2,1,"[""Classic_Group_Health_Insurance_6e05831c03.pdf_1"", ""Classic_Group_Health_Insurance_6e05831c03.pdf_14""]","[""Classic_Group_Health_Insurance_6e05831c03.pdf_1""]",,0.9999999999,1.0,0.515351752488929,1.0,0.5,1.0,1.0,0.6142976123421432,0.1187057991594197,0.43478260869565216,0.3478260869565218
Q_022,What is meant by co-payment in this policy?,Co-payment means a cost sharing requirement under a health insurance policy that provides that the policyholder/insured will bear a specified percentage of the admissible claims amount. A co-payment does not reduce the Sum Insured.,"Co-payment means a cost sharing requirement under a health insurance policy where the policyholder/insured bears a specified percentage of the admissible claims amount, and it does not reduce the Sum Insured.","[""Congenital Anomaly: Congenital Anomaly means a condition which is present since birth, and which is abnormal with reference to form, structure or position. a) Internal Congenital Anomaly: Congenital anomaly which is not in the visible and accessible parts of the body b) External Congenital Anomaly: Congenital anomaly which is in the visible and accessible parts of the body Co-Payment: Co-payment means a cost sharing requirement under a health insurance policy that provides that the policyholder/insured will bear a specified percentage of the admissible claims amount. A co-payment does not reduce the Sum Insured. Day Care Centre: A day care centre means any institution established for day care treatment of illness and/or injuries or a medical setup with a hospital and which has been registered with the local authorities, wherever applicable, and is under supervision of a registered and qualified medical practitioner AND must comply with all minimum criterion as under- i) has qualified nursing staff under its employment; ii) has qualified medical practitioner/s in charge; iii) has fully equipped operation theatre of its own where surgical procedures are carried out; iv) maintains daily records of patients and will make these accessible to the insurance company\u2019s authorized personnel.""]","[""Congenital Anomaly: Congenital Anomaly means a condition which is present since birth, and which is abnormal with reference to form, structure or position. a) Internal Congenital Anomaly: Congenital anomaly which is not in the visible and accessible parts of the body b) External Congenital Anomaly: Congenital anomaly which is in the visible and accessible parts of the body Co-Payment: Co-payment means a cost sharing requirement under a health insurance policy that provides that the policyholder/insured will bear a specified percentage of the admissible claims amount. A co-payment does not reduce the Sum Insured. Day Care Centre: A day care centre means any institution established for day care treatment of illness and/or injuries or a medical setup with a hospital and which has been registered with the local authorities, wherever applicable, and is under supervision of a registered and qualified medical practitioner AND must comply with all minimum criterion as under- i) has qualified nursing staff under its employment; ii) has qualified medical practitioner/s in charge; iii) has fully equipped operation theatre of its own where surgical procedures are carried out; iv) maintains daily records of patients and will make these accessible to the insurance company\u2019s authorized personnel.""]",1,1,"[""Classic_Group_Health_Insurance_6e05831c03.pdf_6""]","[""Classic_Group_Health_Insurance_6e05831c03.pdf_6""]",,0.9999999999,1.0,0.8439813087731817,1.0,1.0,1.0,1.0,0.9425296593595259,0.5350585258384593,0.8571428571428571,0.8571428571428571
Q_023,What is the definition of a congenital anomaly?,"Congenital Anomaly means a condition which is present since birth, and which is abnormal with reference to form, structure or position.","Congenital anomaly means a condition which is present since birth and is abnormal with reference to form, structure or position.","[""Congenital Anomaly: Congenital Anomaly means a condition which is present since birth, and which is abnormal with reference to form, structure or position. a) Internal Congenital Anomaly: Congenital anomaly which is not in the visible and accessible parts of the body b) External Congenital Anomaly: Congenital anomaly which is in the visible and accessible parts of the body Co-Payment: Co-payment means a cost sharing requirement under a health insurance policy that provides that the policyholder/insured will bear a specified percentage of the admissible claims amount. A co-payment does not reduce the Sum Insured. Day Care Centre: A day care centre means any institution established for day care treatment of illness and/or injuries or a medical setup with a hospital and which has been registered with the local authorities, wherever applicable, and is under supervision of a registered and qualified medical practitioner AND must comply with all minimum criterion as under- i) has qualified nursing staff under its employment; ii) has qualified medical practitioner/s in charge; iii) has fully equipped operation theatre of its own where surgical procedures are carried out; iv) maintains daily records of patients and will make these accessible to the insurance company\u2019s authorized personnel.""]","[""Congenital Anomaly: Congenital Anomaly means a condition which is present since birth, and which is abnormal with reference to form, structure or position. a) Internal Congenital Anomaly: Congenital anomaly which is not in the visible and accessible parts of the body b) External Congenital Anomaly: Congenital anomaly which is in the visible and accessible parts of the body Co-Payment: Co-payment means a cost sharing requirement under a health insurance policy that provides that the policyholder/insured will bear a specified percentage of the admissible claims amount. A co-payment does not reduce the Sum Insured. Day Care Centre: A day care centre means any institution established for day care treatment of illness and/or injuries or a medical setup with a hospital and which has been registered with the local authorities, wherever applicable, and is under supervision of a registered and qualified medical practitioner AND must comply with all minimum criterion as under- i) has qualified nursing staff under its employment; ii) has qualified medical practitioner/s in charge; iii) has fully equipped operation theatre of its own where surgical procedures are carried out; iv) maintains daily records of patients and will make these accessible to the insurance company\u2019s authorized personnel.""]",1,1,"[""Classic_Group_Health_Insurance_6e05831c03.pdf_6""]","[""Classic_Group_Health_Insurance_6e05831c03.pdf_6""]",,0.9999999999,1.0,0.8827428434385999,1.0,1.0,1.0,1.0,0.9734489787024831,0.7228204707160483,0.975609756097561,0.975609756097561
Q_024,What qualifies as inpatient care under the policy?,"The policy defines inpatient hospitalization as treatment requiring a hospital stay of more than 24 hours. Room rent is capped at Rs. 40,000 per policy period, and expenses are considered in proportion to the eligible room rent. Associated medical expenses (e.g., professional fees, OT charges, procedure charges) are covered but will have a proportionate deduction if a higher room category is chosen above the eligible limit. For package rates, room, boarding, and nursing charges are capped at Rs. 5,000 per day for calculating post-hospitalization benefits.",Inpatient care means treatment for which the insured person has to stay in a hospital for more than 24 hours for a covered event.,"[""Expenses relating to hospitalization will be considered in proportion to the eligible room rent stated in the"", ""Reasonable and Customary Charges: Reasonable and Customary charges means the charges for services or supplies, which are the standard charges for the specific provider and consistent with the prevailing charges in the geographical area for identical or similar services, taking into account the nature of the illness / injury involved. Room Rent: Room Rent means the amount charged by a Hospital towards Room and Boarding expenses and shall include the associated medical expenses. Specific waiting period: Specific waiting period means a period up to 36 months from the commencement of a health insurance policy during which period specified diseases/treatments (except due to an accident) are not covered. On completion of the period, diseases/treatments shall be covered provided the policy has been continuously renewed without any break. Surgery or Surgical Procedure: Surgery or Surgical Procedure means manual and / or operative procedure(s) required for treatment of an illness or injury, correction of deformities and defects, diagnosis and cure of diseases, relief from suffering and prolongation of life, performed in a hospital or day care centre by a medical practitioner."", ""Where Package rates are charged by the hospitals the Post-Hospitalization benefit will be calculated after taking the room, boarding and nursing charges at Rs 5000/- per day. The expenses as above are payable only where the in-patient hospitalization is for a minimum period of 24 hours. However this time limit will not apply to the day-care treatments detailed elsewhere in the policy. Policy Wordings Classic Group Health Insurance Unique Identification No.: SHAHLGP21239V022021 7"", ""Attendant: Attendant means any person other than a relative of the Insured Person who is engaged for the sole purpose of attending to the Insured Person. Associated medical expenses: Associated medical expenses means medical expenses such as Professional fees, OT charges, Procedure charges, etc., which vary based on the room category occupied by the insured person whilst undergoing treatment in some of the hospitals. If Policy Holder chooses a higher room category above the eligibility defined in policy, then proportionate deduction will apply on the Associated Medical Expenses in addition to the difference in room rent. Such associated medical expenses do not include Cost of pharmacy and consumables, Cost of implants and medical devices and Cost of diagnostics. Company: Company means Star Health and Allied Insurance Company Limited Day: Day means a period of 24 consecutive hours. Diagnosis: Diagnosis means Diagnosis by a registered medical practitioner, supported by clinical, radiological, and histological, histo-pathological and laboratory evidence and also surgical evidence wherever applicable, acceptable to the Company."", ""Injury: Injury means accidental physical bodily harm excluding illness or disease solely and directly caused by external, violent, visible and evident means which is verified and certified by a Medical Practitioner. Inpatient Care Inpatient care means treatment for which the insured person has to stay in a hospital for more than 24 hours for a covered event. Intensive Care Unit: Intensive care unit means an identified section, ward or wing of a hospital which is under the constant supervision of a dedicated medical practitioner(s), and which is specially equipped for the continuous monitoring and treatment of patients who are in a critical condition, or require life support facilities and where the level of care and supervision is considerably more sophisticated and intensive than in the ordinary and other wards. ICU Charges: ICU (Intensive Care Unit) Charges means the amount charged by a Hospital towards ICU expenses which shall include the expenses for ICU bed, general medical support services provided to any ICU patient including monitoring devices, critical care nursing and intensivist charges. Medical Advice: Medical Advice means any consultation or advice from a Medical Practitioner including the issuance of any prescription or follow-up prescription.""]","[""Injury: Injury means accidental physical bodily harm excluding illness or disease solely and directly caused by external, violent, visible and evident means which is verified and certified by a Medical Practitioner. Inpatient Care Inpatient care means treatment for which the insured person has to stay in a hospital for more than 24 hours for a covered event. Intensive Care Unit: Intensive care unit means an identified section, ward or wing of a hospital which is under the constant supervision of a dedicated medical practitioner(s), and which is specially equipped for the continuous monitoring and treatment of patients who are in a critical condition, or require life support facilities and where the level of care and supervision is considerably more sophisticated and intensive than in the ordinary and other wards. ICU Charges: ICU (Intensive Care Unit) Charges means the amount charged by a Hospital towards ICU expenses which shall include the expenses for ICU bed, general medical support services provided to any ICU patient including monitoring devices, critical care nursing and intensivist charges. Medical Advice: Medical Advice means any consultation or advice from a Medical Practitioner including the issuance of any prescription or follow-up prescription.""]",5,1,"[""Classic_Group_Health_Insurance_6e05831c03.pdf_45"", ""Classic_Group_Health_Insurance_6e05831c03.pdf_22"", ""Classic_Group_Health_Insurance_6e05831c03.pdf_41"", ""Classic_Group_Health_Insurance_6e05831c03.pdf_24"", ""Classic_Group_Health_Insurance_6e05831c03.pdf_14""]","[""Classic_Group_Health_Insurance_6e05831c03.pdf_14""]",,0.36666666664833336,1.0,0.724847071445072,0.6666666666666666,0.5,1.0,0.75,0.6408816153118853,0.11147659373645066,0.2831858407079646,0.15929203539823006
Q_025,What does the policy define as medical advice?,Medical Advice means any consultation or advice from a Medical Practitioner including the issuance of any prescription or follow-up prescription.,Medical Advice means any consultation or advice from a Medical Practitioner including the issuance of any prescription or follow-up prescription.,"[""ICU Charges: ICU (Intensive Care Unit) Charges means the amount charged by a Hospital towards ICU expenses which shall include the expenses for ICU bed, general medical support services provided to any ICU patient including monitoring devices, critical care nursing and intensivist charges. Medical Advice: Medical Advice means any consultation or advice from a Medical Practitioner including the issuance of any prescription or follow-up prescription. Medical Expenses: Medical Expenses means those expenses that an Insured Person has necessarily and actually incurred for medical treatment on account of Illness or Accident on the advice of a Medical Practitioner, as long as these are no more than would have been payable if the Insured Person had not been insured and Policy Wordings Classic Group Health Insurance Unique Identification No.: SHAHLGP21239V022021 3"", ""Injury: Injury means accidental physical bodily harm excluding illness or disease solely and directly caused by external, violent, visible and evident means which is verified and certified by a Medical Practitioner. Inpatient Care Inpatient care means treatment for which the insured person has to stay in a hospital for more than 24 hours for a covered event. Intensive Care Unit: Intensive care unit means an identified section, ward or wing of a hospital which is under the constant supervision of a dedicated medical practitioner(s), and which is specially equipped for the continuous monitoring and treatment of patients who are in a critical condition, or require life support facilities and where the level of care and supervision is considerably more sophisticated and intensive than in the ordinary and other wards. ICU Charges: ICU (Intensive Care Unit) Charges means the amount charged by a Hospital towards ICU expenses which shall include the expenses for ICU bed, general medical support services provided to any ICU patient including monitoring devices, critical care nursing and intensivist charges. Medical Advice: Medical Advice means any consultation or advice from a Medical Practitioner including the issuance of any prescription or follow-up prescription.""]","[""Injury: Injury means accidental physical bodily harm excluding illness or disease solely and directly caused by external, violent, visible and evident means which is verified and certified by a Medical Practitioner. Inpatient Care Inpatient care means treatment for which the insured person has to stay in a hospital for more than 24 hours for a covered event. Intensive Care Unit: Intensive care unit means an identified section, ward or wing of a hospital which is under the constant supervision of a dedicated medical practitioner(s), and which is specially equipped for the continuous monitoring and treatment of patients who are in a critical condition, or require life support facilities and where the level of care and supervision is considerably more sophisticated and intensive than in the ordinary and other wards. ICU Charges: ICU (Intensive Care Unit) Charges means the amount charged by a Hospital towards ICU expenses which shall include the expenses for ICU bed, general medical support services provided to any ICU patient including monitoring devices, critical care nursing and intensivist charges. Medical Advice: Medical Advice means any consultation or advice from a Medical Practitioner including the issuance of any prescription or follow-up prescription.""]",2,1,"[""Classic_Group_Health_Insurance_6e05831c03.pdf_15"", ""Classic_Group_Health_Insurance_6e05831c03.pdf_14""]","[""Classic_Group_Health_Insurance_6e05831c03.pdf_14""]",,0.99999999995,1.0,0.8260881572543844,1.0,1.0,1.0,1.0,0.9999994421028991,1.0000000000000004,1.0,1.0
Q_026,What does the policy mean by a network provider?,"Network Provider means hospitals or health care providers enlisted by an insurer, TPA or jointly by an Insurer and TPA to provide medical services to an insured by a cashless facility. Non-Network Provider means any hospital, day care centre or other provider that is not part of the network.","Network Provider means hospitals or health care providers enlisted by an insurer, TPA or jointly by an Insurer and TPA to provide medical services to an insured by a cashless facility.","[""Network Provider: Network Provider means hospitals or health care providers enlisted by an insurer, TPA or jointly by an Insurer and TPA to provide medical services to an insured by a cashless facility. Non-Network Provider: Non-Network means any hospital, day care centre or other provider that is not part of the network. Notification of Claim: Notification of claim means the process of intimating a claim to the insurer or TPA through any of the recognized modes of communication."", ""AYUSH Treatment: AYUSH Treatment refers to the medical and / or hospitalization treatments given under 'Ayurveda, Yoga and Naturopathy, Unani, Siddha and Homeopathy systems' Break in policy means the period of gap that occurs at the end of the existing policy term/instalment premium due date, when the premium due for renewal on a given policy or instalment premium due is not paid on or before the premium renewal date or Grace Period. Cashless facility: Cashless facility means a facility extended by the insurer to the insured where the payments, of the costs of treatment undergone by the insured in accordance with the policy terms and conditions, are directly made to the network provider by the insurer to the extent pre-authorization is approved. Condition Precedent: Condition Precedent means a policy term or condition upon which the Insurer's liability""]","[""Network Provider: Network Provider means hospitals or health care providers enlisted by an insurer, TPA or jointly by an Insurer and TPA to provide medical services to an insured by a cashless facility. Non-Network Provider: Non-Network means any hospital, day care centre or other provider that is not part of the network. Notification of Claim: Notification of claim means the process of intimating a claim to the insurer or TPA through any of the recognized modes of communication.""]",2,1,"[""Classic_Group_Health_Insurance_6e05831c03.pdf_18"", ""Classic_Group_Health_Insurance_6e05831c03.pdf_5""]","[""Classic_Group_Health_Insurance_6e05831c03.pdf_18""]",,0.99999999995,1.0,0.7141396000887502,1.0,0.75,1.0,1.0,0.9390271185520274,0.9692332344763446,0.7654320987654321,0.7654320987654321
Q_027,How does the policy define surgery or surgical procedure?,"The scope of coverage for elective and emergency surgical interventions under the surgical benefits section requires that:
A. Surgery must be conducted upon the advice of a doctor.
B. The surgery/procedure must be supported by clinical protocols.
C. The member must be 18 years of age or older.
D. The surgery must fulfill the definition of ""Surgery or Surgical Procedure"" as manual and/or operative procedures required for treatment, correction, diagnosis, cure, relief, or prolongation of life, performed in a hospital or day care center by a medical practitioner.","Surgery or Surgical Procedure means manual and/or operative procedures required for treatment of an illness or injury, correction of deformities and defects, diagnosis and cure of diseases, relief from suffering and prolongation of life, performed in a hospital or day care centre by a medical practitioner.","[""Reasonable and Customary Charges: Reasonable and Customary charges means the charges for services or supplies, which are the standard charges for the specific provider and consistent with the prevailing charges in the geographical area for identical or similar services, taking into account the nature of the illness / injury involved. Room Rent: Room Rent means the amount charged by a Hospital towards Room and Boarding expenses and shall include the associated medical expenses. Specific waiting period: Specific waiting period means a period up to 36 months from the commencement of a health insurance policy during which period specified diseases/treatments (except due to an accident) are not covered. On completion of the period, diseases/treatments shall be covered provided the policy has been continuously renewed without any break. Surgery or Surgical Procedure: Surgery or Surgical Procedure means manual and / or operative procedure(s) required for treatment of an illness or injury, correction of deformities and defects, diagnosis and cure of diseases, relief from suffering and prolongation of life, performed in a hospital or day care centre by a medical practitioner."", ""Policy Wordings Classic Group Health Insurance Unique Identification No.: SHAHLGP21239V022021 9 A. Surgery to be conducted is upon the advice of the Doctor B. The surgery/Procedure conducted should be supported by clinical protocols C. The member has to be 18 years of age or older and D. Body Mass Index (BMI);""]","[""Surgery or Surgical Procedure: Surgery or Surgical Procedure means manual and / or operative procedure(s) required for treatment of an illness or injury, correction of deformities and defects, diagnosis and cure of diseases, relief from suffering and prolongation of life, performed in a hospital or day care centre by a medical practitioner. Unproven/Experimental treatment: Unproven/Experimental treatment means the treatment including drug experimental therapy which is not based on established medical practice in India, is treatment experimental or unproven.""]",2,1,"[""Classic_Group_Health_Insurance_6e05831c03.pdf_22"", ""Classic_Group_Health_Insurance_6e05831c03.pdf_61""]","[""Classic_Group_Health_Insurance_6e05831c03.pdf_23""]",,0.99999999995,1.0,0.5956261972371946,0.7142857142857143,1.0,1.0,1.0,0.5960845455313917,0.004450696920477227,0.510948905109489,0.43795620437956206
Q_028,What is considered a pre-existing disease in this policy?,"A pre-existing disease means any condition, ailment, injury, or disease that is either:
a) Diagnosed by a physician not more than 36 months prior to the date of commencement of the policy, or
b) For which medical advice or treatment was recommended by or received from a physician not more than 36 months prior to the date of commencement of the policy.
Expenses related to such conditions are excluded until the expiry of 36 months of continuous coverage after the date of inception of the first policy. Coverage after this period is subject to the condition being declared at the time of application and accepted by the insurer.","A pre-existing disease is any condition, ailment, injury or disease that was diagnosed by a physician within 36 months prior to the commencement of the policy or for which medical advice or treatment was recommended or received within that period.","[""A. Expenses related to the treatment of a pre-existing Disease (PED) and its direct complications shall be excluded until the expiry of 36 months of continuous coverage after the date of inception of the first"", ""a) That is/are diagnosed by a physician not more than 36 months prior to the date of commencement of the"", ""or b) For which medical advice or treatment was recommended by, or received from, a physician, not more than 36 months prior to the date of commencement of the policy. Pre-hospitalization Medical Expenses: Pre-hospitalization Medical Expenses means medical expenses incurred during pre-defined number of days preceding the hospitalization of the Insured Person, provided that: i. Such Medical Expenses are incurred for the same condition for which the Insured Person\u2019s Hospitalization was required, and ii. The In-patient Hospitalization claim for such Hospitalization is admissible by the Insurance Company Post-hospitalization Medical Expenses: Post-hospitalization Medical Expenses means medical expenses incurred during pre-defined number of days immediately after the insured person is discharged from the"", ""D. Coverage under the policy after the expiry of 36 months for any pre-existing disease is subject to the same being declared at the time of application and accepted by Insurer.""]","[""a) That is/are diagnosed by a physician not more than 36 months prior to the date of commencement of the"", ""or b) For which medical advice or treatment was recommended by, or received from, a physician, not more than 36 months prior to the date of commencement of the policy. Pre-hospitalization Medical Expenses: Pre-hospitalization Medical Expenses means medical expenses incurred during pre-defined number of days preceding the hospitalization of the Insured Person, provided that: i. Such Medical Expenses are incurred for the same condition for which the Insured Person\u2019s Hospitalization was required, and ii. The In-patient Hospitalization claim for such Hospitalization is admissible by the Insurance Company Post-hospitalization Medical Expenses: Post-hospitalization Medical Expenses means medical expenses incurred during pre-defined number of days immediately after the insured person is discharged from the""]",4,2,"[""Classic_Group_Health_Insurance_6e05831c03.pdf_47"", ""Classic_Group_Health_Insurance_6e05831c03.pdf_19"", ""Classic_Group_Health_Insurance_6e05831c03.pdf_20"", ""Classic_Group_Health_Insurance_6e05831c03.pdf_49""]","[""Classic_Group_Health_Insurance_6e05831c03.pdf_19"", ""Classic_Group_Health_Insurance_6e05831c03.pdf_20""]",,0.999999999975,1.0,0.8868372424532991,0.5,1.0,1.0,1.0,0.9037021957974898,0.21153990209035467,0.49333333333333335,0.4799999999999999
Q_029,What is the grace period allowed for paying premiums?,The Grace Period for payment of the premium is fifteen Days where premium payment mode is monthly and thirty Days in all other cases.,The grace period for payment of the premium is fifteen days where the premium payment mode is monthly and thirty days in all other cases.,"[""Undertaken under General or Local Anesthesia in a hospital/day care centre in less than 24 hrs because of technological advancement, and ii. which would have otherwise required hospitalization of more than 24 hours Treatment normally taken on an out-patient basis is not included in the scope of this definition Disclosure to information norm: The policy shall be void and all premium paid thereon shall be forfeited to the Company in the event of misrepresentation, mis-description or non-disclosure of any material fact. Grace Period: Grace period means the specified period of time, immediately following the premium due date during which premium payment can be made to renew or continue a policy in force without loss of continuity benefits pertaining to waiting periods and coverage of Pre-Existing Diseases. Coverage need not be available during the period for which no premium is received. The Grace Period for payment of the premium for all types of insurance policies shall be: fifteen Days where premium payment mode is monthly and thirty Days in all other cases. Provided the insurers shall offer coverage during the Grace Period, if the premium is paid in instalments during""]","[""Undertaken under General or Local Anesthesia in a hospital/day care centre in less than 24 hrs because of technological advancement, and ii. which would have otherwise required hospitalization of more than 24 hours Treatment normally taken on an out-patient basis is not included in the scope of this definition Disclosure to information norm: The policy shall be void and all premium paid thereon shall be forfeited to the Company in the event of misrepresentation, mis-description or non-disclosure of any material fact. Grace Period: Grace period means the specified period of time, immediately following the premium due date during which premium payment can be made to renew or continue a policy in force without loss of continuity benefits pertaining to waiting periods and coverage of Pre-Existing Diseases. Coverage need not be available during the period for which no premium is received. The Grace Period for payment of the premium for all types of insurance policies shall be: fifteen Days where premium payment mode is monthly and thirty Days in all other cases. Provided the insurers shall offer coverage during the Grace Period, if the premium is paid in instalments during""]",1,1,"[""Classic_Group_Health_Insurance_6e05831c03.pdf_9""]","[""Classic_Group_Health_Insurance_6e05831c03.pdf_9""]",,0.9999999999,1.0,0.9130889191888429,1.0,1.0,1.0,1.0,0.971407947286458,0.5917297933055615,0.9795918367346939,0.9795918367346939
Q_030,What is the definition of a hospital according to the policy?,"A hospital means any institution established for in-patient care and day care treatment of illness and/or injuries and which has been registered as a hospital with the local authorities under Clinical Establishments (Registration and Regulation) Act 2010 or under enactments specified under the Schedule of Section 56(1) of the said act or complies with all minimum criteria as under: i) has qualified nursing staff under its employment round the clock ii) has at least 10 in-patient beds in towns having a population of less than 10,0,000 and at least 15 in-patient beds in all other places iii) has qualified medical practitioner(s) in charge round the clock iv) has a fully equipped operation theatre of its own where surgical procedures are carried out v) maintains daily records of patients and makes these accessible to the insurance company’s authorized personnel.

Network Provider means hospitals or health care providers enlisted by an insurer, TPA or jointly by an Insurer and TPA to provide medical services to an insured by a cashless facility.","A hospital is an institution established for in-patient care and day care treatment of illness or injury, registered with local authorities or compliant with minimum criteria such as having qualified nursing staff round the clock, a qualified medical practitioner in charge, a fully equipped operation theatre, required inpatient beds depending on population, and maintaining daily patient records accessible to the insurer.","[""Policy Wordings Classic Group Health Insurance Unique Identification No.: SHAHLGP21239V022021 2 Hospital: A hospital means any institution established for in-patient care and day care treatment of illness and/or injuries and which has been registered as a hospital with the local authorities under Clinical Establishments (Registration and Regulation) Act 2010 or under enactments specified under the Schedule of Section 56(1) of the said act Or complies with all minimum criteria as under: i) has qualified nursing staff under its employment round the clock ii) has at least 10 in-patient beds in towns having a population of less than 10,00,000 and at least 15 in- patient beds in all other places iii) has qualified medical practitioner(s) in charge round the clock iv) has a fully equipped operation theatre of its own where surgical procedures are carried out v) maintains daily records of patients and makes these accessible to the insurance company\u2019s authorized personnel Illness: Illness means a sickness or a disease or pathological condition leading to the impairment of normal physiological function and requires medical treatment"", ""Network Provider: Network Provider means hospitals or health care providers enlisted by an insurer, TPA or jointly by an Insurer and TPA to provide medical services to an insured by a cashless facility. Non-Network Provider: Non-Network means any hospital, day care centre or other provider that is not part of the network. Notification of Claim: Notification of claim means the process of intimating a claim to the insurer or TPA through any of the recognized modes of communication."", ""Injury: Injury means accidental physical bodily harm excluding illness or disease solely and directly caused by external, violent, visible and evident means which is verified and certified by a Medical Practitioner. Inpatient Care Inpatient care means treatment for which the insured person has to stay in a hospital for more than 24 hours for a covered event. Intensive Care Unit: Intensive care unit means an identified section, ward or wing of a hospital which is under the constant supervision of a dedicated medical practitioner(s), and which is specially equipped for the continuous monitoring and treatment of patients who are in a critical condition, or require life support facilities and where the level of care and supervision is considerably more sophisticated and intensive than in the ordinary and other wards. ICU Charges: ICU (Intensive Care Unit) Charges means the amount charged by a Hospital towards ICU expenses which shall include the expenses for ICU bed, general medical support services provided to any ICU patient including monitoring devices, critical care nursing and intensivist charges. Medical Advice: Medical Advice means any consultation or advice from a Medical Practitioner including the issuance of any prescription or follow-up prescription.""]","[""Policy Wordings Classic Group Health Insurance Unique Identification No.: SHAHLGP21239V022021 2 Hospital: A hospital means any institution established for in-patient care and day care treatment of illness and/or injuries and which has been registered as a hospital with the local authorities under Clinical Establishments (Registration and Regulation) Act 2010 or under enactments specified under the Schedule of Section 56(1) of the said act Or complies with all minimum criteria as under: i) has qualified nursing staff under its employment round the clock ii) has at least 10 in-patient beds in towns having a population of less than 10,00,000 and at least 15 in- patient beds in all other places iii) has qualified medical practitioner(s) in charge round the clock iv) has a fully equipped operation theatre of its own where surgical procedures are carried out v) maintains daily records of patients and makes these accessible to the insurance company\u2019s authorized personnel Illness: Illness means a sickness or a disease or pathological condition leading to the impairment of normal physiological function and requires medical treatment""]",3,1,"[""Classic_Group_Health_Insurance_6e05831c03.pdf_10"", ""Classic_Group_Health_Insurance_6e05831c03.pdf_18"", ""Classic_Group_Health_Insurance_6e05831c03.pdf_14""]","[""Classic_Group_Health_Insurance_6e05831c03.pdf_10""]",,0.9999999999,1.0,0.5871687607696342,1.0,1.0,1.0,1.0,0.7478831719307459,0.11619067319172975,0.45833333333333337,0.40833333333333327
Q_031,When will pre-existing diseases be covered under the policy?,The duration of the waiting period applicable to pre-existing medical conditions is 36 months of continuous coverage after the date of inception of the first policy.,"Expenses related to treatment of a pre-existing disease and its complications are excluded until the expiry of 36 months of continuous coverage from the first policy inception, and coverage after 36 months is subject to the disease being declared at the time of application and accepted by the insurer.","[""A. Expenses related to the treatment of a pre-existing Disease (PED) and its direct complications shall be excluded until the expiry of 36 months of continuous coverage after the date of inception of the first"", ""A. Expenses related to the treatment of the following listed Conditions, surgeries/treatments shall be excluded until the expiry of 24 months of continuous coverage after the date of inception of the first policy with us. This exclusion shall not be applicable for claims arising due to an accident. B. In case of enhancement of sum insured the exclusion shall apply afresh to the extent of sum insured increase. C. If any of the specified disease/procedure falls under the waiting period specified for pre-Existing diseases, then the longer of the two waiting periods shall apply. D. The waiting period for listed conditions shall apply even if contracted after the policy or declared and"", ""D. Coverage under the policy after the expiry of 36 months for any pre-existing disease is subject to the same being declared at the time of application and accepted by Insurer.""]","[""A. Expenses related to the treatment of a pre-existing Disease (PED) and its direct complications shall be excluded until the expiry of 36 months of continuous coverage after the date of inception of the first"", ""D. Coverage under the policy after the expiry of 36 months for any pre-existing disease is subject to the same being declared at the time of application and accepted by Insurer.""]",3,2,"[""Classic_Group_Health_Insurance_6e05831c03.pdf_47"", ""Classic_Group_Health_Insurance_6e05831c03.pdf_50"", ""Classic_Group_Health_Insurance_6e05831c03.pdf_49""]","[""Classic_Group_Health_Insurance_6e05831c03.pdf_47"", ""Classic_Group_Health_Insurance_6e05831c03.pdf_49""]",,0.8333333332916666,1.0,0.6271853806838088,1.0,0.5,1.0,1.0,0.7476229805974209,0.09216664458942328,0.5454545454545454,0.3116883116883117
Q_032,Are treatments for illnesses in the first 30 days covered by the policy?,No. Expenses related to the treatment of any illness within 30 days from the first policy commencement date shall be excluded except claims arising due to an accident.,"Expenses related to treatment of any illness within 30 days from the first policy commencement date are excluded, except for claims arising due to an accident.","[""A. Expenses related to the treatment of any illness within 30 days from the first policy commencement date shall be excluded except claims arising due to an accident, provided the same are covered B. This exclusion shall not, however, apply if the Insured Person has Continuous Coverage for more than twelve months C. The within referred waiting period is made applicable to the enhanced sum insured in the event of granting higher sum insured subsequently"", ""5. In the event of the group policy being discontinued or not renewed or when the members of the group leave the group on account of resignation/retirement/termination or otherwise, the following provision shall apply. a. The insured person/s covered under this group policy will be granted cover under Indemnity based Individual Health Policy. In respect of persons who have been covered continuously for a period of one year under this group policy with the Company, exclusion Code Excl \u2013 03 shall be waived. b. In respect of persons who have been covered continuously for a period of two years under this group policy with the Company, exclusions Code Excl-03 and Code Excl-02 shall be waived c. In respect of persons who have been covered continuously for a period of three years under this group policy with the Company, exclusions Code Excl-03, Code Excl-02 and Code Excl-01 shall be waived.""]","[""A. Expenses related to the treatment of any illness within 30 days from the first policy commencement date shall be excluded except claims arising due to an accident, provided the same are covered B. This exclusion shall not, however, apply if the Insured Person has Continuous Coverage for more than twelve months C. The within referred waiting period is made applicable to the enhanced sum insured in the event of granting higher sum insured subsequently""]",2,1,"[""Classic_Group_Health_Insurance_6e05831c03.pdf_58"", ""Classic_Group_Health_Insurance_6e05831c03.pdf_104""]","[""Classic_Group_Health_Insurance_6e05831c03.pdf_58""]",,0.9999999999,1.0,0.7973532700548464,1.0,1.0,1.0,0.75,0.9621532817622345,0.0,0.888888888888889,0.888888888888889
Q_033,What medical expenses are included in ICU charges?,"ICU Charges include the amount charged by a Hospital towards ICU expenses which shall include the expenses for ICU bed, general medical support services provided to any ICU patient including monitoring devices, critical care nursing and intensivist charges. Diagnostic procedures, life-support systems, and ancillary services are not explicitly defined under ICU Charges but are implied to be covered if they are part of general medical support services or associated medical expenses under inpatient care, provided they are reasonable and customary charges and not excluded categories like pharmacy, consumables, implants, or medical devices.","ICU charges include the expenses for ICU bed, general medical support services provided to ICU patients including monitoring devices, critical care nursing and intensivist charges.","[""ICU Charges: ICU (Intensive Care Unit) Charges means the amount charged by a Hospital towards ICU expenses which shall include the expenses for ICU bed, general medical support services provided to any ICU patient including monitoring devices, critical care nursing and intensivist charges. Medical Advice: Medical Advice means any consultation or advice from a Medical Practitioner including the issuance of any prescription or follow-up prescription. Medical Expenses: Medical Expenses means those expenses that an Insured Person has necessarily and actually incurred for medical treatment on account of Illness or Accident on the advice of a Medical Practitioner, as long as these are no more than would have been payable if the Insured Person had not been insured and Policy Wordings Classic Group Health Insurance Unique Identification No.: SHAHLGP21239V022021 3"", ""Injury: Injury means accidental physical bodily harm excluding illness or disease solely and directly caused by external, violent, visible and evident means which is verified and certified by a Medical Practitioner. Inpatient Care Inpatient care means treatment for which the insured person has to stay in a hospital for more than 24 hours for a covered event. Intensive Care Unit: Intensive care unit means an identified section, ward or wing of a hospital which is under the constant supervision of a dedicated medical practitioner(s), and which is specially equipped for the continuous monitoring and treatment of patients who are in a critical condition, or require life support facilities and where the level of care and supervision is considerably more sophisticated and intensive than in the ordinary and other wards. ICU Charges: ICU (Intensive Care Unit) Charges means the amount charged by a Hospital towards ICU expenses which shall include the expenses for ICU bed, general medical support services provided to any ICU patient including monitoring devices, critical care nursing and intensivist charges. Medical Advice: Medical Advice means any consultation or advice from a Medical Practitioner including the issuance of any prescription or follow-up prescription."", ""Attendant: Attendant means any person other than a relative of the Insured Person who is engaged for the sole purpose of attending to the Insured Person. Associated medical expenses: Associated medical expenses means medical expenses such as Professional fees, OT charges, Procedure charges, etc., which vary based on the room category occupied by the insured person whilst undergoing treatment in some of the hospitals. If Policy Holder chooses a higher room category above the eligibility defined in policy, then proportionate deduction will apply on the Associated Medical Expenses in addition to the difference in room rent. Such associated medical expenses do not include Cost of pharmacy and consumables, Cost of implants and medical devices and Cost of diagnostics. Company: Company means Star Health and Allied Insurance Company Limited Day: Day means a period of 24 consecutive hours. Diagnosis: Diagnosis means Diagnosis by a registered medical practitioner, supported by clinical, radiological, and histological, histo-pathological and laboratory evidence and also surgical evidence wherever applicable, acceptable to the Company."", ""Reasonable and Customary Charges: Reasonable and Customary charges means the charges for services or supplies, which are the standard charges for the specific provider and consistent with the prevailing charges in the geographical area for identical or similar services, taking into account the nature of the illness / injury involved. Room Rent: Room Rent means the amount charged by a Hospital towards Room and Boarding expenses and shall include the associated medical expenses. Specific waiting period: Specific waiting period means a period up to 36 months from the commencement of a health insurance policy during which period specified diseases/treatments (except due to an accident) are not covered. On completion of the period, diseases/treatments shall be covered provided the policy has been continuously renewed without any break. Surgery or Surgical Procedure: Surgery or Surgical Procedure means manual and / or operative procedure(s) required for treatment of an illness or injury, correction of deformities and defects, diagnosis and cure of diseases, relief from suffering and prolongation of life, performed in a hospital or day care centre by a medical practitioner.""]","[""Injury: Injury means accidental physical bodily harm excluding illness or disease solely and directly caused by external, violent, visible and evident means which is verified and certified by a Medical Practitioner. Inpatient Care Inpatient care means treatment for which the insured person has to stay in a hospital for more than 24 hours for a covered event. Intensive Care Unit: Intensive care unit means an identified section, ward or wing of a hospital which is under the constant supervision of a dedicated medical practitioner(s), and which is specially equipped for the continuous monitoring and treatment of patients who are in a critical condition, or require life support facilities and where the level of care and supervision is considerably more sophisticated and intensive than in the ordinary and other wards. ICU Charges: ICU (Intensive Care Unit) Charges means the amount charged by a Hospital towards ICU expenses which shall include the expenses for ICU bed, general medical support services provided to any ICU patient including monitoring devices, critical care nursing and intensivist charges. Medical Advice: Medical Advice means any consultation or advice from a Medical Practitioner including the issuance of any prescription or follow-up prescription."", ""ICU Charges: ICU (Intensive Care Unit) Charges means the amount charged by a Hospital towards ICU expenses which shall include the expenses for ICU bed, general medical support services provided to any ICU patient including monitoring devices, critical care nursing and intensivist charges. Medical Advice: Medical Advice means any consultation or advice from a Medical Practitioner including the issuance of any prescription or follow-up prescription. Medical Expenses: Medical Expenses means those expenses that an Insured Person has necessarily and actually incurred for medical treatment on account of Illness or Accident on the advice of a Medical Practitioner, as long as these are no more than would have been payable if the Insured Person had not been insured and Policy Wordings Classic Group Health Insurance Unique Identification No.: SHAHLGP21239V022021 3""]",4,2,"[""Classic_Group_Health_Insurance_6e05831c03.pdf_15"", ""Classic_Group_Health_Insurance_6e05831c03.pdf_14"", ""Classic_Group_Health_Insurance_6e05831c03.pdf_24"", ""Classic_Group_Health_Insurance_6e05831c03.pdf_22""]","[""Classic_Group_Health_Insurance_6e05831c03.pdf_14"", ""Classic_Group_Health_Insurance_6e05831c03.pdf_15""]",,0.99999999995,1.0,0.8785316133132034,0.8461538461538461,0.5,1.0,1.0,0.9228398618289396,0.5273063201216017,0.423728813559322,0.423728813559322
Q_034,When are pre-hospitalization medical expenses payable?,Relevant Pre-Hospitalization medical expenses incurred for a period not exceeding 30 days prior to the date of hospitalization,"Pre-hospitalization medical expenses are payable for expenses incurred up to 30 days prior to hospitalization, provided they are for the same illness or injury that required hospitalization and the inpatient hospitalization claim is admissible by the insurance company.","[""or b) For which medical advice or treatment was recommended by, or received from, a physician, not more than 36 months prior to the date of commencement of the policy. Pre-hospitalization Medical Expenses: Pre-hospitalization Medical Expenses means medical expenses incurred during pre-defined number of days preceding the hospitalization of the Insured Person, provided that: i. Such Medical Expenses are incurred for the same condition for which the Insured Person\u2019s Hospitalization was required, and ii. The In-patient Hospitalization claim for such Hospitalization is admissible by the Insurance Company Post-hospitalization Medical Expenses: Post-hospitalization Medical Expenses means medical expenses incurred during pre-defined number of days immediately after the insured person is discharged from the"", ""E) Relevant Pre-Hospitalization medical expenses incurred for a period not exceeding 30 days prior to the date of hospitalization, for the disease/illness, injury sustained following an admissible claim under the""]","[""or b) For which medical advice or treatment was recommended by, or received from, a physician, not more than 36 months prior to the date of commencement of the policy. Pre-hospitalization Medical Expenses: Pre-hospitalization Medical Expenses means medical expenses incurred during pre-defined number of days preceding the hospitalization of the Insured Person, provided that: i. Such Medical Expenses are incurred for the same condition for which the Insured Person\u2019s Hospitalization was required, and ii. The In-patient Hospitalization claim for such Hospitalization is admissible by the Insurance Company Post-hospitalization Medical Expenses: Post-hospitalization Medical Expenses means medical expenses incurred during pre-defined number of days immediately after the insured person is discharged from the"", ""E) Relevant Pre-Hospitalization medical expenses incurred for a period not exceeding 30 days prior to the date of hospitalization, for the disease/illness, injury sustained following an admissible claim under the""]",2,2,"[""Classic_Group_Health_Insurance_6e05831c03.pdf_20"", ""Classic_Group_Health_Insurance_6e05831c03.pdf_29""]","[""Classic_Group_Health_Insurance_6e05831c03.pdf_20"", ""Classic_Group_Health_Insurance_6e05831c03.pdf_29""]",,0.99999999995,1.0,0.8331824581144786,1.0,0.5,1.0,1.0,0.8056700511427438,0.05658645224524164,0.41379310344827586,0.37931034482758624
Q_035,Under what conditions are post-hospitalization expenses covered?,"Post-hospitalization expenses are reimbursed up to 60 days after discharge from the hospital. The amount payable is 7% of the hospitalization expenses, limited to Rs 5000 per hospitalization. Only nursing expenses, surgeon’s/consultants fees, diagnostic charges, and cost of drugs and medicines are considered for the 7% calculation. If package rates are charged by hospitals, room, boarding, and nursing charges are capped at Rs 5000 per day for benefit calculation. The in-patient hospitalization must exceed 24 hours (excluding day-care treatments).","Post-hospitalization expenses incurred up to 60 days after discharge are payable, but the amount shall not exceed 7% of the hospitalization expenses subject to a maximum of Rs.5000 per hospitalization.","[""F) Post \u2013Hospitalization expenses incurred up to 60 days after discharge from the hospital. The amount payable shall not exceed the sum equivalent to 7% of the hospitalization expenses subject to a maximum of Rs5000/- per hospitalization. For the purpose of calculation of the 7%, only nursing expenses, surgeon\u2019s / consultants fees, diagnostic charges and cost of drugs and medicines will be taken G) Coverage for Modern Treatment The expenses payable during the entire policy period for treatment of the following diseases/ conditions (either as a day care or as in-patient exceeding 24hrs of admission in the hospital) is limited to the amount mentioned in table below"", ""Where Package rates are charged by the hospitals the Post-Hospitalization benefit will be calculated after taking the room, boarding and nursing charges at Rs 5000/- per day. The expenses as above are payable only where the in-patient hospitalization is for a minimum period of 24 hours. However this time limit will not apply to the day-care treatments detailed elsewhere in the policy. Policy Wordings Classic Group Health Insurance Unique Identification No.: SHAHLGP21239V022021 7""]","[""F) Post \u2013Hospitalization expenses incurred up to 60 days after discharge from the hospital. The amount payable shall not exceed the sum equivalent to 7% of the hospitalization expenses subject to a maximum of Rs5000/- per hospitalization. For the purpose of calculation of the 7%, only nursing expenses, surgeon\u2019s / consultants fees, diagnostic charges and cost of drugs and medicines will be taken G) Coverage for Modern Treatment The expenses payable during the entire policy period for treatment of the following diseases/ conditions (either as a day care or as in-patient exceeding 24hrs of admission in the hospital) is limited to the amount mentioned in table below""]",2,1,"[""Classic_Group_Health_Insurance_6e05831c03.pdf_30"", ""Classic_Group_Health_Insurance_6e05831c03.pdf_41""]","[""Classic_Group_Health_Insurance_6e05831c03.pdf_30""]",,0.99999999995,1.0,0.7915537211185693,1.0,0.75,1.0,1.0,0.8932543598778107,0.08331897350589874,0.43103448275862066,0.37931034482758624
Q_036,What benefits are provided for emergency ambulance services?,"The policy covers emergency ground/air ambulance transportation charges up to a sum of Rs.750 per hospitalization. The overall limit per policy period is Rs.1,500 for transportation of the insured person by a private ambulance service when medically necessary to reach a hospital for treatment, provided there is an admissible claim under the first aid and emergency assistance benefits.","Emergency ambulance charges are payable up to Rs.750 per hospitalization and subject to an overall limit of Rs.1,500 per policy period when transportation by private ambulance is required for medical reasons and there is an admissible claim under the policy.","[""With regard to coronary stenting, the company will pay such amount up to the extent of cost of bare metal stent/drug eluting cobalt-chromium stent/drug eluting stainless steel stent. In respect of medicines, Implants and such other similar items, the Company will pay up to the cost of alternate indigenous make. D) Emergency ambulance charges up-to a sum of Rs.750/- per hospitalization and overall limit of Rs.1,500/- per policy period for transportation of the insured person by private ambulance service when this is needed for medical reasons to go to hospital for treatment, provided however there is an admissible claim under""]","[""With regard to coronary stenting, the company will pay such amount up to the extent of cost of bare metal stent/drug eluting cobalt-chromium stent/drug eluting stainless steel stent. In respect of medicines, Implants and such other similar items, the Company will pay up to the cost of alternate indigenous make. D) Emergency ambulance charges up-to a sum of Rs.750/- per hospitalization and overall limit of Rs.1,500/- per policy period for transportation of the insured person by private ambulance service when this is needed for medical reasons to go to hospital for treatment, provided however there is an admissible claim under""]",1,1,"[""Classic_Group_Health_Insurance_6e05831c03.pdf_28""]","[""Classic_Group_Health_Insurance_6e05831c03.pdf_28""]",,0.9999999999,1.0,0.637125358014914,0.6,0.75,1.0,1.0,0.9019075688224505,0.0760083426131757,0.6857142857142857,0.49523809523809514
Q_037,When is AYUSH treatment covered under the policy?,"AYUSH treatments are not explicitly mentioned in the provided policy chunks. The waiting period for specified diseases/procedures is 24 months (Section 2. Specified disease/procedure waiting period – Code Excl 02). If AYUSH treatments fall under a specified disease/procedure, this 24-month waiting period applies. If AYUSH treatments are considered a pre-existing disease, the waiting period is 36 months (Section 1. Pre-Existing Diseases – Code Excl 01). The longer of the two waiting periods applies if the condition overlaps.","Medical expenses for inpatient hospitalization under Ayurveda, Unani, Siddha and Homeopathy systems in an AYUSH hospital are payable up to the sum insured, while Yoga and Naturopathy treatments are excluded from AYUSH coverage.","[""A. Expenses related to the treatment of the following listed Conditions, surgeries/treatments shall be excluded until the expiry of 24 months of continuous coverage after the date of inception of the first policy with us. This exclusion shall not be applicable for claims arising due to an accident. B. In case of enhancement of sum insured the exclusion shall apply afresh to the extent of sum insured increase. C. If any of the specified disease/procedure falls under the waiting period specified for pre-Existing diseases, then the longer of the two waiting periods shall apply. D. The waiting period for listed conditions shall apply even if contracted after the policy or declared and"", ""A. Expenses related to the treatment of a pre-existing Disease (PED) and its direct complications shall be excluded until the expiry of 36 months of continuous coverage after the date of inception of the first"", ""a) That is/are diagnosed by a physician not more than 36 months prior to the date of commencement of the""]","[""AYUSH Treatment: AYUSH Treatment refers to the medical and / or hospitalization treatments given under 'Ayurveda, Yoga and Naturopathy, Unani, Siddha and Homeopathy systems' Break in policy means the period of gap that occurs at the end of the existing policy term/instalment premium due date, when the premium due for renewal on a given policy or instalment premium due is not paid on or before the premium renewal date or Grace Period. Cashless facility: Cashless facility means a facility extended by the insurer to the insured where the payments, of the costs of treatment undergone by the insured in accordance with the policy terms and conditions, are directly made to the network provider by the insurer to the extent pre-authorization is approved. Condition Precedent: Condition Precedent means a policy term or condition upon which the Insurer's liability"", ""H) AYUSH Treatment: Medical expenses for Inpatient Hospitalization incurred on treatment under Ayurveda, Unani, Sidha and Homeopathy systems of medicines in a AYUSH Hospital is payable up to the sum insured. Note: Yoga and Naturopathy systems of treatments are excluded from the scope of coverage under AYUSH treatment I) Patient Care: The cost of engaging one attendant at residence immediately after discharge from the hospital provided the same is recommended by the attending physician. Such expenses are payable up- to Rs 400/- for each completed day up-to 5 days per occurrence and 14 days per policy period. No payment will be made for the first day. This benefit is applicable only for insured persons above 60 years of age and becomes payable only upon""]",3,2,"[""Classic_Group_Health_Insurance_6e05831c03.pdf_50"", ""Classic_Group_Health_Insurance_6e05831c03.pdf_47"", ""Classic_Group_Health_Insurance_6e05831c03.pdf_19""]","[""Classic_Group_Health_Insurance_6e05831c03.pdf_5"", ""Classic_Group_Health_Insurance_6e05831c03.pdf_39""]",,0.0,0.0,0.821858455605128,0.6,0.0,0.0,0.5,0.6136248082666032,0.008866954480790234,0.15789473684210525,0.08771929824561403
Q_038,What conditions must be met for obesity surgery to be considered under the policy exclusions?,"Bariatric surgery may be excluded if it falls under the specified disease/procedure waiting period of 24 months (Code Excl 02) or pre-existing disease waiting period of 36 months (Code Excl 01), with the longer period applying if both conditions overlap. Coverage is also contingent on:
- Surgery conducted upon doctor’s advice
- Supported by clinical protocols
- Member aged 18 or older
- BMI requirement (not explicitly stated but implied in context)
Claims due to an accident are excluded from waiting periods.","Surgery must be conducted on the advice of a doctor, supported by clinical protocols, the member must be 18 years or older, and the BMI must be either greater than or equal to 40 or greater than or equal to 35 with severe co-morbidities after failure of less invasive weight loss methods.","[""A. Expenses related to the treatment of the following listed Conditions, surgeries/treatments shall be excluded until the expiry of 24 months of continuous coverage after the date of inception of the first policy with us. This exclusion shall not be applicable for claims arising due to an accident. B. In case of enhancement of sum insured the exclusion shall apply afresh to the extent of sum insured increase. C. If any of the specified disease/procedure falls under the waiting period specified for pre-Existing diseases, then the longer of the two waiting periods shall apply. D. The waiting period for listed conditions shall apply even if contracted after the policy or declared and"", ""Policy Wordings Classic Group Health Insurance Unique Identification No.: SHAHLGP21239V022021 9 A. Surgery to be conducted is upon the advice of the Doctor B. The surgery/Procedure conducted should be supported by clinical protocols C. The member has to be 18 years of age or older and D. Body Mass Index (BMI);"", ""A. Expenses related to the treatment of a pre-existing Disease (PED) and its direct complications shall be excluded until the expiry of 36 months of continuous coverage after the date of inception of the first"", ""Reasonable and Customary Charges: Reasonable and Customary charges means the charges for services or supplies, which are the standard charges for the specific provider and consistent with the prevailing charges in the geographical area for identical or similar services, taking into account the nature of the illness / injury involved. Room Rent: Room Rent means the amount charged by a Hospital towards Room and Boarding expenses and shall include the associated medical expenses. Specific waiting period: Specific waiting period means a period up to 36 months from the commencement of a health insurance policy during which period specified diseases/treatments (except due to an accident) are not covered. On completion of the period, diseases/treatments shall be covered provided the policy has been continuously renewed without any break. Surgery or Surgical Procedure: Surgery or Surgical Procedure means manual and / or operative procedure(s) required for treatment of an illness or injury, correction of deformities and defects, diagnosis and cure of diseases, relief from suffering and prolongation of life, performed in a hospital or day care centre by a medical practitioner."", ""a) That is/are diagnosed by a physician not more than 36 months prior to the date of commencement of the""]","[""Policy Wordings Classic Group Health Insurance Unique Identification No.: SHAHLGP21239V022021 9 A. Surgery to be conducted is upon the advice of the Doctor B. The surgery/Procedure conducted should be supported by clinical protocols C. The member has to be 18 years of age or older and D. Body Mass Index (BMI);"", ""2. greater than or equal to 35 in conjunction with any of the following severe co-morbidities"", ""a. Obesity-related cardiomyopathy b. Coronary heart disease c. Severe Sleep Apnea d. Uncontrolled Type2 Diabetes""]",5,3,"[""Classic_Group_Health_Insurance_6e05831c03.pdf_50"", ""Classic_Group_Health_Insurance_6e05831c03.pdf_61"", ""Classic_Group_Health_Insurance_6e05831c03.pdf_47"", ""Classic_Group_Health_Insurance_6e05831c03.pdf_22"", ""Classic_Group_Health_Insurance_6e05831c03.pdf_19""]","[""Classic_Group_Health_Insurance_6e05831c03.pdf_61"", ""Classic_Group_Health_Insurance_6e05831c03.pdf_62"", ""Classic_Group_Health_Insurance_6e05831c03.pdf_63""]",,0.49999999995,0.6666666666666666,0.8112770548668572,0.625,0.5,0.75,1.0,0.648956250145537,0.010794052104832601,0.3283582089552239,0.22388059701492538
Q_039,What conditions must be satisfied for treatment to qualify as medically necessary?,"Medical necessity criteria as defined in the policy require that a procedure or service must:
i) be required for the medical management of the illness or injury suffered by the insured
ii) not exceed the level of care necessary to provide safe, adequate and appropriate medical care in scope, duration, or intensity
iii) have been prescribed by a medical practitioner
iv) conform to the professional standards widely accepted in international medical practice or by the medical community in India","Medically necessary treatment must be required for medical management of illness or injury, must not exceed the level of care necessary for safe and appropriate treatment, must be prescribed by a medical practitioner, and must conform to professional standards accepted in international medical practice or by the medical community in India.","[""i) is required for the medical management of the illness or injury suffered by the insured; ii) must not exceed the level of care necessary to provide safe, adequate and appropriate medical care in scope, duration, or intensity; iii) must have been prescribed by a medical practitioner; iv) must conform to the professional standards widely accepted in international medical practice or by the medical community in India. Migration means a facility provided to policyholders (including all members under family cover and group policies), to transfer the credits gained for Pre-Existing Diseases and specific waiting periods from one health"", ""Reasonable and Customary Charges: Reasonable and Customary charges means the charges for services or supplies, which are the standard charges for the specific provider and consistent with the prevailing charges in the geographical area for identical or similar services, taking into account the nature of the illness / injury involved. Room Rent: Room Rent means the amount charged by a Hospital towards Room and Boarding expenses and shall include the associated medical expenses. Specific waiting period: Specific waiting period means a period up to 36 months from the commencement of a health insurance policy during which period specified diseases/treatments (except due to an accident) are not covered. On completion of the period, diseases/treatments shall be covered provided the policy has been continuously renewed without any break. Surgery or Surgical Procedure: Surgery or Surgical Procedure means manual and / or operative procedure(s) required for treatment of an illness or injury, correction of deformities and defects, diagnosis and cure of diseases, relief from suffering and prolongation of life, performed in a hospital or day care centre by a medical practitioner."", ""A. Condition Precedent to Admission of Liability: The terms and conditions of the policy must be fulfilled by the insured person for the Company to make any payment for claim(s) arising under the""]","[""i) is required for the medical management of the illness or injury suffered by the insured; ii) must not exceed the level of care necessary to provide safe, adequate and appropriate medical care in scope, duration, or intensity; iii) must have been prescribed by a medical practitioner; iv) must conform to the professional standards widely accepted in international medical practice or by the medical community in India. Migration means a facility provided to policyholders (including all members under family cover and group policies), to transfer the credits gained for Pre-Existing Diseases and specific waiting periods from one health""]",3,1,"[""Classic_Group_Health_Insurance_6e05831c03.pdf_17"", ""Classic_Group_Health_Insurance_6e05831c03.pdf_22"", ""Classic_Group_Health_Insurance_6e05831c03.pdf_83""]","[""Classic_Group_Health_Insurance_6e05831c03.pdf_17""]",,0.9999999999,1.0,0.6967110807332545,1.0,1.0,1.0,1.0,0.8030227855356027,0.2970244103105762,0.6461538461538461,0.6461538461538461
Q_040,When can cashless treatment be used under this policy?,"Cashless facility can be availed only in networked Hospitals. Obtain the Pre-authorisation Form from the Hospital Help Desk, complete the Patient Information, and submit it to the Hospital Help Desk. The Treating Doctor will complete the hospitalization/treatment information, and the hospital will fill up the expected cost of treatment. This form is submitted to the Company for processing. The Company will process the request and may call for additional documents or clarifications if the information is inadequate. Once all details are furnished, the Company will approve or reject the request based on the terms and conditions, exclusions, and merits. In case of emergency hospitalization, information must be given within 24 hours after hospitalization.","Cashless facility can be availed only in network hospitals, and in case of emergency hospitalization the insurer must be informed within 24 hours after hospitalization.","[""d. Obtain the Pre-authorisation Form from the Hospital Help Desk, complete the Patient Information and resubmit to the Hospital Help Desk. e. The Treating Doctor will complete the hospitalisation/ treatment information and the hospital will fill up expected cost of treatment. This form is submitted to the Company f. The Company will process the request and call for additional documents / clarifications if the information furnished is inadequate. g. Once all the details are furnished, the Company will process the request as per the terms and conditions as well as the exclusions therein and either approve or reject the request based on the merits. h. In case of emergency hospitalization information to be given within 24 hours after hospitalization i. Cashless facility can be availed only in networked Hospitals. For details of Networked Hospitals, the insured may visit www.starhealth.in or contact the nearest branch or refer to the list of"", ""AYUSH Treatment: AYUSH Treatment refers to the medical and / or hospitalization treatments given under 'Ayurveda, Yoga and Naturopathy, Unani, Siddha and Homeopathy systems' Break in policy means the period of gap that occurs at the end of the existing policy term/instalment premium due date, when the premium due for renewal on a given policy or instalment premium due is not paid on or before the premium renewal date or Grace Period. Cashless facility: Cashless facility means a facility extended by the insurer to the insured where the payments, of the costs of treatment undergone by the insured in accordance with the policy terms and conditions, are directly made to the network provider by the insurer to the extent pre-authorization is approved. Condition Precedent: Condition Precedent means a policy term or condition upon which the Insurer's liability"", ""Network Provider: Network Provider means hospitals or health care providers enlisted by an insurer, TPA or jointly by an Insurer and TPA to provide medical services to an insured by a cashless facility. Non-Network Provider: Non-Network means any hospital, day care centre or other provider that is not part of the network. Notification of Claim: Notification of claim means the process of intimating a claim to the insurer or TPA through any of the recognized modes of communication.""]","[""d. Obtain the Pre-authorisation Form from the Hospital Help Desk, complete the Patient Information and resubmit to the Hospital Help Desk. e. The Treating Doctor will complete the hospitalisation/ treatment information and the hospital will fill up expected cost of treatment. This form is submitted to the Company f. The Company will process the request and call for additional documents / clarifications if the information furnished is inadequate. g. Once all the details are furnished, the Company will process the request as per the terms and conditions as well as the exclusions therein and either approve or reject the request based on the merits. h. In case of emergency hospitalization information to be given within 24 hours after hospitalization i. Cashless facility can be availed only in networked Hospitals. For details of Networked Hospitals, the insured may visit www.starhealth.in or contact the nearest branch or refer to the list of"", ""j. KYC (Identity proof with Address) of the proposer, as per AML Guidelines In non-network hospitals payment must be made up-front and then reimbursement will be effected on submission of documents. Note: The Company reserves the right to call for additional documents wherever required. Policy Wordings Classic Group Health Insurance Unique Identification No.: SHAHLGP21239V022021 12""]",3,2,"[""Classic_Group_Health_Insurance_6e05831c03.pdf_85"", ""Classic_Group_Health_Insurance_6e05831c03.pdf_5"", ""Classic_Group_Health_Insurance_6e05831c03.pdf_18""]","[""Classic_Group_Health_Insurance_6e05831c03.pdf_85"", ""Classic_Group_Health_Insurance_6e05831c03.pdf_86""]",,0.99999999995,1.0,0.6001476114124339,1.0,0.5,1.0,1.0,0.7247821356992923,0.09825064519682583,0.34285714285714286,0.3142857142857143
Q_041,What types of medical expenses does the policy cover during treatment?,"We will cover consultation expenses for medically necessary out-patient consultations with a doctor up to reasonable and customary limits for platinum policyholders. Diagnostic tests prescribed by a doctor are covered up to sub-limits. Medical expenses include doctors’ fees, diagnostic tests, medicines, drugs and consumables, intravenous fluids, blood transfusion, injection administration charges, operation theatre charges, cost of prosthetics or devices implanted during surgery, and intensive care unit charges. Day-care procedures (including chemotherapy, radiotherapy, hemodialysis, or procedures requiring specialized observation post-procedure) are covered if undertaken as an in-patient for less than 24 hours. Pharmaceutical expenses covered are drugs and dressings only if part of post-hospitalization expenses, excluding out-patient or take-home drugs/dressings.","The policy covers doctors’ fees, diagnostic tests, medicines, drugs and consumables, intravenous fluids, blood transfusion, injection administration charges, operation theatre charges, the cost of prosthetics and devices implanted during surgery, and intensive care unit charges.","[""We will cover an Insured Person\u2019s Reasonable & Customary consultation expenses of Medically Necessary consultation with a Doctor, as an out-patient to assess the Insured Person\u2019s health condition for any Illness. We will also pay for any Diagnostic Tests prescribed by the Doctor upto the sub-limits"", ""(a) Doctors\u2019 fees (b) Diagnostics Tests (c) Medicines, drugs and consumables (d) Intravenous fluids, blood transfusion, injection administration charges (e) Operation theatre charges (f) The cost of prosthetics and other devices or equipment if implanted internally during a Surgical Operation. (g) Intensive Care Unit charges"", ""We will cover Medical Expenses for Day Care Procedures (including Chemotherapy, Radiotherapy, Hemodialysis, any procedure which needs a period of specialized observation or care after completion of the procedure) where such procedures are undertaken by an Insured Person as an In-patient in a Hospital for a continuous period of less than 24 hours. Any procedure undertaken on an out-patient basis in a Hospital will not be covered."", ""during the Policy Period on the advice of a Doctor due to Illness or Accident, by an Insured Person, which are Reasonable and Customary."", ""EXCEPTION: We will pay for a Surgical Operation for which the Insured Person is Hospitalised as a result of an Accident and which is undertaken as an In-patient in a Hospital and carried out by a Doctor. x. Drugs and dressings for Out-patient or take-home use Any drugs or surgical dressings that are provided or prescribed in the case of Out-patient Treatment, or for an Insured Person to take home on leaving Hospital, for any condition, except as included in post-hospitalization expenses under clause 2.4 above. xi. Eyesight Treatment to correct refractive errors of the eye, unless required as the result of an Accident. We will not pay for routine eye examinations, contact lenses, spectacles or laser eye sight correction. xii. Experimental treatment Treatment, including medication, which in competent Medical Practitioner\u2019s opinion is experimental or has not generally been proved to be effective. xiii. Health hydros, nature cure, wellness clinics etc. Treatment or services received in health hydros, nature cure clinics or any establishment that is not a Hospital. xiv."", ""\u2022 which would have otherwise required a hospitalization of more than 24 hours. Treatment normally taken on an out-patient basis is not included in the scope of this definition. Def. 5. Diagnostic Tests: Investigations, such as X-Ray or blood tests, to find the cause of your symptoms and medical condition Def. 6. Deductible: The amount which, in accordance with the terms of the policy, is deducted from the claim amount that would otherwise have been payable and will therefore be borne by the""]","[""(a) Doctors\u2019 fees (b) Diagnostics Tests (c) Medicines, drugs and consumables (d) Intravenous fluids, blood transfusion, injection administration charges (e) Operation theatre charges (f) The cost of prosthetics and other devices or equipment if implanted internally during a Surgical Operation. (g) Intensive Care Unit charges""]",6,1,"[""Health Companion-Health Insurance Plan_GEN617.pdf_12"", ""Health Companion-Health Insurance Plan_GEN617.pdf_2"", ""Health Companion-Health Insurance Plan_GEN617.pdf_6"", ""Health Companion-Health Insurance Plan_GEN617.pdf_106"", ""Health Companion-Health Insurance Plan_GEN617.pdf_26"", ""Health Companion-Health Insurance Plan_GEN617.pdf_96""]","[""Health Companion-Health Insurance Plan_GEN617.pdf_2""]",,0.49999999995,1.0,0.6734103410175956,0.9473684210526315,0.75,1.0,1.0,0.7474175092752913,0.006071744293085543,0.41830065359477125,0.4052287581699347
Q_042,Does the policy cover hospital accommodation charges?,"Yes. Medical Expenses linked with room rates, as applicable to the room that is actually occupied or as per room rates entitlement under the plan opted, whichever is lower, shall be payable.",The policy covers reasonable and customary charges for hospital accommodation.,"[""Further where Medical Expenses are linked with room rates, Medical Expenses as applicable to the room that is actually occupied or as per room rates entitlement under the plan opted, whichever is lower, shall be payable. (d) It is hereby agreed and understood that in providing pre-authorisation or accepting a claim for reimbursement under this Policy or making a payment under this Policy, We make no representation and/or give no guarantee and/or assume no responsibility for the appropriateness, quality or effectiveness of the treatment sought or provided. n. Alteration to the Policy This Policy constitutes the complete contract of insurance. Any change in the Policy will only be evidenced by a written endorsement signed and stamped by Us. No one except Us can change"", ""(2) A medical examination by Our doctor or for an investigation as often as We believe this to be necessary. Any expenses related to such examinations or investigations shall be borne by Us. ii. In the event of the Insured Person's death during Hospitalization, written notice accompanied by a copy of the post mortem report (if any) shall be given to Us within 14 days regardless of whether any other notice has been given to Us. We reserve the right to require an autopsy. iii.For the purposes of benefit 2, it is understood and agreed that if a Hospital room as per the rent limit permitted by the insurance plan opted for, as shown in the Product Benefits Table, is unavailable, then We will only be liable to make payment for a Hospital room that is actually occupied or as per entitlement permitted by the plan opted for, whichever is lower. Further where Medical Expenses are linked with room rates, Medical Expenses as applicable to the room that is actually occupied or as per room rates entitlement under the plan opted, whichever is lower, shall be payable.""]","[""We will cover Reasonable and Customary charges for Hospital accommodation.""]",2,1,"[""Health Companion-Health Insurance Plan_GEN617.pdf_83"", ""Health Companion-Health Insurance Plan_GEN617.pdf_82""]","[""Health Companion-Health Insurance Plan_GEN617.pdf_3""]",,0.99999999995,0.0,0.6298509088692602,1.0,0.5,1.0,1.0,0.5509715926732972,0.0,0.047619047619047616,0.047619047619047616
Q_043,How long before hospitalization are pre-hospitalization medical expenses covered?,We will cover pre-hospitalization medical expenses incurred up to 30 days immediately before an Insured Person’s admission to a Hospital for the same Illness.,"Medical expenses incurred due to illness up to 30 days immediately before an insured person’s admission to a hospital for the same illness are covered, provided the insurer has accepted an inpatient hospitalization claim.","[""We will cover Medical Expenses incurred due to Illness up to 30 days immediately before an Insured Person\u2019s admission to a Hospital for the same Illness as long as We have accepted an In-patient Hospitalisation claim under 2.1 above. Pre-hospitalization expenses can be claimed as reimbursement only.""]","[""We will cover Medical Expenses incurred due to Illness up to 30 days immediately before an Insured Person\u2019s admission to a Hospital for the same Illness as long as We have accepted an In-patient Hospitalisation claim under 2.1 above. Pre-hospitalization expenses can be claimed as reimbursement only.""]",1,1,"[""Health Companion-Health Insurance Plan_GEN617.pdf_4""]","[""Health Companion-Health Insurance Plan_GEN617.pdf_4""]",,0.9999999999,1.0,0.8230046121135791,1.0,0.75,1.0,1.0,0.8430083721078485,0.22988077941406637,0.7540983606557377,0.6885245901639345
Q_044,How long after discharge are post-hospitalization expenses covered?,We will cover Medical Expenses incurred due to Illness up to 60 days immediately after an Insured Person’s discharge from Hospital for the same Illness.,"Medical expenses incurred due to illness up to 60 days immediately after an insured person’s discharge from hospital for the same illness are covered, provided the insurer has accepted an inpatient hospitalization claim.","[""We will cover Medical Expenses incurred due to Illness up to 60 days immediately after an Insured Person\u2019s discharge from Hospital for the same Illness as long as We have accepted an In-patient Hospitalisation claim under 2.1 above. Post-hospitalization expenses can be claimed as reimbursement only."", ""ii. For any Illness or Accident or medical condition that requires Hospitalization, the Insured Person shall deliver to Us the documents listed below, at his own expense, within 30 days of the Insured Person's discharge from Hospital (when the claim is only in respect of post-hospitalization, within 30 days of the completion of the post-""]","[""We will cover Medical Expenses incurred due to Illness up to 60 days immediately after an Insured Person\u2019s discharge from Hospital for the same Illness as long as We have accepted an In-patient Hospitalisation claim under 2.1 above. Post-hospitalization expenses can be claimed as reimbursement only.""]",2,1,"[""Health Companion-Health Insurance Plan_GEN617.pdf_5"", ""Health Companion-Health Insurance Plan_GEN617.pdf_79""]","[""Health Companion-Health Insurance Plan_GEN617.pdf_5""]",,0.9999999999,1.0,0.7985030202794374,0.5,1.0,1.0,1.0,0.867767866577339,0.2458691815807628,0.8000000000000002,0.7666666666666666
Q_045,Are day care procedures covered even if hospitalization is less than 24 hours?,We will cover Medical Expenses for Day-Care Procedures where the Insured Person is an In-patient in a Hospital for a continuous period of less than 24 hours.,"Medical expenses for day care procedures (including chemotherapy, radiotherapy, hemodialysis, or procedures needing specialized observation) are covered when undertaken as an in-patient in a hospital for a continuous period of less than 24 hours. Out-patient procedures are not covered.","[""We will cover Medical Expenses for Day Care Procedures (including Chemotherapy, Radiotherapy, Hemodialysis, any procedure which needs a period of specialized observation or care after completion of the procedure) where such procedures are undertaken by an Insured Person as an In-patient in a Hospital for a continuous period of less than 24 hours. Any procedure undertaken on an out-patient basis in a Hospital will not be covered."", ""\u2022 undertaken under General or Local Anaesthesia in a hospital/day care centre in less than"", ""Illness does not mean and this Policy does not cover any mental illness or sickness or disease (including but not limited to a psychiatric condition, disorganisation of personality or mind, or emotions or behaviour) even if caused by or aggravated by or related to an Accident or Illness. Def. 17. In-patient: Treatment for which the Insured Person has to stay in a hospital for more than 24 hours for a covered event. Def. 18. Insured Person means person named as insured in the Schedule of Insurance Certificate. Any Family member may be added as an Insured Person during the Policy Period if We have accepted his application for insurance and issued an endorsement confirming the addition of such person as an Insured Person.""]","[""We will cover Medical Expenses for Day Care Procedures (including Chemotherapy, Radiotherapy, Hemodialysis, any procedure which needs a period of specialized observation or care after completion of the procedure) where such procedures are undertaken by an Insured Person as an In-patient in a Hospital for a continuous period of less than 24 hours. Any procedure undertaken on an out-patient basis in a Hospital will not be covered.""]",3,1,"[""Health Companion-Health Insurance Plan_GEN617.pdf_6"", ""Health Companion-Health Insurance Plan_GEN617.pdf_95"", ""Health Companion-Health Insurance Plan_GEN617.pdf_105""]","[""Health Companion-Health Insurance Plan_GEN617.pdf_6""]",,0.9999999999,1.0,0.7147200993904114,1.0,0.75,1.0,1.0,0.7385535508263338,0.22126936390615456,0.6285714285714286,0.6000000000000001
Q_046,Under what conditions will domiciliary treatment be covered?,"Domiciliary (home) treatment is included within inpatient hospitalization coverage if medical treatment is taken at home for an uninterrupted period of 3 days or more, for an illness/disease/injury that would normally require hospitalization. Coverage applies when either:
the attending Doctor confirms the Insured Person could not be transferred to a Hospital, or
the Insured Person proves a Hospital bed was unavailable.","Medical expenses for treatment at home are covered if treatment continues for an uninterrupted period of 3 days and the condition would otherwise have required hospitalization, provided either the doctor confirms the patient could not be transferred to a hospital or the insured proves that a hospital bed was unavailable.","[""We will cover Medical Expenses for medical treatment taken at home if this continues for an uninterrupted period of 3 days and the condition for which treatment is taken would otherwise have necessitated hospitalization as long as either (i) the attending Doctor confirms that the Insured Person could not be transferred to a Hospital or (ii) the Insured Person satisfies Us that a Hospital bed was unavailable."", ""days, for an illness/disease/injury which in the normal course would require care and treatment at a Hospital but is actually taken while confined at home under any of the following"", ""\u2022 the condition of the patient is such that he/she is not in a condition to be removed to a hospital, or \u2022 the patient takes treatment at home on account of non availability of room in a hospital. Def. 8. Doctor is a medical practitioner who holds a valid registration from the medical council of any state of India and is thereby entitled to practice medicine within its jurisdiction; and is acting within the scope and jurisdiction of his licence. Def. 9. Emergency means a severe illness or injury which results in symptoms which occur suddenly and unexpectedly, and requires immediate care by a Doctor to prevent death or serious long term impairment of the Insured Person\u2019s health. Def. 10. Family means a unit comprising of upto six members who are related to each other in the""]","[""We will cover Medical Expenses for medical treatment taken at home if this continues for an uninterrupted period of 3 days and the condition for which treatment is taken would otherwise have necessitated hospitalization as long as either (i) the attending Doctor confirms that the Insured Person could not be transferred to a Hospital or (ii) the Insured Person satisfies Us that a Hospital bed was unavailable.""]",3,1,"[""Health Companion-Health Insurance Plan_GEN617.pdf_7"", ""Health Companion-Health Insurance Plan_GEN617.pdf_97"", ""Health Companion-Health Insurance Plan_GEN617.pdf_98""]","[""Health Companion-Health Insurance Plan_GEN617.pdf_7""]",,0.9999999999666667,1.0,0.8429305071600575,0.8,1.0,1.0,1.0,0.7629046727771908,0.13639055947513318,0.6902654867256637,0.6194690265486726
Q_047,Does the policy cover expenses for organ donor treatment?,"No. The policy covers medical expenses for the donor’s treatment for harvesting the organ but excludes pre-hospitalization, post-hospitalization, screening expenses, and other medical expenses related to harvesting. The coverage is limited to harvesting-related treatment only.","The policy covers medical expenses for an organ donor’s treatment for harvesting the donated organ, provided the donation conforms to the Transplantation of Human Organs Act 1994 and the insured person has been medically advised to undergo an organ transplant.","[""We will cover Medical Expenses for an organ donor\u2019s treatment for the harvesting of the organ donated"", ""(a) Pre-hospitalisation or post-hospitalization Medical Expenses or screening expenses of the donor or any other medical expenses as a result of the harvesting from the donor (b) Costs directly or indirectly associated with the acquisition of the donor\u2019s organ."", ""a. The donation conforms to The Transplantation of Human Organs Act 1994 and the organ is for the use of the Insured Person; b. The Insured Person has been medically advised to undergo an organ transplant;""]","[""We will cover Medical Expenses for an organ donor\u2019s treatment for the harvesting of the organ donated"", ""a. The donation conforms to The Transplantation of Human Organs Act 1994 and the organ is for the use of the Insured Person; b. The Insured Person has been medically advised to undergo an organ transplant;""]",3,2,"[""Health Companion-Health Insurance Plan_GEN617.pdf_8"", ""Health Companion-Health Insurance Plan_GEN617.pdf_10"", ""Health Companion-Health Insurance Plan_GEN617.pdf_9""]","[""Health Companion-Health Insurance Plan_GEN617.pdf_8"", ""Health Companion-Health Insurance Plan_GEN617.pdf_9""]",,0.9999999999666667,1.0,0.8226552426929332,0.14285714285714285,0.5,1.0,0.5,0.8055506111138464,0.0,0.47500000000000003,0.4
Q_048,Are any organ donor related expenses excluded from coverage?,Yes. The policy explicitly excludes reimbursement for medical expenses incurred in connection with organ donation procedures or related complications.,"The policy does not cover pre-hospitalization or post-hospitalization medical expenses, screening expenses of the donor, or costs directly or indirectly associated with the acquisition of the donor’s organ.","[""(a) Pre-hospitalisation or post-hospitalization Medical Expenses or screening expenses of the donor or any other medical expenses as a result of the harvesting from the donor (b) Costs directly or indirectly associated with the acquisition of the donor\u2019s organ."", ""a. The donation conforms to The Transplantation of Human Organs Act 1994 and the organ is for the use of the Insured Person; b. The Insured Person has been medically advised to undergo an organ transplant;""]","[""(a) Pre-hospitalisation or post-hospitalization Medical Expenses or screening expenses of the donor or any other medical expenses as a result of the harvesting from the donor (b) Costs directly or indirectly associated with the acquisition of the donor\u2019s organ.""]",2,1,"[""Health Companion-Health Insurance Plan_GEN617.pdf_10"", ""Health Companion-Health Insurance Plan_GEN617.pdf_9""]","[""Health Companion-Health Insurance Plan_GEN617.pdf_10""]",,0.99999999995,1.0,0.7992492337440981,0.0,0.25,1.0,0.5,0.8044026266308086,0.0,0.28,0.24000000000000002
Q_049,When will emergency ambulance expenses be covered?,Not found,"Ambulance expenses are covered for transferring the insured person by surface transport following an emergency to the nearest hospital with adequate facilities, provided the ambulance service is offered by a healthcare or ambulance service provider and an inpatient hospitalization claim has been accepted.","[""We will cover Reasonable and Customary ambulance expenses incurred to transfer the Insured Person by surface transport following an Emergency to the nearest Hospital with adequate facilities if: a. The ambulance service is offered by a healthcare or ambulance service provider; b. We have accepted an In-patient Hospitalization claim under the provisions of 2.1 above; In the case of Out-Of-Network Hospitalization of the Insured Person Our maximum liability for ambulance expenses is limited to Rs.2,000/- per event.""]","[""We will cover Reasonable and Customary ambulance expenses incurred to transfer the Insured Person by surface transport following an Emergency to the nearest Hospital with adequate facilities if: a. The ambulance service is offered by a healthcare or ambulance service provider; b. We have accepted an In-patient Hospitalization claim under the provisions of 2.1 above; In the case of Out-Of-Network Hospitalization of the Insured Person Our maximum liability for ambulance expenses is limited to Rs.2,000/- per event.""]",1,1,"[""Health Companion-Health Insurance Plan_GEN617.pdf_11""]","[""Health Companion-Health Insurance Plan_GEN617.pdf_11""]",,0.9999999999,1.0,0.0,0.0,0.0,1.0,0.0,0.11647041554575356,0.0,0.0,0.0
Q_050,What happens if an insured person aged 65 or older makes a claim?,"If any Insured Person is 65 years of age or over on the date of commencement of the current Policy Year, We will only pay 80% of any amount We assess for payment or reimbursement in respect of any claim made by that Insured Person. The balance will be borne by the Insured Person.","If an insured person is 65 years of age or older at the start of the policy year, the insurer will pay only 80% of the assessed claim amount and the remaining balance will be borne by the insured person.","[""If any Insured Person is 65 years of age or over on the date of commencement of the current Policy Year, then it is agreed that We will only pay 80% of any amount We assess for payment or reimbursement in respect of any claim made by that Insured Person and the balance will be borne by the Insured Person."", ""The Policy covers reasonable expenses incurred towards medical treatment taken during the Policy Period for an Illness, Accident or condition described below if this is contracted or sustained by an Insured Person during the Policy Period and subject always to the Sum Insured, any subsidiary limit specified in the Product Benefits Table, the terms, conditions, limitations and exclusions mentioned in the Policy and eligibility as per the insurance plan opted for in the Product Benefits Table and as shown in the"", ""Further where Medical Expenses are linked with room rates, Medical Expenses as applicable to the room that is actually occupied or as per room rates entitlement under the plan opted, whichever is lower, shall be payable. (d) It is hereby agreed and understood that in providing pre-authorisation or accepting a claim for reimbursement under this Policy or making a payment under this Policy, We make no representation and/or give no guarantee and/or assume no responsibility for the appropriateness, quality or effectiveness of the treatment sought or provided. n. Alteration to the Policy This Policy constitutes the complete contract of insurance. Any change in the Policy will only be evidenced by a written endorsement signed and stamped by Us. No one except Us can change""]","[""If any Insured Person is 65 years of age or over on the date of commencement of the current Policy Year, then it is agreed that We will only pay 80% of any amount We assess for payment or reimbursement in respect of any claim made by that Insured Person and the balance will be borne by the Insured Person.""]",3,1,"[""Health Companion-Health Insurance Plan_GEN617.pdf_14"", ""Health Companion-Health Insurance Plan_GEN617.pdf_1"", ""Health Companion-Health Insurance Plan_GEN617.pdf_83""]","[""Health Companion-Health Insurance Plan_GEN617.pdf_14""]",,0.9999999999,1.0,0.8098189057240729,1.0,1.0,1.0,1.0,0.9112645801598218,0.15387660309188697,0.6808510638297872,0.6170212765957447
Q_051,How long must you wait before pre-existing conditions are covered under the policy?,48 months,Benefits for pre-existing conditions are not available until 48 months of continuous coverage have elapsed since the inception of the first policy with the insurer.,"[""Def. 23. Out-patient Treatment means treatment given at a hospital, doctors' consulting room, office or Out-patient clinic where Insured Person are not admitted for Day-Care Procedures or In-patient treatment. Def. 24. Policy means these terms and conditions, any annexure thereto and the Schedule of Insurance Certificate (as amended from time to time), Your statements in the proposal form and the Information Summary Sheet and the policy wording (including endorsements, if any). Def. 25. Policy Period means the period between the date of commencement and the expiry date specified shown in the Schedule of Insurance Certificate. Def. 26. Policy Year means the period of one year commencing on the date of commencement specified in the Schedule of Insurance Certificate or any anniversary thereof. Def. 27. Pre-existing Condition means any condition, ailment or injury or related condition(s) for which the Insured Person had signs or symptoms, and / or were diagnosed, and / or received medical advice/ treatment, within 48 months prior to the first Policy issued by Us. Def. 28. Product Benefits Table means the Product Benefits Table issued by Us and accompanying"", ""We shall not be liable under this Policy for any claim in connection with or in respect of the following: a. Pre-Existing Conditions Benefits will not be available for Pre-existing Conditions until 48 months of continuous coverage have"", ""c. Specific Waiting Period The conditions listed below will be subject to a waiting period of 24 months and will be covered from the commencement of the 3rd Policy Year as long as the Insured Person has been insured"", ""(3) We are not bound to continue all terms and conditions of the present cover under the Policy of the Insured Person under the new policy, but for calculation of all waiting periods (including the waiting period provided under General Exclusions in clauses 4(c), 4(d) and the maternity benefit endorsement) under the new policy, the time spent by Insured Person under this Policy may be taken into account, provided new policy is taken""]","[""We shall not be liable under this Policy for any claim in connection with or in respect of the following: a. Pre-Existing Conditions Benefits will not be available for Pre-existing Conditions until 48 months of continuous coverage have"", ""b. 30 Days Initial Waiting Period We will not cover any treatment taken during the first 30 days since the date of commencement of the Policy, unless the treatment needed is the result of an Accident. This waiting period does not apply for""]",4,2,"[""Health Companion-Health Insurance Plan_GEN617.pdf_108"", ""Health Companion-Health Insurance Plan_GEN617.pdf_15"", ""Health Companion-Health Insurance Plan_GEN617.pdf_17"", ""Health Companion-Health Insurance Plan_GEN617.pdf_61""]","[""Health Companion-Health Insurance Plan_GEN617.pdf_15"", ""Health Companion-Health Insurance Plan_GEN617.pdf_16""]",,0.99999999995,1.0,0.24879030383235454,1.0,0.75,1.0,1.0,0.39601797713970943,0.0,0.14285714285714288,0.14285714285714288
Q_052,Is treatment during the first 30 days of the policy covered?,"No. We will not cover any treatment taken during the first 30 days since the date of commencement of the Policy, unless the treatment is needed as a result of an Accident.",Treatment taken during the first 30 days from the commencement of the policy is not covered unless the treatment is required due to an accident.,"[""b. 30 Days Initial Waiting Period We will not cover any treatment taken during the first 30 days since the date of commencement of the Policy, unless the treatment needed is the result of an Accident. This waiting period does not apply for"", ""However, General Exclusion 4(b) shall continue to apply and We will not cover any treatment taken during the first 30 days from the inception of the first Policy with Us, unless the treatment is needed as a result of an Accident.""]","[""b. 30 Days Initial Waiting Period We will not cover any treatment taken during the first 30 days since the date of commencement of the Policy, unless the treatment needed is the result of an Accident. This waiting period does not apply for""]",2,1,"[""Health Companion-Health Insurance Plan_GEN617.pdf_16"", ""Health Companion-Health Insurance Plan_GEN617.pdf_50""]","[""Health Companion-Health Insurance Plan_GEN617.pdf_16""]",,0.99999999995,1.0,0.8742806285225293,1.0,1.0,1.0,1.0,0.8843558189209477,0.0,0.7017543859649122,0.631578947368421
Q_053,What is considered a day care procedure under the policy definition?,"Day Care Procedures are medical treatment and/or surgical procedures undertaken under General or Local Anaesthesia in a hospital/day care centre for a continuous period of less than 24 hours as an inpatient, including those requiring specialized observation or care post-procedure, but not if undertaken on an outpatient basis.",A day care procedure is a medical or surgical procedure undertaken under general or local anesthesia in a hospital or day care centre in less than 24 hours due to technological advancement and which would otherwise have required hospitalization for more than 24 hours.,"[""We will cover Medical Expenses for Day Care Procedures (including Chemotherapy, Radiotherapy, Hemodialysis, any procedure which needs a period of specialized observation or care after completion of the procedure) where such procedures are undertaken by an Insured Person as an In-patient in a Hospital for a continuous period of less than 24 hours. Any procedure undertaken on an out-patient basis in a Hospital will not be covered."", ""\u2022 undertaken under General or Local Anaesthesia in a hospital/day care centre in less than"", ""b) has qualified nursing staff under its employment round the clock; c) has qualified Doctor (s) in charge round the clock; d) has a fully equipped operation theatre of its own where surgical procedures are carried out e) maintains daily records of patients and will make these accessible to the Insurance company\u2019s authorized personnel. Def. 13. Hospitalisation or Hospitalised means the admission as an In-patient into a Hospital for necessary medical treatment for a continuous minimum period of 24 hours as a consequence of"", ""Def. 34. Surgical Operation means manual and / or operative procedure (s) required for treatment of an Illness or injury, correction of deformities and defects, diagnosis and cure of diseases, relief of suffering or prolongation of life, performed in a Hospital or day care centre by a Doctor."", ""(1) The Insured Person has notified Us in writing at least 72 Hours before a planned Hospitalization. In an Emergency the Insured Person should notify Us in writing within 48 hours of Hospitalization; and (2) We have pre-authorized the In-patient Treatment or Day Care Procedure. ii. Cashless treatment will not be available if You take treatment in an Out-Of-Network Hospital. iii. For cashless Hospitalization We will make the payment of the amounts assessed to be due directly to the Network Hospital. The treatment must take place within 15 days of the pre-authorization date and pre-authorization is only valid if all the details of the authorized treatment, including dates, Hospital and locations, match with the details of the actual treatment received. iv. If pre-authorisation is not obtained then the cashless facility will not be available"", ""Def. 11. Grace Period means the specified period of time immediately following the premium due date during which a payment can be made to renew or continue a policy in force without loss of continuity benefits such as waiting periods and coverage of Pre-existing conditions. Coverage is not available for the period for which no premium is received. Def. 12. Hospital means any institution established for in-patient care and day care treatment of sickness and / or injuries and which has been registered as a hospital with the local authorities, wherever applicable, and is under the supervision of a registered and qualified medical""]","[""\u2022 undertaken under General or Local Anaesthesia in a hospital/day care centre in less than"", ""\u2022 which would have otherwise required a hospitalization of more than 24 hours. Treatment normally taken on an out-patient basis is not included in the scope of this definition. Def. 5. Diagnostic Tests: Investigations, such as X-Ray or blood tests, to find the cause of your symptoms and medical condition Def. 6. Deductible: The amount which, in accordance with the terms of the policy, is deducted from the claim amount that would otherwise have been payable and will therefore be borne by the""]",6,2,"[""Health Companion-Health Insurance Plan_GEN617.pdf_6"", ""Health Companion-Health Insurance Plan_GEN617.pdf_95"", ""Health Companion-Health Insurance Plan_GEN617.pdf_102"", ""Health Companion-Health Insurance Plan_GEN617.pdf_111"", ""Health Companion-Health Insurance Plan_GEN617.pdf_75"", ""Health Companion-Health Insurance Plan_GEN617.pdf_100""]","[""Health Companion-Health Insurance Plan_GEN617.pdf_95"", ""Health Companion-Health Insurance Plan_GEN617.pdf_96""]",,0.0,0.5,0.7354131100591915,1.0,0.5,1.0,1.0,0.8832370064052606,0.09917960624548822,0.5684210526315789,0.48421052631578954
Q_054,How is domiciliary treatment defined in the policy?,"Domiciliary treatment means medical treatment for a period exceeding 3 days, for an illness/disease/injury which in the normal course would require care and treatment at a hospital but is taken at home if either the attending doctor confirms the insured person could not be transferred to a hospital or the insured person proves a hospital bed was unavailable. Coverage applies if treatment continues uninterrupted for 3 days.","Domiciliary treatment refers to medical treatment exceeding 3 days for an illness, disease, or injury that would normally require hospital care but is taken at home because the patient cannot be moved to a hospital or due to non-availability of hospital rooms.","[""We will cover Medical Expenses for medical treatment taken at home if this continues for an uninterrupted period of 3 days and the condition for which treatment is taken would otherwise have necessitated hospitalization as long as either (i) the attending Doctor confirms that the Insured Person could not be transferred to a Hospital or (ii) the Insured Person satisfies Us that a Hospital bed was unavailable."", ""days, for an illness/disease/injury which in the normal course would require care and treatment at a Hospital but is actually taken while confined at home under any of the following"", ""\u2022 the condition of the patient is such that he/she is not in a condition to be removed to a hospital, or \u2022 the patient takes treatment at home on account of non availability of room in a hospital. Def. 8. Doctor is a medical practitioner who holds a valid registration from the medical council of any state of India and is thereby entitled to practice medicine within its jurisdiction; and is acting within the scope and jurisdiction of his licence. Def. 9. Emergency means a severe illness or injury which results in symptoms which occur suddenly and unexpectedly, and requires immediate care by a Doctor to prevent death or serious long term impairment of the Insured Person\u2019s health. Def. 10. Family means a unit comprising of upto six members who are related to each other in the""]","[""days, for an illness/disease/injury which in the normal course would require care and treatment at a Hospital but is actually taken while confined at home under any of the following"", ""\u2022 the condition of the patient is such that he/she is not in a condition to be removed to a hospital, or \u2022 the patient takes treatment at home on account of non availability of room in a hospital. Def. 8. Doctor is a medical practitioner who holds a valid registration from the medical council of any state of India and is thereby entitled to practice medicine within its jurisdiction; and is acting within the scope and jurisdiction of his licence. Def. 9. Emergency means a severe illness or injury which results in symptoms which occur suddenly and unexpectedly, and requires immediate care by a Doctor to prevent death or serious long term impairment of the Insured Person\u2019s health. Def. 10. Family means a unit comprising of upto six members who are related to each other in the""]",3,2,"[""Health Companion-Health Insurance Plan_GEN617.pdf_7"", ""Health Companion-Health Insurance Plan_GEN617.pdf_97"", ""Health Companion-Health Insurance Plan_GEN617.pdf_98""]","[""Health Companion-Health Insurance Plan_GEN617.pdf_97"", ""Health Companion-Health Insurance Plan_GEN617.pdf_98""]",,0.9999999999666667,1.0,0.829792358094003,0.8,1.0,1.0,1.0,0.9347813494199118,0.15340405163648504,0.5178571428571429,0.4821428571428572
Q_055,What does the policy mean by an accident?,"Accident or Accidental means a sudden, unforeseen and involuntary event caused by external and visible means which occurs when the policy is in force.","An accident means a sudden, unforeseen and involuntary event caused by external and visible means that occurs while the policy is in force.","[""Def. 1. Accident or Accidental means a sudden, unforeseen and involuntary event caused by external and visible means which occurs when the policy is in force.""]","[""Def. 1. Accident or Accidental means a sudden, unforeseen and involuntary event caused by external and visible means which occurs when the policy is in force.""]",1,1,"[""Health Companion-Health Insurance Plan_GEN617.pdf_93""]","[""Health Companion-Health Insurance Plan_GEN617.pdf_93""]",,0.9999999999,1.0,0.7914704111716219,1.0,1.0,1.0,1.0,0.9209668165351418,0.6969824551964287,0.851063829787234,0.851063829787234
Q_056,What qualifies as a hospital under the policy?,"Network means all such Hospitals, day care centres or other providers that the We have mutually agreed with, to provide services like cashless access to Policyholders. The list is available with Us and subject to amendment from time to time.","A hospital is an institution established for in-patient care and day care treatment that is registered with local authorities, supervised by a qualified medical practitioner, has required inpatient beds depending on population, qualified nursing staff and doctors round the clock, a fully equipped operation theatre, and maintains daily patient records accessible to the insurer.","[""medication, or stay in Hospital or part of a stay in Hospital which: a) is required for the medical management of the illness or injury suffered by the insured; b) must not exceed the level of care necessary to provide safe, adequate and appropriate medical care in scope, duration, or intensity; c) must have been prescribed by a Doctor; d) must conform to the professional standards widely accepted in international medical practice or by the medical community in India. Def. 21. Network means all such Hospitals, day care centres or other providers that the We have mutually agreed with, to provide services like cashless access to Policyholders. The list is available with Us and subject to amendment from time to time. Def. 22. Out-Of-Network means any Hospital, day care centre or other provider that is not part of the Network."", ""b) has qualified nursing staff under its employment round the clock; c) has qualified Doctor (s) in charge round the clock; d) has a fully equipped operation theatre of its own where surgical procedures are carried out e) maintains daily records of patients and will make these accessible to the Insurance company\u2019s authorized personnel. Def. 13. Hospitalisation or Hospitalised means the admission as an In-patient into a Hospital for necessary medical treatment for a continuous minimum period of 24 hours as a consequence of""]","[""Def. 11. Grace Period means the specified period of time immediately following the premium due date during which a payment can be made to renew or continue a policy in force without loss of continuity benefits such as waiting periods and coverage of Pre-existing conditions. Coverage is not available for the period for which no premium is received. Def. 12. Hospital means any institution established for in-patient care and day care treatment of sickness and / or injuries and which has been registered as a hospital with the local authorities, wherever applicable, and is under the supervision of a registered and qualified medical"", ""a) has at least 10 inpatient beds, in those towns having a population of less than 10,00,000 and"", ""b) has qualified nursing staff under its employment round the clock; c) has qualified Doctor (s) in charge round the clock; d) has a fully equipped operation theatre of its own where surgical procedures are carried out e) maintains daily records of patients and will make these accessible to the Insurance company\u2019s authorized personnel. Def. 13. Hospitalisation or Hospitalised means the admission as an In-patient into a Hospital for necessary medical treatment for a continuous minimum period of 24 hours as a consequence of""]",2,3,"[""Health Companion-Health Insurance Plan_GEN617.pdf_107"", ""Health Companion-Health Insurance Plan_GEN617.pdf_102""]","[""Health Companion-Health Insurance Plan_GEN617.pdf_100"", ""Health Companion-Health Insurance Plan_GEN617.pdf_101"", ""Health Companion-Health Insurance Plan_GEN617.pdf_102""]",,0.99999999995,1.0,0.0,1.0,0.0,1.0,1.0,0.4373838434783758,0.012044940561575011,0.23157894736842108,0.16842105263157894
Q_057,What is the grace period for renewing the policy premium?,We are under no obligation to notify You of the renewal date of Your Policy. We will allow a Grace Period of 30 days from the due date of the renewal premium for payment to Us.,"The grace period is the specified period immediately following the premium due date during which payment can be made to renew the policy without losing continuity benefits such as waiting periods and coverage of pre-existing conditions, although coverage is not available for the period for which no premium is received.","[""i. Territorial Jurisdiction All benefits are available in India only, and all claims shall be payable in India in Indian Rupees only. j. Policy Disputes Any dispute concerning the interpretation of the terms, conditions, limitations and/or exclusions contained herein shall be governed by Indian law and shall be subject to the jurisdiction of the Indian Courts. k. Renewal of Policy The renewal premium is payable on or before the due date in the amount shown in the Schedule of Insurance Certificate or at such altered rate as may be reviewed and notified by Us before completion of the Policy Period. We are under no obligation to notify You of the renewal date of Your Policy. We will allow a Grace Period of 30 days from the due date of the renewal premium for payment to Us. If the Policy is not renewed within the Grace Period then We may agree to issue a fresh policy subject to Our underwriting criteria and no continuing benefits shall be available from"", ""Def. 11. Grace Period means the specified period of time immediately following the premium due date during which a payment can be made to renew or continue a policy in force without loss of continuity benefits such as waiting periods and coverage of Pre-existing conditions. Coverage is not available for the period for which no premium is received. Def. 12. Hospital means any institution established for in-patient care and day care treatment of sickness and / or injuries and which has been registered as a hospital with the local authorities, wherever applicable, and is under the supervision of a registered and qualified medical""]","[""Def. 11. Grace Period means the specified period of time immediately following the premium due date during which a payment can be made to renew or continue a policy in force without loss of continuity benefits such as waiting periods and coverage of Pre-existing conditions. Coverage is not available for the period for which no premium is received. Def. 12. Hospital means any institution established for in-patient care and day care treatment of sickness and / or injuries and which has been registered as a hospital with the local authorities, wherever applicable, and is under the supervision of a registered and qualified medical""]",2,1,"[""Health Companion-Health Insurance Plan_GEN617.pdf_70"", ""Health Companion-Health Insurance Plan_GEN617.pdf_100""]","[""Health Companion-Health Insurance Plan_GEN617.pdf_100""]",,0.99999999995,1.0,0.5444019296565438,1.0,0.5,1.0,1.0,0.6871685417341415,0.00333504587565753,0.3448275862068966,0.20689655172413793
Q_058,How can an insured person access cashless hospitalization?,"To initiate cashless treatment for inpatient hospitalization, the Insured Person must notify the insurer in writing at least 72 hours before a planned hospitalization. In an emergency, notification must be made within 48 hours of hospitalization. The insurer must pre-authorize the inpatient treatment or day care procedure before admission. Cashless treatment is only available if the treatment occurs within 15 days of pre-authorization and all details (dates, hospital, and location) match the authorized treatment. If pre-authorization is not obtained, cashless facility will not be available.","Cashless hospitalization can be accessed at a network hospital by producing the health card prior to admission, notifying the insurer at least 72 hours before planned hospitalization or within 48 hours in an emergency, and obtaining pre-authorization for inpatient treatment or day care procedures.","[""i. The health card We provide will enable an Insured Person to access treatment on a cashless basis only at any Network Hospital on the production of the card to the"", ""(1) The Insured Person has notified Us in writing at least 72 Hours before a planned Hospitalization. In an Emergency the Insured Person should notify Us in writing within 48 hours of Hospitalization; and (2) We have pre-authorized the In-patient Treatment or Day Care Procedure. ii. Cashless treatment will not be available if You take treatment in an Out-Of-Network Hospital. iii. For cashless Hospitalization We will make the payment of the amounts assessed to be due directly to the Network Hospital. The treatment must take place within 15 days of the pre-authorization date and pre-authorization is only valid if all the details of the authorized treatment, including dates, Hospital and locations, match with the details of the actual treatment received. iv. If pre-authorisation is not obtained then the cashless facility will not be available""]","[""i. The health card We provide will enable an Insured Person to access treatment on a cashless basis only at any Network Hospital on the production of the card to the"", ""(1) The Insured Person has notified Us in writing at least 72 Hours before a planned Hospitalization. In an Emergency the Insured Person should notify Us in writing within 48 hours of Hospitalization; and (2) We have pre-authorized the In-patient Treatment or Day Care Procedure. ii. Cashless treatment will not be available if You take treatment in an Out-Of-Network Hospital. iii. For cashless Hospitalization We will make the payment of the amounts assessed to be due directly to the Network Hospital. The treatment must take place within 15 days of the pre-authorization date and pre-authorization is only valid if all the details of the authorized treatment, including dates, Hospital and locations, match with the details of the actual treatment received. iv. If pre-authorisation is not obtained then the cashless facility will not be available""]",2,2,"[""Health Companion-Health Insurance Plan_GEN617.pdf_74"", ""Health Companion-Health Insurance Plan_GEN617.pdf_75""]","[""Health Companion-Health Insurance Plan_GEN617.pdf_74"", ""Health Companion-Health Insurance Plan_GEN617.pdf_75""]",,0.49999999995,1.0,0.7401432300893241,1.0,0.5,1.0,1.0,0.816774186075973,0.09134188442614034,0.5263157894736841,0.3609022556390977
Q_059,What documents are required when submitting a reimbursement claim after hospitalization?,"1. Duly filled claim form
2. Original bills, receipts and discharge certificate/card from the Hospital/Doctor
3. Original bills from chemists supported by proper prescription
4. Original investigation test reports and payment receipts
5. Doctor's referral letter advising hospitalization in non-Accident cases
6. Details of any other insurance policy that may respond to the claim
7. First Information Report (FIR) for medico-legal cases","Required documents include a duly filled claim form, original hospital bills and discharge certificate, original chemist bills with prescriptions, investigation test reports with receipts, doctor’s referral letter for hospitalization in non-accident cases, details of any other insurance policy, and an FIR for medico-legal cases.","[""(2) Original bills, receipts and discharge certificate/card from the Hospital/ Doctor. (3) Original bills from chemists supported by proper prescription. (4) Original investigation test reports and payment receipts. (5) Doctor's referral letter advising hospitalization in non-Accident cases. (6) Details of any other insurance policy that may respond to the claim. (7) First Information Report (FIR) for medico-legal cases. iii. For any medical treatment taken from an Out-Of-Network Hospital We will only pay Medical Expenses which are Reasonable and Customary. (c) For Network and Out-Of-Network Hospitals"", ""ii. For any Illness or Accident or medical condition that requires Hospitalization, the Insured Person shall deliver to Us the documents listed below, at his own expense, within 30 days of the Insured Person's discharge from Hospital (when the claim is only in respect of post-hospitalization, within 30 days of the completion of the post-""]","[""ii. For any Illness or Accident or medical condition that requires Hospitalization, the Insured Person shall deliver to Us the documents listed below, at his own expense, within 30 days of the Insured Person's discharge from Hospital (when the claim is only in respect of post-hospitalization, within 30 days of the completion of the post-"", ""(2) Original bills, receipts and discharge certificate/card from the Hospital/ Doctor. (3) Original bills from chemists supported by proper prescription. (4) Original investigation test reports and payment receipts. (5) Doctor's referral letter advising hospitalization in non-Accident cases. (6) Details of any other insurance policy that may respond to the claim. (7) First Information Report (FIR) for medico-legal cases. iii. For any medical treatment taken from an Out-Of-Network Hospital We will only pay Medical Expenses which are Reasonable and Customary. (c) For Network and Out-Of-Network Hospitals""]",2,2,"[""Health Companion-Health Insurance Plan_GEN617.pdf_80"", ""Health Companion-Health Insurance Plan_GEN617.pdf_79""]","[""Health Companion-Health Insurance Plan_GEN617.pdf_79"", ""Health Companion-Health Insurance Plan_GEN617.pdf_80""]",,0.99999999995,1.0,0.6596369945047723,0.8571428571428571,1.0,1.0,1.0,0.9078987457282022,0.0,0.6842105263157895,0.631578947368421
Q_060,Can the insured person cancel the policy during the policy period?,"You may terminate this Policy during the Policy Period by giving Us at least 30 days prior written notice, provided no claim has been made under the Policy by or on behalf of any Insured Person. You can also cancel the Policy within 15 days from the date of receipt of the Policy document (free look provision) if you have objections to any terms, with no claims made and refunds adjusted for medical check-up, stamp duty, and proportionate risk premium.","The insured person may terminate the policy during the policy period by giving at least 30 days prior written notice, and the insurer will cancel the policy and refund the premium for the remaining period provided no claim has been made.","[""You may terminate this Policy during the Policy Period by giving Us at least 30 days prior written notice. We shall cancel the Policy and refund the premium for the balance of the Policy Period in accordance with the table below provided that no claim has been made under the Policy by or on behalf of any Insured Person."", ""If You have any objections to any of the terms and conditions, You have the option of canceling the Policy stating the reasons for cancellation and You shall be refunded the premium paid by You after adjusting the amounts spent on any medical check-up, stamp duty charges and proportionate risk premium. You can cancel your Policy only if no claims have been made under the Policy. The Insured Persons and Your rights under this Policy shall immediately stand extinguished on the free look cancellation of the Policy. Free look provision is not applicable and available at the time of renewal of the Policy. g. Portability Benefit i. From another company to Our Policy (i) If the proposed Insured Person was insured continuously and without a break under another Indian retail health insurance policy with any other Indian Insurance company, then General Exclusion 4(a) of the Policy stands deleted"", ""e. Fraudulent claims If a claim is in any way found to be fraudulent, or if any false statement, or declaration is made or used in support of such a claim, or if any fraudulent means or devices are used by the Insured Person or anyone acting on behalf of the Insured Person to obtain any benefit under this Policy, then this Policy shall be void and all claims being processed shall be forfeited for all Insured Persons and all sums paid under this Policy shall be repaid to Us by all Insured Persons who shall be jointly liable for such repayment. f. Free Look Provision You have a period of 15 days from the date of receipt of the Policy document to review the terms and conditions of this Policy. If You have any objections to any of the terms and conditions, You have the option of canceling the Policy stating the reasons for cancellation and You shall be refunded the premium paid by You after adjusting the amounts spent on any medical check-up, stamp duty charges and proportionate risk premium. You can cancel your Policy only if no claims have been made under the Policy."", ""Without prejudice to the above, We may terminate this Policy during the Policy Period by sending 30 days prior written notice to Your address shown in the Schedule of Insurance""]","[""You may terminate this Policy during the Policy Period by giving Us at least 30 days prior written notice. We shall cancel the Policy and refund the premium for the balance of the Policy Period in accordance with the table below provided that no claim has been made under the Policy by or on behalf of any Insured Person.""]",4,1,"[""Health Companion-Health Insurance Plan_GEN617.pdf_64"", ""Health Companion-Health Insurance Plan_GEN617.pdf_47"", ""Health Companion-Health Insurance Plan_GEN617.pdf_46"", ""Health Companion-Health Insurance Plan_GEN617.pdf_67""]","[""Health Companion-Health Insurance Plan_GEN617.pdf_64""]",,0.99999999995,1.0,0.5982244963105665,1.0,0.5,1.0,1.0,0.7991094298785824,0.3019334340098112,0.5737704918032787,0.42622950819672134
Q_061,What expenses are covered under room charges during hospitalization?,"Part of room charge for television & air conditioner is payable under room. House keeping charges, attendant charges, surcharges, and nursing charge also charged separately are not payable separately. Part of room charge for cervical collar, splint, knee braces (long/short/hinged), knee immobilizer/shoulder immobilizer, and lumbo sacral belt (essential and levied specifically for cases who have undergone surgery of lumbar spine) are not payable separately.","Room, boarding including nursing care, RMO charges, and administration charges for IV fluids/blood transfusion/injection are covered.","[""patient) sub limits CERVICAL COLLAR Not Payable HVAC Part of room charge SPLINT Not Payable not payable separately DIABETIC FOOT WEAR Not Payable HOUSE KEEPING CHARGES Part of room charge KNEE BRACES ( LONG/ SHORT/ Not Payable not payable separately HINGED) SERVICE CHARGES WHERE Part of room charge KNEE IMMOBILIZER/SHOULDER Not Payable NURSING CHARGE ALSO CHARGED not payable separately IMMOBILIZER TELEVISION & AIR CONDITIONER Payable under room LUMBO SACRAL BELT Essential and should CHARGES charges not if be paid at least separately levied specifically for cases SURCHARGES Part of Room Charge, who have undergone Not payable separately surgery of lumbar ATTENDANT CHARGES Not Payable - Part of spine."", ""Now the policy witnesses that, subject to the terms, definition, exclusions and conditions contained herein or endorsed or otherwise expressed hereon, the company undertakes that if during the policy period stated in the schedule or during the continuance of the policy by renewal, any insured person shall contract any disease or suffer any illness (herein after called disease) or sustain any bodily injury due to an accident (herein after called injury) and if such disease or injury shall require any such insured person, upon the advice of a duly qualified medical practitioner to be hospitalised for treatment at any hospital/nursing home (herein after called hospital) in India as an inpatient, the company will pay to the hospital or reimburse the insured person, the amount of such expenses described below, reasonably, customarily and necessarily incurred in respect thereof by or on behalf of such insured person but not exceeding the sum insured for the insured person in respect of all such""]","[""Room, boarding including nursing care, RMO charges, administration charges for IV 2.1 for any one illness - 25% of fluids/blood transfusion/injection. sum insured Room charges Limit: 1% of sum insured per day subject to maximum of `5,000. If admitted in intensive care unit (ICU) - 2% of sum insured per day subject to maximum of `10,000.""]",2,1,"[""National Mediclaim Policy.pdf_165"", ""National Mediclaim Policy.pdf_8""]","[""National Mediclaim Policy.pdf_9""]",,0.49999999995,0.0,0.0,1.0,0.0,1.0,1.0,0.5615519043975137,0.01325396255832264,0.16666666666666666,0.14285714285714288
Q_062,How much of the sum insured can be used for medical practitioner fees?,Maximum limit for reimbursement of consultation charges with medical practitioners is 25% of the sum insured for any one illness.,"Surgeon, anaesthetist, medical practitioner, consultants, and specialist’s fees are covered up to 25% of the sum insured for any one illness.","[""Surgeon, anaesthetist, medical practitioner, consultants, specialist\u2019s fees. 2.2 for any one illness -25% of sum insured""]","[""Surgeon, anaesthetist, medical practitioner, consultants, specialist\u2019s fees. 2.2 for any one illness -25% of sum insured""]",1,1,"[""National Mediclaim Policy.pdf_10""]","[""National Mediclaim Policy.pdf_10""]",,0.9999999999,1.0,0.6156754028735905,1.0,0.75,1.0,1.0,0.7010310682317619,0.3752483153920131,0.5714285714285713,0.5238095238095238
Q_063,Are ambulance charges reimbursed under the policy?,"The policy covers reimbursement of ambulance charges up to 1% of the sum insured, subject to condition a.","Ambulance charges are reimbursed up to 1% of the sum insured subject to a maximum of ₹2,000 in a policy period.","[""i. Anaesthesia, blood, oxygen, operation theatre charges 2.3 for any one illness- 50% of ii. Surgical appliances sum insured iii. Medicines, drugs iv. Diagnostic test v. Pacemaker, artificial limbs, stent and implant vi. Dialysis vii. Chemotherapy viii. Radiotherapy ix. Hospitalisation expense for organ donor\u2019s treatment during the course of organ transplant provided that a. The donation conforms to The Transplantation of Human Organs Act 1994 and the organ is for the use of the insured person b. The insured person has been medically advised to undergo an organ transplant x. Reimbursement of ambulance charges - 1% of sum insured subject to a""]","[""i. Anaesthesia, blood, oxygen, operation theatre charges 2.3 for any one illness- 50% of ii. Surgical appliances sum insured iii. Medicines, drugs iv. Diagnostic test v. Pacemaker, artificial limbs, stent and implant vi. Dialysis vii. Chemotherapy viii. Radiotherapy ix. Hospitalisation expense for organ donor\u2019s treatment during the course of organ transplant provided that a. The donation conforms to The Transplantation of Human Organs Act 1994 and the organ is for the use of the insured person b. The insured person has been medically advised to undergo an organ transplant x. Reimbursement of ambulance charges - 1% of sum insured subject to a"", ""Ayurveda and Homeopathy Expenses incurred for Ayurveda and Homeopathy treatment are admissible up to 20% of the sum insured for any one illness. Sub limit (as mentioned in 2.1, 2.2, and 2.3) will not apply in case of i. Hospitalisation in a preferred provider network (PPN) ii. Ayurveda and Homeopathy treatment""]",1,2,"[""National Mediclaim Policy.pdf_11""]","[""National Mediclaim Policy.pdf_11"", ""National Mediclaim Policy.pdf_12""]",,0.9999999999,0.0,0.8334409630131953,1.0,0.5,1.0,1.0,0.8319686441843678,0.36173905261890993,0.7499999999999999,0.6
Q_064,Is Ayurveda treatment covered in this policy?,Ayurveda and Homeopathy treatment expenses are admissible up to 20% of the sum insured for any one illness. Sub limits do not apply for Ayurveda and Homeopathy treatment.,Expenses incurred for Ayurveda and Homeopathy treatment are admissible up to 20% of the sum insured for any one illness.,"[""Ayurveda and Homeopathy Expenses incurred for Ayurveda and Homeopathy treatment are admissible up to 20% of the sum insured for any one illness. Sub limit (as mentioned in 2.1, 2.2, and 2.3) will not apply in case of i. Hospitalisation in a preferred provider network (PPN) ii. Ayurveda and Homeopathy treatment"", ""3.1 Accident means a sudden, unforeseen and involuntary event caused by external, visible and violent means. 3.2 Alternative treatment means forms of treatments other than \""Allopathy\"" or \""modem medicine\"" and includes Ayurveda, Unani, Sidha and Homeopathy in the Indian context. 3.3 Any one illness means continuous period of illness and it includes relapse within 45 days from the date of last consultation with the hospital/nursing home where treatment has been taken. 3.4 Break in policy occurs at the end of the existing policy period when the premium due on a given policy is not paid on or before the renewal date or within 30 days of grace period. 3.5 Cashless facility means a facility extended by the company to the insured person where the payment of the cost of treatment undergone by the insured person in accordance with the policy terms and conditions, is directly made to the network provider by the company to the extent of pre-authorization approval 3.6 Contract means the prospectus, proposal, policy, policy schedule, and declaration given by the insured person.""]","[""Ayurveda and Homeopathy Expenses incurred for Ayurveda and Homeopathy treatment are admissible up to 20% of the sum insured for any one illness. Sub limit (as mentioned in 2.1, 2.2, and 2.3) will not apply in case of i. Hospitalisation in a preferred provider network (PPN) ii. Ayurveda and Homeopathy treatment""]",2,1,"[""National Mediclaim Policy.pdf_12"", ""National Mediclaim Policy.pdf_17""]","[""National Mediclaim Policy.pdf_12""]",,0.99999999995,1.0,0.7463233896752662,1.0,0.75,1.0,1.0,0.9312728787695415,0.725193456770732,0.7916666666666667,0.7083333333333333
Q_065,How does the cumulative bonus work if I don’t make a claim?,"Sum insured (excluding CB) will be increased by 5% in respect of each claim free policy period (no claims are reported), provided the policy is continuously renewed with the company without a break subject to maximum of 50% of the sum insured (excluding CB).","The sum insured (excluding cumulative bonus) increases by 5% for each claim-free policy period, provided the policy is continuously renewed without a break, subject to a maximum of 50% of the sum insured.","[""Sum insured (excluding CB) will be increased by 5% in respect of each claim free policy period (no claims are reported), provided the policy is continuously renewed with the company without a break subject to maximum of 50% of the sum insured (excluding"", ""3.26 Pre-existing disease means any condition, ailment or injury or related condition(s) for which the insured person had signs or symptoms and/or was diagnosed and/or received medical advice/ treatment within 48 months prior to the first policy issued by the company. 3.27 Portability means transfer by an individual health insurance policy holder (including family cover) of the credit gained for pre-existing conditions and time bound exclusions if the policy holder chooses to switch from one insurer to another. 3.28 Qualified nurse means a person who holds a valid registration from the Nursing Council of India or the Nursing Council of any state in India. 3.29 Reasonable and Customary charges means the charges for services or supplies, which are the standard charges for the specific provider and consistent with the prevailing charges in the geographical area for identical or similar services, taking into account the nature of the illness / injury involved. 3.30 Sum insured means the sum insured and the cumulative bonus accrued in respect of each insured person as mentioned in the schedule. The sum insured represents maximum liability for each insured person for any and all benefits claimed during the policy period.""]","[""Sum insured (excluding CB) will be increased by 5% in respect of each claim free policy period (no claims are reported), provided the policy is continuously renewed with the company without a break subject to maximum of 50% of the sum insured (excluding"", ""In case of claim under the policy in respect of insured person who has earned the CB, the increased percentage (CB) will be reduced by 5% of sum insured (excluding CB) on the next renewal. However sum insured (excluding CB) will be maintained and not be reduced.""]",2,2,"[""National Mediclaim Policy.pdf_14"", ""National Mediclaim Policy.pdf_31""]","[""National Mediclaim Policy.pdf_14"", ""National Mediclaim Policy.pdf_15""]",,0.9999999999,1.0,0.5280071442954141,1.0,1.0,1.0,1.0,0.878378917137412,0.33678851627048734,0.7692307692307693,0.7435897435897436
Q_066,What happens to the cumulative bonus if I make a claim after earning it?,"In case of claim under the policy in respect of insured person who has earned the CB, the increased percentage (CB) will be reduced by 5% of sum insured (excluding CB) on the next renewal. However sum insured (excluding CB) will be maintained and not be reduced.","If a claim is made, the increased cumulative bonus will be reduced by 5% of the sum insured (excluding CB) on the next renewal, while the base sum insured remains unchanged.","[""Sum insured (excluding CB) will be increased by 5% in respect of each claim free policy period (no claims are reported), provided the policy is continuously renewed with the company without a break subject to maximum of 50% of the sum insured (excluding"", ""In case of claim under the policy in respect of insured person who has earned the CB, the increased percentage (CB) will be reduced by 5% of sum insured (excluding CB) on the next renewal. However sum insured (excluding CB) will be maintained and not be reduced.""]","[""In case of claim under the policy in respect of insured person who has earned the CB, the increased percentage (CB) will be reduced by 5% of sum insured (excluding CB) on the next renewal. However sum insured (excluding CB) will be maintained and not be reduced.""]",2,1,"[""National Mediclaim Policy.pdf_14"", ""National Mediclaim Policy.pdf_15""]","[""National Mediclaim Policy.pdf_15""]",,0.49999999995,1.0,0.538978631120652,1.0,1.0,1.0,1.0,0.765366064176247,0.4009795351710138,0.5384615384615384,0.48717948717948717
Q_067,When can I claim reimbursement for a health checkup?,Expenses of health checkup will be reimbursed once at the end of a block of four continuous policy periods provided no claims are reported during the block and the policy has been continuously renewed without a break. Claim for health checkup benefits may be lodged at least 45 days before the expiry of the fifth policy period. Maximum reimbursement is 1% of the average sum insured (excluding CB) of the block. There is no explicit mention of a waiting period or pre-existing condition clause for preventive health checkup claims in the provided context.,Health checkup expenses are reimbursed once at the end of a block of four continuous policy periods provided no claims were reported and the policy was continuously renewed without a break.,"[""Expenses of health checkup will be reimbursed once at the end of a block of four continuous policy periods provided no claims are reported during the block and the policy has been continuously renewed with the company without a break. Expenses payable is a maximum of 1% of the average sum insured (excluding CB) of the block. Claim for health checkup benefits may be lodged at least 45 days before the expiry of the fifth policy period."", ""In the event of a claim lodged as per clause 5.9 of the policy and the original documents having been submitted to the other insurer, the company may accept the documents listed under clause 5.5.4 of the policy and claim settlement advice duly certified by the other insurer subject to satisfaction of the company. Type of claim Time limit for submission of documents to company/TPA Reimbursement of hospitalisation and pre hospitalisation Within 15 days of date of discharge from hospital expenses Reimbursement of post hospitalisation expenses Within 15 days from completion of post hospitalisation treatment Reimbursement of health checkup expenses (as per Good At least 45 days before the expiry of the fifth policy period.""]","[""Expenses of health checkup will be reimbursed once at the end of a block of four continuous policy periods provided no claims are reported during the block and the policy has been continuously renewed with the company without a break. Expenses payable is a maximum of 1% of the average sum insured (excluding CB) of the block. Claim for health checkup benefits may be lodged at least 45 days before the expiry of the fifth policy period.""]",2,1,"[""National Mediclaim Policy.pdf_16"", ""National Mediclaim Policy.pdf_74""]","[""National Mediclaim Policy.pdf_16""]",,0.9999999999,1.0,0.8262463922452276,1.0,0.5,1.0,1.0,0.8235766013260257,0.5574730912549846,0.464,0.43200000000000005
Q_068,What qualifies as an accident under this policy?,"An ""accidental bodily injury"" is defined as a sudden, unforeseen and involuntary event caused by external, visible and violent means. This is distinguished from pre-existing conditions or routine medical events because pre-existing diseases are any condition, ailment or injury for which the insured had signs or symptoms and/or was diagnosed and/or received medical advice/treatment within 48 months prior to the first policy issued. Additionally, complications arising from pre-existing ailments are considered part of the pre-existing health condition.","An accident means a sudden, unforeseen and involuntary event caused by external, visible and violent means.","[""3.1 Accident means a sudden, unforeseen and involuntary event caused by external, visible and violent means. 3.2 Alternative treatment means forms of treatments other than \""Allopathy\"" or \""modem medicine\"" and includes Ayurveda, Unani, Sidha and Homeopathy in the Indian context. 3.3 Any one illness means continuous period of illness and it includes relapse within 45 days from the date of last consultation with the hospital/nursing home where treatment has been taken. 3.4 Break in policy occurs at the end of the existing policy period when the premium due on a given policy is not paid on or before the renewal date or within 30 days of grace period. 3.5 Cashless facility means a facility extended by the company to the insured person where the payment of the cost of treatment undergone by the insured person in accordance with the policy terms and conditions, is directly made to the network provider by the company to the extent of pre-authorization approval 3.6 Contract means the prospectus, proposal, policy, policy schedule, and declaration given by the insured person."", ""3.26 Pre-existing disease means any condition, ailment or injury or related condition(s) for which the insured person had signs or symptoms and/or was diagnosed and/or received medical advice/ treatment within 48 months prior to the first policy issued by the company. 3.27 Portability means transfer by an individual health insurance policy holder (including family cover) of the credit gained for pre-existing conditions and time bound exclusions if the policy holder chooses to switch from one insurer to another. 3.28 Qualified nurse means a person who holds a valid registration from the Nursing Council of India or the Nursing Council of any state in India. 3.29 Reasonable and Customary charges means the charges for services or supplies, which are the standard charges for the specific provider and consistent with the prevailing charges in the geographical area for identical or similar services, taking into account the nature of the illness / injury involved. 3.30 Sum insured means the sum insured and the cumulative bonus accrued in respect of each insured person as mentioned in the schedule. The sum insured represents maximum liability for each insured person for any and all benefits claimed during the policy period."", ""All pre-existing diseases when the cover incepts for the first time until 48 months of continuous coverage has elapsed. Any complication arising from pre-existing ailment/disease/injuries will be considered as a part of the pre existing health condition or disease. To illustrate if a person is suffering from either hypertension or diabetes or both at the time of taking the policy, then policy shall""]","[""3.1 Accident means a sudden, unforeseen and involuntary event caused by external, visible and violent means. 3.2 Alternative treatment means forms of treatments other than \""Allopathy\"" or \""modem medicine\"" and includes Ayurveda, Unani, Sidha and Homeopathy in the Indian context. 3.3 Any one illness means continuous period of illness and it includes relapse within 45 days from the date of last consultation with the hospital/nursing home where treatment has been taken. 3.4 Break in policy occurs at the end of the existing policy period when the premium due on a given policy is not paid on or before the renewal date or within 30 days of grace period. 3.5 Cashless facility means a facility extended by the company to the insured person where the payment of the cost of treatment undergone by the insured person in accordance with the policy terms and conditions, is directly made to the network provider by the company to the extent of pre-authorization approval 3.6 Contract means the prospectus, proposal, policy, policy schedule, and declaration given by the insured person.""]",3,1,"[""National Mediclaim Policy.pdf_17"", ""National Mediclaim Policy.pdf_31"", ""National Mediclaim Policy.pdf_35""]","[""National Mediclaim Policy.pdf_17""]",,0.9999999999,1.0,0.5324867347090421,0.8571428571428571,0.5,1.0,1.0,0.6605090496328094,0.6084121675336109,0.27999999999999997,0.27999999999999997
Q_069,What is considered a pre-existing disease in this policy?,"A pre-existing disease is any condition, ailment or injury or related condition(s) for which the insured person had signs or symptoms and/or was diagnosed and/or received medical advice/treatment within 48 months prior to the first policy issued by the company. All pre-existing diseases are covered only after 48 months of continuous coverage has elapsed. Any complication arising from a pre-existing ailment/disease/injuries is considered part of the pre-existing condition. Waiting period for pre-existing conditions is 48 months from the inception of the first policy.","A pre-existing disease is any condition, ailment, injury or related condition for which the insured person had signs or symptoms or was diagnosed or received medical advice or treatment within 48 months prior to the first policy issued by the company.","[""All pre-existing diseases when the cover incepts for the first time until 48 months of continuous coverage has elapsed. Any complication arising from pre-existing ailment/disease/injuries will be considered as a part of the pre existing health condition or disease. To illustrate if a person is suffering from either hypertension or diabetes or both at the time of taking the policy, then policy shall"", ""3.26 Pre-existing disease means any condition, ailment or injury or related condition(s) for which the insured person had signs or symptoms and/or was diagnosed and/or received medical advice/ treatment within 48 months prior to the first policy issued by the company. 3.27 Portability means transfer by an individual health insurance policy holder (including family cover) of the credit gained for pre-existing conditions and time bound exclusions if the policy holder chooses to switch from one insurer to another. 3.28 Qualified nurse means a person who holds a valid registration from the Nursing Council of India or the Nursing Council of any state in India. 3.29 Reasonable and Customary charges means the charges for services or supplies, which are the standard charges for the specific provider and consistent with the prevailing charges in the geographical area for identical or similar services, taking into account the nature of the illness / injury involved. 3.30 Sum insured means the sum insured and the cumulative bonus accrued in respect of each insured person as mentioned in the schedule. The sum insured represents maximum liability for each insured person for any and all benefits claimed during the policy period."", ""3.32 Third Party Administrator (TPA) means any entity, licenced under the IRDA (Third Party Administrators - Health Services) Regulations, 2001 by the Authority, and is engaged, for a fee by the company for the purpose of providing health services. 3.33 Unproven/ Experimental treatment means treatment, including drug experimental therapy, which is not based on established medical practice in India, is experimental or unproven. 3.34 Waiting period means a period from the inception of the first policy during which specified diseases/treatment is not covered. On completion of the period, diseases/treatment will be covered provided the policy has been continuously renewed without any break.""]","[""3.26 Pre-existing disease means any condition, ailment or injury or related condition(s) for which the insured person had signs or symptoms and/or was diagnosed and/or received medical advice/ treatment within 48 months prior to the first policy issued by the company. 3.27 Portability means transfer by an individual health insurance policy holder (including family cover) of the credit gained for pre-existing conditions and time bound exclusions if the policy holder chooses to switch from one insurer to another. 3.28 Qualified nurse means a person who holds a valid registration from the Nursing Council of India or the Nursing Council of any state in India. 3.29 Reasonable and Customary charges means the charges for services or supplies, which are the standard charges for the specific provider and consistent with the prevailing charges in the geographical area for identical or similar services, taking into account the nature of the illness / injury involved. 3.30 Sum insured means the sum insured and the cumulative bonus accrued in respect of each insured person as mentioned in the schedule. The sum insured represents maximum liability for each insured person for any and all benefits claimed during the policy period.""]",3,1,"[""National Mediclaim Policy.pdf_35"", ""National Mediclaim Policy.pdf_31"", ""National Mediclaim Policy.pdf_33""]","[""National Mediclaim Policy.pdf_31""]",,0.99999999995,1.0,0.8537725089468015,0.8571428571428571,0.75,1.0,1.0,0.8985375416377559,0.6489847581939487,0.6176470588235294,0.6029411764705882
Q_070,What does the policy mean by waiting period?,"A pre-existing condition waiting period is defined as 48 months from the inception of the first policy during which specified diseases/treatments are not covered. Any condition, ailment, or injury for which the insured person had signs or symptoms, was diagnosed, or received medical advice/treatment within 48 months prior to the first policy is considered a pre-existing disease. Inpatient hospitalization or outpatient treatment for pre-existing conditions is not covered until 48 months of continuous coverage has elapsed.","Waiting period means the period from the inception of the first policy during which specified diseases or treatments are not covered, and after completion they will be covered provided the policy has been continuously renewed without a break.","[""All pre-existing diseases when the cover incepts for the first time until 48 months of continuous coverage has elapsed. Any complication arising from pre-existing ailment/disease/injuries will be considered as a part of the pre existing health condition or disease. To illustrate if a person is suffering from either hypertension or diabetes or both at the time of taking the policy, then policy shall"", ""3.26 Pre-existing disease means any condition, ailment or injury or related condition(s) for which the insured person had signs or symptoms and/or was diagnosed and/or received medical advice/ treatment within 48 months prior to the first policy issued by the company. 3.27 Portability means transfer by an individual health insurance policy holder (including family cover) of the credit gained for pre-existing conditions and time bound exclusions if the policy holder chooses to switch from one insurer to another. 3.28 Qualified nurse means a person who holds a valid registration from the Nursing Council of India or the Nursing Council of any state in India. 3.29 Reasonable and Customary charges means the charges for services or supplies, which are the standard charges for the specific provider and consistent with the prevailing charges in the geographical area for identical or similar services, taking into account the nature of the illness / injury involved. 3.30 Sum insured means the sum insured and the cumulative bonus accrued in respect of each insured person as mentioned in the schedule. The sum insured represents maximum liability for each insured person for any and all benefits claimed during the policy period."", ""3.32 Third Party Administrator (TPA) means any entity, licenced under the IRDA (Third Party Administrators - Health Services) Regulations, 2001 by the Authority, and is engaged, for a fee by the company for the purpose of providing health services. 3.33 Unproven/ Experimental treatment means treatment, including drug experimental therapy, which is not based on established medical practice in India, is experimental or unproven. 3.34 Waiting period means a period from the inception of the first policy during which specified diseases/treatment is not covered. On completion of the period, diseases/treatment will be covered provided the policy has been continuously renewed without any break.""]","[""3.32 Third Party Administrator (TPA) means any entity, licenced under the IRDA (Third Party Administrators - Health Services) Regulations, 2001 by the Authority, and is engaged, for a fee by the company for the purpose of providing health services. 3.33 Unproven/ Experimental treatment means treatment, including drug experimental therapy, which is not based on established medical practice in India, is experimental or unproven. 3.34 Waiting period means a period from the inception of the first policy during which specified diseases/treatment is not covered. On completion of the period, diseases/treatment will be covered provided the policy has been continuously renewed without any break.""]",3,1,"[""National Mediclaim Policy.pdf_35"", ""National Mediclaim Policy.pdf_31"", ""National Mediclaim Policy.pdf_33""]","[""National Mediclaim Policy.pdf_33""]",,0.8333333332916666,1.0,0.7167038302954566,0.6,0.5,1.0,1.0,0.7321096859460816,0.28566737819414845,0.42016806722689076,0.33613445378151263
Q_071,How much room rent is allowed per day and what is the ICU limit?,Room rent limit is 1% of sum insured per day subject to a maximum of 5000. ICU room rent limit is 2% of sum insured per day subject to a maximum of 10000.,"Room charges are limited to 1% of the sum insured per day subject to a maximum of ₹5,000, and ICU charges are limited to 2% of the sum insured per day subject to a maximum of ₹10,000.","[""Room, boarding including nursing care, RMO charges, administration charges for IV 2.1 for any one illness - 25% of fluids/blood transfusion/injection. sum insured Room charges Limit: 1% of sum insured per day subject to maximum of `5,000. If admitted in intensive care unit (ICU) - 2% of sum insured per day subject to maximum of `10,000.""]","[""Room, boarding including nursing care, RMO charges, administration charges for IV 2.1 for any one illness - 25% of fluids/blood transfusion/injection. sum insured Room charges Limit: 1% of sum insured per day subject to maximum of `5,000. If admitted in intensive care unit (ICU) - 2% of sum insured per day subject to maximum of `10,000.""]",1,1,"[""National Mediclaim Policy.pdf_9""]","[""National Mediclaim Policy.pdf_9""]",,0.9999999999,1.0,0.8052720512358743,1.0,1.0,1.0,1.0,0.8841945931035502,0.1401126916516232,0.7222222222222221,0.7222222222222221
Q_072,"If I undergo an organ transplant, will the donor’s hospital expenses be covered?","Yes, the policy covers hospitalisation expense for organ donor’s treatment during the course of organ transplant provided that the donation conforms to The Transplantation of Human Organs Act 1994 and the organ is for the use of the insured person.",Hospitalisation expenses for the organ donor’s treatment during organ transplant are covered provided the donation conforms to the Transplantation of Human Organs Act 1994 and the insured person has been medically advised to undergo an organ transplant.,"[""i. Anaesthesia, blood, oxygen, operation theatre charges 2.3 for any one illness- 50% of ii. Surgical appliances sum insured iii. Medicines, drugs iv. Diagnostic test v. Pacemaker, artificial limbs, stent and implant vi. Dialysis vii. Chemotherapy viii. Radiotherapy ix. Hospitalisation expense for organ donor\u2019s treatment during the course of organ transplant provided that a. The donation conforms to The Transplantation of Human Organs Act 1994 and the organ is for the use of the insured person b. The insured person has been medically advised to undergo an organ transplant x. Reimbursement of ambulance charges - 1% of sum insured subject to a""]","[""i. Anaesthesia, blood, oxygen, operation theatre charges 2.3 for any one illness- 50% of ii. Surgical appliances sum insured iii. Medicines, drugs iv. Diagnostic test v. Pacemaker, artificial limbs, stent and implant vi. Dialysis vii. Chemotherapy viii. Radiotherapy ix. Hospitalisation expense for organ donor\u2019s treatment during the course of organ transplant provided that a. The donation conforms to The Transplantation of Human Organs Act 1994 and the organ is for the use of the insured person b. The insured person has been medically advised to undergo an organ transplant x. Reimbursement of ambulance charges - 1% of sum insured subject to a""]",1,1,"[""National Mediclaim Policy.pdf_11""]","[""National Mediclaim Policy.pdf_11""]",,0.9999999999,1.0,0.7987536620009593,1.0,0.75,1.0,1.0,0.9000786755865472,0.3403256700048232,0.7341772151898733,0.6582278481012659
Q_073,What conditions must be met for pre-hospitalisation expenses to be covered?,"Pre-hospitalisation expenses are eligible for reimbursement if incurred 30 days immediately before hospitalisation for the same condition for which hospitalisation was required, and the in-patient hospitalisation claim is admissible by the insurance company. Documentation must be submitted within 15 days of discharge from hospital.",Pre-hospitalisation expenses incurred up to 30 days before hospitalisation are covered provided they are for the same condition for which hospitalisation was required and the in-patient hospitalisation claim is admissible.,"[""3.20 Network provider means hospitals or health care providers enlisted by the company or by a TPA and the company together to provide medical services to an insured person on payment by a cashless facility. 3.21 Out Patient Department (OPD) treatment means treatment in which the insured person visits a clinic / hospital or associated facility like a consultation room for diagnosis and treatment based on the advice of a medical practitioner and the insured person is not admitted as a day care patient or in-patient. 3.22 Policy period means period of one year as mentioned in the schedule for which the policy is issued. 3.23 Preferred provider network (PPN) means a network of hospitals which have agreed to a cashless packaged pricing for certain procedures for the insured person. The list is available with the company/TPA and subject to amendment from time to time. Reimbursement of expenses incurred in PPN for the procedures (as listed under PPN package) shall be subject to the rates applicable to PPN package pricing. 3.24 Pre hospitalisation means medical expenses incurred 30 days immediately before the insured person is hospitalised,"", ""i. such medical expenses are incurred for the same condition for which the insured person\u2019s hospitalisation was required, and ii. the in-patient hospitalisation claim for such hospitalisation is admissible by the insurance company NNaattiioonnaall MMeeddiiccllaaiimm PPoolliiccyy 3 IRDA/NL-HLT/NI/P-H/V.I/17/13-14"", ""i. such medical expenses are incurred for the same condition for which the insured person\u2019s hospitalisation was required, and ii. the in-patient hospitalisation claim for such hospitalisation is admissible by the insurance company"", ""In the event of a claim lodged as per clause 5.9 of the policy and the original documents having been submitted to the other insurer, the company may accept the documents listed under clause 5.5.4 of the policy and claim settlement advice duly certified by the other insurer subject to satisfaction of the company. Type of claim Time limit for submission of documents to company/TPA Reimbursement of hospitalisation and pre hospitalisation Within 15 days of date of discharge from hospital expenses Reimbursement of post hospitalisation expenses Within 15 days from completion of post hospitalisation treatment Reimbursement of health checkup expenses (as per Good At least 45 days before the expiry of the fifth policy period.""]","[""3.20 Network provider means hospitals or health care providers enlisted by the company or by a TPA and the company together to provide medical services to an insured person on payment by a cashless facility. 3.21 Out Patient Department (OPD) treatment means treatment in which the insured person visits a clinic / hospital or associated facility like a consultation room for diagnosis and treatment based on the advice of a medical practitioner and the insured person is not admitted as a day care patient or in-patient. 3.22 Policy period means period of one year as mentioned in the schedule for which the policy is issued. 3.23 Preferred provider network (PPN) means a network of hospitals which have agreed to a cashless packaged pricing for certain procedures for the insured person. The list is available with the company/TPA and subject to amendment from time to time. Reimbursement of expenses incurred in PPN for the procedures (as listed under PPN package) shall be subject to the rates applicable to PPN package pricing. 3.24 Pre hospitalisation means medical expenses incurred 30 days immediately before the insured person is hospitalised,"", ""i. such medical expenses are incurred for the same condition for which the insured person\u2019s hospitalisation was required, and ii. the in-patient hospitalisation claim for such hospitalisation is admissible by the insurance company""]",4,2,"[""National Mediclaim Policy.pdf_27"", ""National Mediclaim Policy.pdf_30"", ""National Mediclaim Policy.pdf_28"", ""National Mediclaim Policy.pdf_74""]","[""National Mediclaim Policy.pdf_27"", ""National Mediclaim Policy.pdf_28""]",,0.999999999975,1.0,0.8499498808120665,1.0,0.75,1.0,1.0,0.9069999898282162,0.4579670370130187,0.6666666666666667,0.641025641025641
Q_074,When are post-hospitalisation expenses covered under the policy?,Post hospitalisation expenses are covered for 60 days immediately after the insured person is discharged from hospitalisation.,Post-hospitalisation expenses incurred within 60 days after discharge are covered provided they relate to the same condition for which hospitalisation occurred and the in-patient hospitalisation claim is admissible.,"[""3.25 Post hospitalisation means medical expenses incurred 60 days immediately after the insured person is discharged from"", ""In the event of a claim lodged as per clause 5.9 of the policy and the original documents having been submitted to the other insurer, the company may accept the documents listed under clause 5.5.4 of the policy and claim settlement advice duly certified by the other insurer subject to satisfaction of the company. Type of claim Time limit for submission of documents to company/TPA Reimbursement of hospitalisation and pre hospitalisation Within 15 days of date of discharge from hospital expenses Reimbursement of post hospitalisation expenses Within 15 days from completion of post hospitalisation treatment Reimbursement of health checkup expenses (as per Good At least 45 days before the expiry of the fifth policy period."", ""i. such medical expenses are incurred for the same condition for which the insured person\u2019s hospitalisation was required, and ii. the in-patient hospitalisation claim for such hospitalisation is admissible by the insurance company""]","[""3.25 Post hospitalisation means medical expenses incurred 60 days immediately after the insured person is discharged from"", ""i. such medical expenses are incurred for the same condition for which the insured person\u2019s hospitalisation was required, and ii. the in-patient hospitalisation claim for such hospitalisation is admissible by the insurance company NNaattiioonnaall MMeeddiiccllaaiimm PPoolliiccyy 3 IRDA/NL-HLT/NI/P-H/V.I/17/13-14""]",3,2,"[""National Mediclaim Policy.pdf_29"", ""National Mediclaim Policy.pdf_74"", ""National Mediclaim Policy.pdf_28""]","[""National Mediclaim Policy.pdf_29"", ""National Mediclaim Policy.pdf_30""]",,0.8333333332916666,1.0,0.8647577046857146,1.0,0.5,1.0,1.0,0.8646435568471861,0.04339053083235036,0.5531914893617021,0.3404255319148936
Q_075,What are the rules for hospitalization duration to qualify for coverage?,"Hospitalisation means admission in a hospital as an inpatient for a minimum period of 24 consecutive hours except for specified procedures/treatment, where such admission could be for a period of less than 24 consecutive hours. Relaxation to 24 hours minimum duration for hospitalisation is allowed in:
i. Day care procedures/surgeries (as listed in Appendix -I) where such treatment is taken by an insured person in a hospital/day care centre (but not the outpatient department of a hospital).
ii. Any other surgeries/procedures (not listed in Appendix -I) which due to advancement of medical science require hospitalisation for less than 24 hours and for which prior approval from company/TPA is mandatory.

An insured person is considered an in-patient if admitted in hospital upon the written advice of a duly qualified medical practitioner for more than 24 continuous hours, for the treatment of covered disease/injury during the policy period.","Hospitalisation means admission as an inpatient for a minimum of 24 consecutive hours, except for specified day care procedures or surgeries requiring less than 24 hours due to medical advancement and with prior approval where required.","[""iv. has a fully equipped operation theatre of its own where surgical procedures are carried out v. maintains daily records of patients and will make these accessible to the Insurance Company\u2019s authorized personnel. Hospital shall not include an establishment which is a rest home or convalescent home for the addicted, detoxification centre, sanatorium, home for the aged, mentally disturbed, remodeling clinic or similar institution. 3.12 Hospitalisation means admission in a hospital as an inpatient for a minimum period of 24 consecutive hours except for specified procedure/ treatment, where such admission could be for a period of less than 24 consecutive hours. Relaxation to 24 hours minimum duration for hospitalisation is allowed in i. Day care procedures/surgeries (as listed in Appendix -I) where such treatment is taken by an insured person in a hospital/day care centre (but not the outpatient department of a hospital). ii. Any other surgeries/procedures (not listed in Appendix -I) which due to advancement of medical science require hospitalisation for less than 24 hours and for which prior approval from company/TPA is mandatory."", ""Any other surgeries/procedures (not listed in Appendix -I) which due to advancement of medical science require hospitalisation for less than 24 hours and for which prior approval from company/TPA is mandatory. 3.13 I D card means the card issued to the insured person by the TPA for availing cashless facility in the network provider. 3.14 In-patient means an insured person who is admitted in hospital upon the written advice of a duly qualified medical practitioner for more than 24 continuous hours, for the treatment of covered disease/ injury during the policy period.""]","[""iv. has a fully equipped operation theatre of its own where surgical procedures are carried out v. maintains daily records of patients and will make these accessible to the Insurance Company\u2019s authorized personnel. Hospital shall not include an establishment which is a rest home or convalescent home for the addicted, detoxification centre, sanatorium, home for the aged, mentally disturbed, remodeling clinic or similar institution. 3.12 Hospitalisation means admission in a hospital as an inpatient for a minimum period of 24 consecutive hours except for specified procedure/ treatment, where such admission could be for a period of less than 24 consecutive hours. Relaxation to 24 hours minimum duration for hospitalisation is allowed in i. Day care procedures/surgeries (as listed in Appendix -I) where such treatment is taken by an insured person in a hospital/day care centre (but not the outpatient department of a hospital). ii. Any other surgeries/procedures (not listed in Appendix -I) which due to advancement of medical science require hospitalisation for less than 24 hours and for which prior approval from company/TPA is mandatory.""]",2,1,"[""National Mediclaim Policy.pdf_22"", ""National Mediclaim Policy.pdf_23""]","[""National Mediclaim Policy.pdf_22""]",,0.99999999995,1.0,0.6634971584578352,1.0,0.75,1.0,1.0,0.8446389552810005,0.2844137749558327,0.3492063492063492,0.2962962962962963
Q_076,Are diseases diagnosed within the first 30 days covered by the policy?,Not found,"Diseases contracted during the first 30 days from the inception of the first policy are not covered, except when hospitalisation occurs due to injuries caused by an accident after the policy inception.","[""All pre-existing diseases when the cover incepts for the first time until 48 months of continuous coverage has elapsed. Any complication arising from pre-existing ailment/disease/injuries will be considered as a part of the pre existing health condition or disease. To illustrate if a person is suffering from either hypertension or diabetes or both at the time of taking the policy, then policy shall"", ""3.26 Pre-existing disease means any condition, ailment or injury or related condition(s) for which the insured person had signs or symptoms and/or was diagnosed and/or received medical advice/ treatment within 48 months prior to the first policy issued by the company. 3.27 Portability means transfer by an individual health insurance policy holder (including family cover) of the credit gained for pre-existing conditions and time bound exclusions if the policy holder chooses to switch from one insurer to another. 3.28 Qualified nurse means a person who holds a valid registration from the Nursing Council of India or the Nursing Council of any state in India. 3.29 Reasonable and Customary charges means the charges for services or supplies, which are the standard charges for the specific provider and consistent with the prevailing charges in the geographical area for identical or similar services, taking into account the nature of the illness / injury involved. 3.30 Sum insured means the sum insured and the cumulative bonus accrued in respect of each insured person as mentioned in the schedule. The sum insured represents maximum liability for each insured person for any and all benefits claimed during the policy period.""]","[""Any disease contracted by the insured person during the first 30 days from the inception of the first policy. This shall not apply in case the insured person is hospitalised for injuries, suffered in an accident which occurred after inception of the first policy.""]",2,1,"[""National Mediclaim Policy.pdf_35"", ""National Mediclaim Policy.pdf_31""]","[""National Mediclaim Policy.pdf_39""]",,0.0,0.0,0.0,0.0,0.0,0.0,0.0,0.09215598230661533,0.0,0.058823529411764705,0.058823529411764705
Q_077,What are the waiting periods for certain treatments like cataract or joint replacement?,Not found,"Cataract and several listed conditions have a two-year waiting period, while treatment for joint replacement due to degenerative conditions has a four-year waiting period.","[""Any disease contracted by the insured person during the first 30 days from the inception of the first policy. This shall not apply in case the insured person is hospitalised for injuries, suffered in an accident which occurred after inception of the first policy."", ""All pre-existing diseases when the cover incepts for the first time until 48 months of continuous coverage has elapsed. Any complication arising from pre-existing ailment/disease/injuries will be considered as a part of the pre existing health condition or disease. To illustrate if a person is suffering from either hypertension or diabetes or both at the time of taking the policy, then policy shall"", ""i. Day care treatment will include above day care procedures ii. Any surgery/procedure (not listed above) which due to advancement of medical science requires hospitalisation for less than 24 hours will require prior approval from company/TPA. iii. The standard exclusions and waiting periods are applicable to all of the above day care procedures / surgeries depending on the medical condition / disease under treatment. Only 24 hours hospitalisation is not mandatory.""]","[""i. One year waiting period a. Benign ENT disorders b. Tonsillectomy/Adenoidectomy/Mastoidectomy/Tympanoplasty ii. Two years waiting period a. Cataract k. Pilonidal sinus b. Benign prostatic hypertrophy l. Gout and Rheumatism c. Hernia m. Hypertension and related complications d. Hydrocele n. Diabetes and related complications e. Congenital internal disease o. Calculus diseases f. Fissure/Fistula in anus p. Surgery of gall bladder and bile duct excluding malignancy g. Piles (Haemorrhoids) q. Surgery of genito-urinary system excluding malignancy h. Sinusitis and related disorders r. Surgery for prolapsed intervertebral disc unless arising from accident i. Polycystic ovarian disease s. Surgery of varicose vein j. Non-infective arthritis t. Hysterectomy iii. Four years waiting period a. Treatment for joint replacement due to degenerative conditions b. Age related osteoarthritis and osteoporosis""]",3,1,"[""National Mediclaim Policy.pdf_39"", ""National Mediclaim Policy.pdf_35"", ""National Mediclaim Policy.pdf_137""]","[""National Mediclaim Policy.pdf_41""]",,0.0,0.0,0.0,0.0,0.0,0.0,0.0,0.0705123347337514,0.0,0.0,0.0
Q_078,"If I plan a hospital admission, when should I inform the insurer for cashless treatment?",In case of planned hospitalisation At least 72 hours prior to the insured person’s admission to network provider/PPN In case of emergency hospitalisation Within 24 hours of the insured person’s admission to network provider/PPN,"For planned hospitalisation the TPA must be informed at least 72 hours prior to admission, and in case of emergency hospitalisation the TPA must be informed within 24 hours of admission.","[""In case of planned hospitalisation At least 72 hours prior to the insured person\u2019s admission to network provider/PPN In case of emergency hospitalisation Within 24 hours of the insured person\u2019s admission to network provider/PPN""]","[""In case of planned hospitalisation At least 72 hours prior to the insured person\u2019s admission to network provider/PPN In case of emergency hospitalisation Within 24 hours of the insured person\u2019s admission to network provider/PPN""]",1,1,"[""National Mediclaim Policy.pdf_69""]","[""National Mediclaim Policy.pdf_69""]",,0.9999999999,1.0,0.5617107508795401,1.0,1.0,1.0,1.0,0.690408547439917,0.20679845323803406,0.6086956521739131,0.5507246376811595
Q_079,What documents are required to submit a reimbursement claim?,"The claim is to be supported with the following documents and submitted within the prescribed time limit:
i. Completed claim form
ii. Original bills, payment receipts, medical history of the patient recorded, discharge certificate/summary from the hospital etc.
iii. Original cash-memo from the hospital(s)/chemist(s) supported by proper prescription
iv. Original payment receipt, investigation test reports etc. supported by the prescription from attending medical practitioner
v. Attending medical practitioner’s certificate regarding diagnosis and bill receipts etc.
vi. Surgeon’s original certificate stating diagnosis and nature of operation performed along with bills/receipts etc.
vii. Any other document required by company/TPA","The claim must include a completed claim form, original bills and payment receipts, discharge summary, prescriptions, investigation reports, medical practitioner’s certificate, surgeon’s certificate if applicable, and any other document required by the company or TPA.","[""The claim is to be supported with the following documents and submitted within the prescribed time limit. i. Completed claim form ii. Original bills, payment receipts, medical history of the patient recorded, discharge certificate/ summary from the hospital etc. iii. Original cash-memo from the hospital (s)/chemist (s) supported by proper prescription iv. Original payment receipt, investigation test reports etc. supported by the prescription from attending medical practitioner v. Attending medical practitioner\u2019s certificate regarding diagnosis and bill receipts etc. vi. Surgeon\u2019s original certificate stating diagnosis and nature of operation performed along with bills/receipts etc. vii. Any other document required by company/TPA"", ""In the event of a claim lodged as per clause 5.9 of the policy and the original documents having been submitted to the other insurer, the company may accept the documents listed under clause 5.5.4 of the policy and claim settlement advice duly certified by the other insurer subject to satisfaction of the company. Type of claim Time limit for submission of documents to company/TPA Reimbursement of hospitalisation and pre hospitalisation Within 15 days of date of discharge from hospital expenses Reimbursement of post hospitalisation expenses Within 15 days from completion of post hospitalisation treatment Reimbursement of health checkup expenses (as per Good At least 45 days before the expiry of the fifth policy period.""]","[""The claim is to be supported with the following documents and submitted within the prescribed time limit. i. Completed claim form ii. Original bills, payment receipts, medical history of the patient recorded, discharge certificate/ summary from the hospital etc. iii. Original cash-memo from the hospital (s)/chemist (s) supported by proper prescription iv. Original payment receipt, investigation test reports etc. supported by the prescription from attending medical practitioner v. Attending medical practitioner\u2019s certificate regarding diagnosis and bill receipts etc. vi. Surgeon\u2019s original certificate stating diagnosis and nature of operation performed along with bills/receipts etc. vii. Any other document required by company/TPA""]",2,1,"[""National Mediclaim Policy.pdf_73"", ""National Mediclaim Policy.pdf_74""]","[""National Mediclaim Policy.pdf_73""]",,0.99999999995,1.0,0.6720765950411005,1.0,1.0,1.0,1.0,0.8766127478876041,0.013614799345513828,0.4335664335664336,0.40559440559440557
Q_080,How long does the insurer take to settle or reject a claim after receiving documents?,"On receipt of the final document(s) or investigation report, the company shall offer a settlement or communicate a rejection in writing within a period of 30 days.","The company will offer settlement within 30 days of receiving final documents or investigation report, and once the insured person accepts the offer, payment will be made within 7 days.","[""NNaattiioonnaall MMeeddiiccllaaiimm PPoolliiccyy 7 IRDA/NL-HLT/NI/P-H/V.I/17/13-14 i. On receipt of the final document(s) or investigation report (if any), as the case may be, the company shall within a period of 30 days offer a settlement of the claim to the insured person. ii. If the company, for any reasons, decides to reject a claim under the policy, shall communicate to the insured person in writing and within a period of 30 days from the receipt of the final document(s) or investigation report (if any), as the case may be. iii. Upon acceptance of an offer of settlement as stated above by the insured person, the payment of the amount due shall be made within 7 days from the date of acceptance of the offer by the company. iv. In the cases of delay in the payment, the company shall pay interest at a rate which is 2% above the bank rate prevalent at the beginning of the financial year in which the claim is reviewed.""]","[""NNaattiioonnaall MMeeddiiccllaaiimm PPoolliiccyy 7 IRDA/NL-HLT/NI/P-H/V.I/17/13-14 i. On receipt of the final document(s) or investigation report (if any), as the case may be, the company shall within a period of 30 days offer a settlement of the claim to the insured person. ii. If the company, for any reasons, decides to reject a claim under the policy, shall communicate to the insured person in writing and within a period of 30 days from the receipt of the final document(s) or investigation report (if any), as the case may be. iii. Upon acceptance of an offer of settlement as stated above by the insured person, the payment of the amount due shall be made within 7 days from the date of acceptance of the offer by the company. iv. In the cases of delay in the payment, the company shall pay interest at a rate which is 2% above the bank rate prevalent at the beginning of the financial year in which the claim is reviewed.""]",1,1,"[""National Mediclaim Policy.pdf_75""]","[""National Mediclaim Policy.pdf_75""]",,0.9999999999,1.0,0.5272171460639047,1.0,0.5,1.0,1.0,0.7170897265636194,0.11128672987903512,0.4827586206896552,0.3448275862068965
Q_081,What does “Any one illness” mean in this policy?,Any one illness means continuous period of illness and includes relapse within 45 days from the date of treatment.,Any one illness means a continuous period of illness and includes relapse within 45 days from the date of last consultation with the hospital or nursing home where treatment was taken.,"[""Having dedicated AYUSH therapy sections as involuntary event caused by external, visible and violent means. required and / or has equipped operation theatre where surgical procedures are to be carried out; Any one illness: Any one illness means continuous period of illness and includes relapse within 45 days from the date iv. Maintaining daily records of the patients and making of last consultation with the Hospital / Nursing Home where them accessible to the insurance company\u2019s treatment was taken. authorized representative. AYUSH Day Care Centre: AYUSH Day Care Centre means AYUSH Treatment: AYUSH treatment refers to the medical and includes Community Health Centre (CHC), Primary and / or hospitalization treatments given under Ayurveda, Health Centre (PHC), Dispensary, Clinic, Polyclinic or Yoga and Naturopathy, Unani, Siddha and Homeopathy any such health centre which is registered with the local systems. authorities, wherever applicable and having facilities for Break in policy: Break in policy means the period of gap carrying out treatment procedures and medical or surgical that occurs at the end of the existing policy term/instalment / para-surgical interventions or both under the supervision premium due date, when the premium due for renewal on of registered AYUSH Medical Practitioner (s) on day care a given policy or instalment premium due is not paid on or basis without in-patient services and must comply with all before the premium renewal date or Grace Period.""]","[""i. Having at least 5 in-patient beds; S T A N D A R D D E F I N I T I O N S ii. Having qualified AYUSH Medical Practitioner in charge round the clock; Accident: An accident means sudden, unforeseen and iii. Having dedicated AYUSH therapy sections as involuntary event caused by external, visible and violent means. required and / or has equipped operation theatre where surgical procedures are to be carried out; Any one illness: Any one illness means continuous period of illness and includes relapse within 45 days from the date iv. Maintaining daily records of the patients and making of last consultation with the Hospital / Nursing Home where them accessible to the insurance company\u2019s treatment was taken. authorized representative.""]",1,1,"[""Policy_Super_Star_V_3_80e5dd8988.pdf_3""]","[""Policy_Super_Star_V_3_80e5dd8988.pdf_2""]",,0.9999999999,1.0,0.7753068615024844,1.0,0.5,1.0,1.0,0.917460052823905,0.45254510336308856,0.76,0.76
Q_082,How is co-payment defined in the policy?,"A co-payment is a specified percentage of the admissible claims amount that the policyholder/insured will bear. For emergency care, the co-payment does not reduce the Sum Insured. In the case of PTCA (Coronary Angioplasty) as optional cover, a co-payment of 15% will be applicable over and above the standard charges.","Co-payment means a cost sharing requirement under a health insurance policy where the policyholder or insured bears a specified percentage of the admissible claims amount, and it does not reduce the Sum Insured.","[""Co-Payment: Co-payment means a cost sharing Emergency Care: Emergency care means management requirement under a health insurance policy that for an illness or injury which results in symptoms which provides that the policyholder / insured will bear a occur suddenly and unexpectedly, and requires immediate specified percentage of the admissible claims amount. A care by a medical practitioner to prevent death or serious co-payment does not reduce the Sum Insured. long term impairment of the insured person\u2019s health. Cumulative Bonus: Cumulative Bonus means any increase Grace Period: \u201cGrace period\u201d means the specified period or addition in the Sum Insured granted by the insurer of time, immediately following the premium due date without an associated increase in premium. during which premium payment can be made to renew or"", ""amount. i. Voluntary Deductible will apply on aggregate basis Note: Medical Records / Documents submitted for for all hospitalisation expenses during the policy utilizing this facility will not prejudice the Company\u2019s year which fall under basic cover. right to reject a claim in terms of policy. ii. The deductible will apply on individual basis in case 14. Durable Medical Equipment Cover: Incase Durable of individual policy and on floater basis in case of Medical Equipment cover is opted as shown in the"", ""b. blockage that could result in a heart attack. 1. Smart Network: If the Insured Person has opted for this c. PTCA (Coronary Angioplasty) is defined as Optional Cover, the Insured Person shall be entitled for percutaneous coronary intervention by way of a discount of 15% on premium (including the first year balloon angioplasty with or without stenting premium), subject to the following conditions: for treatment of the narrowing or blockage of (a) The treatment as applicable under In-patient minimum 50 % of one or more major coronary Treatment / Daycare Treatment / AYUSH Treatment arteries. The intervention must be determined is to be taken in a hospital listed under the \u201cSmart to be medically necessary by a cardiologist and Network\u201d available on our website www.starhealth.in supported by a coronary angiogram (CAG) d. Coronary arteries herein refer to left main stem, left (b) A co-payment of 15% will be applicable (over and above anterior descending, circumflex and right coronary""]","[""Co-Payment: Co-payment means a cost sharing Emergency Care: Emergency care means management requirement under a health insurance policy that for an illness or injury which results in symptoms which provides that the policyholder / insured will bear a occur suddenly and unexpectedly, and requires immediate specified percentage of the admissible claims amount. A care by a medical practitioner to prevent death or serious co-payment does not reduce the Sum Insured. long term impairment of the insured person\u2019s health. Cumulative Bonus: Cumulative Bonus means any increase Grace Period: \u201cGrace period\u201d means the specified period or addition in the Sum Insured granted by the insurer of time, immediately following the premium due date without an associated increase in premium. during which premium payment can be made to renew or""]",3,1,"[""Policy_Super_Star_V_3_80e5dd8988.pdf_9"", ""Policy_Super_Star_V_3_80e5dd8988.pdf_219"", ""Policy_Super_Star_V_3_80e5dd8988.pdf_152""]","[""Policy_Super_Star_V_3_80e5dd8988.pdf_9""]",,0.8333333332916666,1.0,0.6811789059223269,0.6666666666666666,0.5,1.0,1.0,0.7746584669901886,0.16933658766997786,0.5227272727272728,0.3636363636363636
Q_083,What does the policy mean by emergency care?,"Emergency care means management by a medical practitioner to prevent death or serious long term impairment of the insured person’s health, which occurs suddenly and unexpectedly, and requires immediate care. There is no explicit mention of a waiting period for emergency medical care in the provided context.",Emergency care means management for an illness or injury which results in symptoms that occur suddenly and unexpectedly and requires immediate care by a medical practitioner to prevent death or serious long-term impairment of the insured person’s health.,"[""Co-Payment: Co-payment means a cost sharing Emergency Care: Emergency care means management requirement under a health insurance policy that for an illness or injury which results in symptoms which provides that the policyholder / insured will bear a occur suddenly and unexpectedly, and requires immediate specified percentage of the admissible claims amount. A care by a medical practitioner to prevent death or serious co-payment does not reduce the Sum Insured. long term impairment of the insured person\u2019s health. Cumulative Bonus: Cumulative Bonus means any increase Grace Period: \u201cGrace period\u201d means the specified period or addition in the Sum Insured granted by the insurer of time, immediately following the premium due date without an associated increase in premium. during which premium payment can be made to renew or""]","[""Co-Payment: Co-payment means a cost sharing Emergency Care: Emergency care means management requirement under a health insurance policy that for an illness or injury which results in symptoms which provides that the policyholder / insured will bear a occur suddenly and unexpectedly, and requires immediate specified percentage of the admissible claims amount. A care by a medical practitioner to prevent death or serious co-payment does not reduce the Sum Insured. long term impairment of the insured person\u2019s health. Cumulative Bonus: Cumulative Bonus means any increase Grace Period: \u201cGrace period\u201d means the specified period or addition in the Sum Insured granted by the insurer of time, immediately following the premium due date without an associated increase in premium. during which premium payment can be made to renew or""]",1,1,"[""Policy_Super_Star_V_3_80e5dd8988.pdf_9""]","[""Policy_Super_Star_V_3_80e5dd8988.pdf_9""]",,0.9999999999,1.0,0.0,1.0,1.0,1.0,1.0,0.8921788266541415,0.46855899829415615,0.75,0.5
Q_084,What is considered OPD treatment under this policy?,"The policy defines OPD treatment as visits to a clinic/hospital or associated facility for diagnosis and treatment based on medical advice, excluding inpatient or day-care admission. It includes consultation charges, diagnostic tests (including high-end diagnostics if required as part of a procedure), and pharmaceutical expenses provided on an ambulatory basis. ICU charges are excluded from OPD treatment coverage.","OPD treatment means the insured visits a clinic, hospital, or associated facility like a consultation room for diagnosis and treatment based on the advice of a medical practitioner, and the insured is not admitted as a day care or in-patient.","[""ICU Charges: ICU (Intensive Care Unit) Charges means the process of intimating a claim to the insurer or TPA through amount charged by a Hospital towards ICU expenses which shall include the expenses for ICU bed, general medical any of the recognized modes of communication. support services provided to any ICU patient including OPD treatment: OPD treatment means the one in which the monitoring devices, critical care nursing and intensivist Insured visits a clinic / hospital or associated facility like charges. a consultation room for diagnosis and treatment based Medical Advice: Medical Advice means any consultation or on the advice of a Medical Practitioner. The Insured is not advice from a Medical Practitioner including the issuance admitted as a day care or in-patient. of any prescription or follow-up prescription. Pre-Existing Disease: Pre-existing disease (PED) means Medical Expenses: Medical Expenses means those expenses that an Insured Person has necessarily and any condition, ailment, injury or disease: actually incurred for medical treatment on account of a) that is / are diagnosed by a physician not more than Illness or Accident on the advice of a Medical Practitioner, as 36 months prior to the date of commencement of the long as these are no more than would have been payable if policy issued by the insurer; or the Insured Person had not been insured and no more than b) for which medical advice or treatment was other hospitals or doctors in the same locality would have recommended by, or received from, a physician, charged for the same medical treatment. not more than 36 months prior to the date of Medical Practitioner: Medical Practitioner means a person"", ""of opting this optional cover (whichever is later) and 7. High-end Diagnostics: The following diagnostics tests its continuous renewal thereof with the Company. are payable on OPD basis if required as a part of a""]","[""ICU Charges: ICU (Intensive Care Unit) Charges means the process of intimating a claim to the insurer or TPA through amount charged by a Hospital towards ICU expenses which shall include the expenses for ICU bed, general medical any of the recognized modes of communication. support services provided to any ICU patient including OPD treatment: OPD treatment means the one in which the monitoring devices, critical care nursing and intensivist Insured visits a clinic / hospital or associated facility like charges. a consultation room for diagnosis and treatment based Medical Advice: Medical Advice means any consultation or on the advice of a Medical Practitioner. The Insured is not advice from a Medical Practitioner including the issuance admitted as a day care or in-patient. of any prescription or follow-up prescription.""]",2,1,"[""Policy_Super_Star_V_3_80e5dd8988.pdf_23"", ""Policy_Super_Star_V_3_80e5dd8988.pdf_181""]","[""Policy_Super_Star_V_3_80e5dd8988.pdf_22""]",,0.9999999999,1.0,0.9258343258241163,0.8333333333333334,0.75,1.0,0.75,0.837243899803831,0.1563984983344569,0.5098039215686274,0.37254901960784315
Q_085,How does the policy define hospitalization?,Inpatient hospitalization means admission in a Hospital for a minimum period of 24 consecutive hours except for specified procedures/treatments. Hospitalization is admissible by the Insurance Company if it is required for the medical management of the illness or injury suffered by the insured.,Hospitalization means admission in a hospital for a minimum period of 24 consecutive inpatient care hours except for specified procedures or treatments where admission could be for less than 24 consecutive hours.,"[""Disclosure to information norm: The policy shall be void and Illness: Illness means a sickness or a disease or pathological all premium paid thereon shall be forfeited to the Company condition leading to the impairment of normal physiological in the event of misrepresentation, mis-description or non- function and requires medical treatment; disclosure of any material fact by the Policy Holder. (a) Acute condition - Acute condition is a disease, illness or Domiciliary Hospitalization: Domiciliary hospitalization injury that is likely to respond quickly to treatment which means medical treatment for an illness / disease / injury aims to return the person to his or her state of health which in the normal course would require care and immediately before suffering the disease / illness / treatment at a hospital but is actually taken while confined injury which leads to full recovery at home under any of the following circumstances: (b) Chronic condition - A chronic condition is defined as i) the condition of the patient is such that he / she is not in a disease, illness, or injury that has one or more of the a condition to be removed to a hospital, or following characteristics; ii) the patient takes treatment at home on account of 1."", ""surgical procedures are carried out; insurer will not be liable for a specified rupee amount in case of indemnity policies and for a specified number of v) maintains daily records of patients and makes these days / hours in case of hospital cash policies which will accessible to the insurance company\u2019s authorized apply before any benefits are payable by the insurer. A personnel; deductible does not reduce the Sum Insured. Hospitalization: Hospitalization means admission in a Dental Treatment: Dental treatment means a treatment Hospital for a minimum period of 24 consecutive \u2018Inpatient related to teeth or structures supporting teeth including Care\u2019 hours except for specified procedures / treatments, examinations, fillings (where appropriate), crowns, where such admission could be for a period of less than 24 extractions and surgery. consecutive hours. Disclosure to information norm: The policy shall be void and Illness: Illness means a sickness or a disease or pathological all premium paid thereon shall be forfeited to the Company condition leading to the impairment of normal physiological in the event of misrepresentation, mis-description or non- function and requires medical treatment; disclosure of any material fact by the Policy Holder."", ""i) is required for the medical management of the illness or ii. The In-patient Hospitalization claim for such Hospitalization injury suffered by the insured; is admissible by the Insurance Company SUPER STAR | UIN : SHAHLIP25036V012425 | POL / SS / V.4 / 2025 3 / 3 8"", ""accepted in international medical practice or by the Injury: Injury means accidental physical bodily harm medical community in India. excluding illness or disease solely and directly caused by external, violent, visible and evident means which is verified Migration: Migration means a facility provided to and certified by a Medical Practitioner. policyholders (including all members under family cover Inpatient Care: Inpatient care means treatment for which and group policies), to transfer the credits gained for pre- the insured person has to stay in a hospital for more than existing diseases and specific waiting periods from one 24 hours for a covered event. health insurance policy to another with the same insurer.""]","[""surgical procedures are carried out; insurer will not be liable for a specified rupee amount in case of indemnity policies and for a specified number of v) maintains daily records of patients and makes these days / hours in case of hospital cash policies which will accessible to the insurance company\u2019s authorized apply before any benefits are payable by the insurer. A personnel; deductible does not reduce the Sum Insured. Hospitalization: Hospitalization means admission in a Dental Treatment: Dental treatment means a treatment Hospital for a minimum period of 24 consecutive \u2018Inpatient related to teeth or structures supporting teeth including Care\u2019 hours except for specified procedures / treatments, examinations, fillings (where appropriate), crowns, where such admission could be for a period of less than 24 extractions and surgery. consecutive hours. Disclosure to information norm: The policy shall be void and Illness: Illness means a sickness or a disease or pathological all premium paid thereon shall be forfeited to the Company condition leading to the impairment of normal physiological in the event of misrepresentation, mis-description or non- function and requires medical treatment; disclosure of any material fact by the Policy Holder.""]",4,1,"[""Policy_Super_Star_V_3_80e5dd8988.pdf_14"", ""Policy_Super_Star_V_3_80e5dd8988.pdf_13"", ""Policy_Super_Star_V_3_80e5dd8988.pdf_26"", ""Policy_Super_Star_V_3_80e5dd8988.pdf_19""]","[""Policy_Super_Star_V_3_80e5dd8988.pdf_13""]",,0.499999999975,1.0,0.6834281841073522,1.0,0.5,1.0,1.0,0.8799054812798786,0.3375046774574898,0.6052631578947368,0.5526315789473685
Q_086,What is meant by deductible in this health insurance policy?,The annual deductible amount is defined as the aggregate of admissible hospitalisation expenses in a policy year up to which the company is not liable. It applies to all hospitalisation expenses during the policy year under basic cover and is referred to as the aggregate deductible.,"Deductible means a cost sharing requirement where the insurer will not be liable for a specified rupee amount in indemnity policies or a specified number of days or hours in hospital cash policies before any benefits are payable, and it does not reduce the Sum Insured.","[""Aggregate Deductible: The aggregate of admissible Instalment: Instalment means frequency of Premium hospitalisation expenses in a policy year up to which the amount paid through Monthly / Quarterly / Half-yearly Company is not liable. mode by the Policy Holder / Insured Associated medical expenses: Associated medical In-patient treatment: In-patient treatment means an expenses means medical expenses such as Professional Insured Person who is admitted to Hospital and stays there fees, OT charges, Procedure charges, etc., which vary based for a minimum period of 24 hours for the sole purpose of on the room category occupied by the insured person whilst receiving treatment. SUPER STAR | UIN : SHAHLIP25036V012425 | POL / SS / V.4 / 2025 4 / 3 8"", ""amount. i. Voluntary Deductible will apply on aggregate basis Note: Medical Records / Documents submitted for for all hospitalisation expenses during the policy utilizing this facility will not prejudice the Company\u2019s year which fall under basic cover. right to reject a claim in terms of policy. ii. The deductible will apply on individual basis in case 14. Durable Medical Equipment Cover: Incase Durable of individual policy and on floater basis in case of Medical Equipment cover is opted as shown in the""]","[""ii) has qualified medical practitioner/s in charge; period, if the premium is paid in instalments during the iii) has fully equipped operation theatre of its own where policy period surgical procedures are carried out; Hospital: A hospital means any institution established iv) maintains daily records of patients and will make these for in-patient care and day care treatment of illness and accessible to the insurance company\u2019s authorized / or injuries and which has been registered as a hospital personnel. with the local authorities under Clinical Establishments Day Care Treatment: Day care treatment means medical (Registration and Regulation) Act 2010 or under enactments treatment, and / or surgical procedure which is: specified under the Schedule of Section 56(1) of the said act i. Undertaken under General or Local Anesthesia in a or complies with all minimum criteria asunder: hospital / day care centre in less than 24 hrs because of i) has qualified nursing staff under its employment round technological advancement, and the clock; ii. which would have otherwise required hospitalization of ii) has at least 10 in-patient beds in towns having a more than 24hours population of less than 10,00,000 and at least 15 in- patient beds in all other places; Treatment normally taken on an out-patient basis is not included in the scope of this definition iii) has qualified medical practitioner(s) in charge round the clock; Deductible: Deductible means a cost sharing requirement iv) has a fully equipped operation theatre of its own where"", ""surgical procedures are carried out; insurer will not be liable for a specified rupee amount in case of indemnity policies and for a specified number of v) maintains daily records of patients and makes these days / hours in case of hospital cash policies which will accessible to the insurance company\u2019s authorized apply before any benefits are payable by the insurer. A personnel; deductible does not reduce the Sum Insured. Hospitalization: Hospitalization means admission in a Dental Treatment: Dental treatment means a treatment Hospital for a minimum period of 24 consecutive \u2018Inpatient related to teeth or structures supporting teeth including Care\u2019 hours except for specified procedures / treatments, examinations, fillings (where appropriate), crowns, where such admission could be for a period of less than 24 extractions and surgery. consecutive hours. Disclosure to information norm: The policy shall be void and Illness: Illness means a sickness or a disease or pathological all premium paid thereon shall be forfeited to the Company condition leading to the impairment of normal physiological in the event of misrepresentation, mis-description or non- function and requires medical treatment; disclosure of any material fact by the Policy Holder.""]",2,2,"[""Policy_Super_Star_V_3_80e5dd8988.pdf_35"", ""Policy_Super_Star_V_3_80e5dd8988.pdf_219""]","[""Policy_Super_Star_V_3_80e5dd8988.pdf_12"", ""Policy_Super_Star_V_3_80e5dd8988.pdf_13""]",,0.49999999995,0.0,0.728556038305246,0.75,0.25,1.0,1.0,0.6489856301291035,0.010094879473198037,0.2826086956521739,0.17391304347826086
Q_087,What does the policy say about the grace period for premium payment?,"If the installment premium is not paid on the due date, a grace period of 30 days would be given to pay the installment premium due for the policy. While coverage is not available during the grace period, the policy will get cancelled if the premium is not paid within this period.","Grace period means the specified period immediately following the premium due date during which the premium payment can be made to renew or continue the policy without loss of continuity benefits, and the grace period is fifteen days for monthly premium payment mode and thirty days for all other cases.","[""i) At the end of the policy period, the policy shall iv. No interest will be charged lf the installment terminate and can be renewed within the Grace premium is not paid on due date. Period of 30 days. v. ln case of installment premium due not received ii) While coverage is not available during the Grace within the grace period, the policy will get cancelled."", ""grounds of non-disclosure, misrepresentation, except not made any claim, the Policyholder has the option to on grounds of established fraud. This period of sixty cancel his/her policy. This option is available in case of continuous months is called as moratorium period. policies with a term of one year or more. The moratorium would be applicable for the sums insured of the first policy. Wherever, the sum insured The Policyholder shall be entitled to a refund of is enhanced, completion of sixty continuous months the premium paid subject only to a deduction of a would be applicable from the date of enhancement of proportionate risk premium for the period of cover and sums insured only on the enhanced limits. the expenses, if any incurred by the Insurer on medical 12. Premium Payment in Instalments: lf the Policyholder examination of the proposer and stamp duty charges has opted for Payment of Premium on an installment"", ""ii. For Quarterly and Half yearly instalment option: lnsured person may also approach the grievance cell Grace Period of 30 days would be given to pay the instalment premium due for the policy. at any of the company\u2019s branches with the details of grievance. If lnsured person is not satisfied with iii. The Policyholder will get the accrued continuity the redressal of grievance through one of the above"", ""Co-Payment: Co-payment means a cost sharing Emergency Care: Emergency care means management requirement under a health insurance policy that for an illness or injury which results in symptoms which provides that the policyholder / insured will bear a occur suddenly and unexpectedly, and requires immediate specified percentage of the admissible claims amount. A care by a medical practitioner to prevent death or serious co-payment does not reduce the Sum Insured. long term impairment of the insured person\u2019s health. Cumulative Bonus: Cumulative Bonus means any increase Grace Period: \u201cGrace period\u201d means the specified period or addition in the Sum Insured granted by the insurer of time, immediately following the premium due date without an associated increase in premium. during which premium payment can be made to renew or""]","[""Co-Payment: Co-payment means a cost sharing Emergency Care: Emergency care means management requirement under a health insurance policy that for an illness or injury which results in symptoms which provides that the policyholder / insured will bear a occur suddenly and unexpectedly, and requires immediate specified percentage of the admissible claims amount. A care by a medical practitioner to prevent death or serious co-payment does not reduce the Sum Insured. long term impairment of the insured person\u2019s health. Cumulative Bonus: Cumulative Bonus means any increase Grace Period: \u201cGrace period\u201d means the specified period or addition in the Sum Insured granted by the insurer of time, immediately following the premium due date without an associated increase in premium. during which premium payment can be made to renew or"", ""Day Care Centre: A day care centre means any institution established for day care treatment of illness and / or injuries pertaining to waiting periods and coverage of pre-existing or a medical setup with a hospital and which has been diseases. Coverage need not be available during the period registered with the local authorities, wherever applicable, for which no premium is received. The grace period for and is under supervision of a registered and qualified payment of the premium for all types of insurance policies medical practitioner AND must comply with all minimum shall be: fifteen days where premium payment mode is criterion as under- monthly and thirty days in all other cases. i) has qualified nursing staff under its employment;""]",4,2,"[""Policy_Super_Star_V_3_80e5dd8988.pdf_308"", ""Policy_Super_Star_V_3_80e5dd8988.pdf_317"", ""Policy_Super_Star_V_3_80e5dd8988.pdf_322"", ""Policy_Super_Star_V_3_80e5dd8988.pdf_9""]","[""Policy_Super_Star_V_3_80e5dd8988.pdf_9"", ""Policy_Super_Star_V_3_80e5dd8988.pdf_10""]",,0.8055555555287036,0.5,0.5431710401296431,0.6666666666666666,0.5,1.0,1.0,0.7399712530540716,0.02921243407216048,0.4509803921568628,0.23529411764705882
Q_088,How is a newborn baby defined in the policy?,The New Born will be covered from the first day of its birth till the expiry date of the policy. Intimation about the birth of the New Born should be given to the company and coverage will be given from the first day of its birth. There is no waiting period for New Born Cover. Hospitalization expenses for treatment of new born is covered up to the limits (including for congenital defects up to the sum insured) for twins/triplets/quadruplets. Maximum up to 4 deliveries are payable after taking this optional cover.,Newborn baby means a baby born during the policy period and aged up to 90 days.,"[""pregnancy period, in case if we accept such proposal v) E nhancement of sum insured is subject to underwriters\u2019 and issued the policy, the New Born will be covered approval immediately after its birth covered till end of the policy vi) The above mentioned sub-limt will not apply for year (for congenital defects up to the sum insured) up"", ""Note: iii) Maximum up to 4 deliveries are payable after taking this i) Benefit under this section is subject to a waiting period optional cover and payable while the policy is in force. of 24 months from the date of first commencement iv) Pre-hospitalization and Post Hospitalization expenses of Super Star Policy / from the time of opting this are not covered under this optional cover. optional cover (whichever is later) and its continuous New Born Cover: Hospitalization expenses for treatment renewal thereof with the Company. of new born is covered up to the limits (including for ii) There is no waiting period for subsequent deliveries twins/ triplets/ quadruplets) specified below incurred iii) Maximum up to 4 deliveries are payable after taking this in a hospital/ nursing home for Any disease, illness or optional cover and payable while the policy is in force accidental injuries are payable from Day 1 of its birth till iv) Pre-hospitalization and Post Hospitalization expenses the expiry date of the policy. are not covered under this optional cover. Limit of liability New Born Cover: Hospitalization expenses for treatment Sum Insured (Rs.)"", ""ii) Intimation about the birth of the New Born should 4. Future Shield: Provides continuity benefit for all waiting be given to the company and the coverage will be periods served by the member (a) Initial waiting period, given to the New Born from the first day of its birth."", ""company / insurer / we / us : company / insurer / we / us qualified nurse : qualified nurse means a person who holds means star health and allied insurance company limited a valid registration from the nursing council of india or the dependent child : dependent child means a child ( natural nursing council of any state in india. or legally adopted ) who is financially dependent and does reasonable and customary charges : reasonable and not have his / her independent sources of income and not customary charges means the charges for services or over 25 years. supplies, which are the standard charges for the specific diagnosis : diagnosis means diagnosis by a registered provider and consistent with the prevailing charges in the medical practitioner, supported by clinical, radiological, geographical area for identical or similar services, taking histological, histo - pathological and laboratory evidence into account the nature of the illness / injury involved. and also surgical evidence wherever applicable, renewal : renewal means the terms on which the contract acceptable to the company. of insurance can be renewed on mutual consent with a provision of grace period for treating the renewal continuous doctor : doctor means a person who holds a valid for the purpose of gaining credit for pre - existing diseases, registration from the medical""]","[""accepted in international medical practice or by the Injury: Injury means accidental physical bodily harm medical community in India. excluding illness or disease solely and directly caused by external, violent, visible and evident means which is verified Migration: Migration means a facility provided to and certified by a Medical Practitioner. policyholders (including all members under family cover Inpatient Care: Inpatient care means treatment for which and group policies), to transfer the credits gained for pre- the insured person has to stay in a hospital for more than existing diseases and specific waiting periods from one 24 hours for a covered event. health insurance policy to another with the same insurer. Intensive Care Unit: Intensive care unit means an Network Provider: Network Provider means hospitals or identified section, ward or wing of a hospital which is health care providers enlisted by an insurer, TPA or jointly under the constant supervision of a dedicated medical by an Insurer and TPA to provide medical services to an practitioner(s), and which is specially equipped for the insured by a cashless facility. continuous monitoring and treatment of patients who are in a critical condition, or require life support facilities and New Born Baby: Newborn baby means baby born during where the level of care and supervision is considerably"", ""more sophisticated and intensive than in the ordinary and otherwards. Non-Network Provider: Non-Network means any hospital, Note: Such facility must be separate and apart from daycare centre or other provider that is not part of the surgical recovery room and from rooms\u2019 beds and wards network. customarily used for patient confinement.""]",4,2,"[""Policy_Super_Star_V_3_80e5dd8988.pdf_178"", ""Policy_Super_Star_V_3_80e5dd8988.pdf_169"", ""Policy_Super_Star_V_3_80e5dd8988.pdf_158"", ""Policy_Super_Star_V_3_80e5dd8988.pdf_29""]","[""Policy_Super_Star_V_3_80e5dd8988.pdf_20"", ""Policy_Super_Star_V_3_80e5dd8988.pdf_21""]",,0.5833333333041666,1.0,0.7499937341057508,1.0,0.25,1.0,1.0,0.6568898557177104,0.03829206138020502,0.14678899082568808,0.11009174311926605
Q_089,What does the policy mean by a pre-existing disease?,"Pre-existing disease (PED) means any condition, ailment, injury or disease diagnosed by a physician not more than 36 months prior to the date of commencement of the policy, or for which medical advice or treatment was received not more than 36 months prior to the date of commencement of the policy. Coverage for pre-existing diseases is not available until the expiry of the 36-month waiting period, unless reduced to 24 months or 12 months based on specific conditions. The waiting period for listed conditions shall apply as specified in Section 2.","Pre-existing disease means any condition, ailment, injury or disease that was diagnosed by a physician not more than 36 months prior to the commencement of the policy or for which medical advice or treatment was recommended or received from a physician within 36 months prior to the policy start date.","[""ICU Charges: ICU (Intensive Care Unit) Charges means the process of intimating a claim to the insurer or TPA through amount charged by a Hospital towards ICU expenses which shall include the expenses for ICU bed, general medical any of the recognized modes of communication. support services provided to any ICU patient including OPD treatment: OPD treatment means the one in which the monitoring devices, critical care nursing and intensivist Insured visits a clinic / hospital or associated facility like charges. a consultation room for diagnosis and treatment based Medical Advice: Medical Advice means any consultation or on the advice of a Medical Practitioner. The Insured is not advice from a Medical Practitioner including the issuance admitted as a day care or in-patient. of any prescription or follow-up prescription. Pre-Existing Disease: Pre-existing disease (PED) means Medical Expenses: Medical Expenses means those expenses that an Insured Person has necessarily and any condition, ailment, injury or disease: actually incurred for medical treatment on account of a) that is / are diagnosed by a physician not more than Illness or Accident on the advice of a Medical Practitioner, as 36 months prior to the date of commencement of the long as these are no more than would have been payable if policy issued by the insurer; or the Insured Person had not been insured and no more than b) for which medical advice or treatment was other hospitals or doctors in the same locality would have recommended by, or received from, a physician, charged for the same medical treatment. not more than 36 months prior to the date of Medical Practitioner: Medical Practitioner means a person"", ""vii. The coverage is available only for treatments taken Code Excl 02 in India A. Expenses related to the treatment of the listed Note (applicable to Section-III Optional Covers): In Conditions, surgeries / treatments shall be excluded case if Insured opted optional cover/s which has a until the expiry of 24 months of continuous coverage waiting period, the waiting period will be calculated after the date of inception of the first policy with"", ""Basic Cover diseases, then the longer of the two waiting periods Organ Donor Expenses shall apply. Cumulative Bonus D. The waiting period for listed conditions shall apply"", ""iii. Possesses and provides other relevant identity proof The Insured Person can reduce the Pre-Existing Disease/s documents as mandated for Citizenship of India waiting period from 36 months to 24 months / 12 months. This option is available only for the first purchase of this iv. Has an Indian bank account for premium / claims policy and also only upto Sum Insured chosen at that time. payment. This option is not available for renewal / ported / migrated v. If the Insured person ceases to reside outside India, policies. Offering reduction of Pre-Existing Diseases then no further discount shall be applicable upon""]","[""ICU Charges: ICU (Intensive Care Unit) Charges means the process of intimating a claim to the insurer or TPA through amount charged by a Hospital towards ICU expenses which shall include the expenses for ICU bed, general medical any of the recognized modes of communication. support services provided to any ICU patient including OPD treatment: OPD treatment means the one in which the monitoring devices, critical care nursing and intensivist Insured visits a clinic / hospital or associated facility like charges. a consultation room for diagnosis and treatment based Medical Advice: Medical Advice means any consultation or on the advice of a Medical Practitioner. The Insured is not advice from a Medical Practitioner including the issuance admitted as a day care or in-patient. of any prescription or follow-up prescription. Pre-Existing Disease: Pre-existing disease (PED) means Medical Expenses: Medical Expenses means those expenses that an Insured Person has necessarily and any condition, ailment, injury or disease: actually incurred for medical treatment on account of a) that is / are diagnosed by a physician not more than Illness or Accident on the advice of a Medical Practitioner, as 36 months prior to the date of commencement of the long as these are no more than would have been payable if policy issued by the insurer; or the Insured Person had not been insured and no more than b) for which medical advice or treatment was other hospitals or doctors in the same locality would have recommended by, or received from, a physician, charged for the same medical treatment. not more than 36 months prior to the date of Medical Practitioner: Medical Practitioner means a person"", ""who holds a valid registration from the Medical Council of any State or Medical Council of India or Council for Indian Pre-hospitalization Medical Expenses: Pre-hospitalization Medicine or for Homeopathy set up by the Government Medical Expenses means medical expenses incurred during of India or a State Government and is thereby entitled to pre-defined number of days preceding the hospitalization practice medicine within its jurisdiction and is acting within""]",4,2,"[""Policy_Super_Star_V_3_80e5dd8988.pdf_23"", ""Policy_Super_Star_V_3_80e5dd8988.pdf_241"", ""Policy_Super_Star_V_3_80e5dd8988.pdf_245"", ""Policy_Super_Star_V_3_80e5dd8988.pdf_239""]","[""Policy_Super_Star_V_3_80e5dd8988.pdf_23"", ""Policy_Super_Star_V_3_80e5dd8988.pdf_24""]",,0.9999999999,1.0,0.7916492348713641,0.6,0.5,1.0,1.0,0.8325468453404119,0.5758382445269362,0.593103448275862,0.5655172413793104
Q_090,How does the policy define injury?,"Injury means accidental physical bodily harm excluding illness or disease solely and directly caused by external, violent, visible and evident means which is verified.","Injury means accidental physical bodily harm excluding illness or disease, solely and directly caused by external, violent, visible and evident means and verified and certified by a medical practitioner.","[""accepted in international medical practice or by the Injury: Injury means accidental physical bodily harm medical community in India. excluding illness or disease solely and directly caused by external, violent, visible and evident means which is verified Migration: Migration means a facility provided to and certified by a Medical Practitioner. policyholders (including all members under family cover Inpatient Care: Inpatient care means treatment for which and group policies), to transfer the credits gained for pre- the insured person has to stay in a hospital for more than existing diseases and specific waiting periods from one 24 hours for a covered event. health insurance policy to another with the same insurer."", ""accepted in international medical practice or by the Injury: Injury means accidental physical bodily harm medical community in India. excluding illness or disease solely and directly caused by external, violent, visible and evident means which is verified Migration: Migration means a facility provided to and certified by a Medical Practitioner. policyholders (including all members under family cover Inpatient Care: Inpatient care means treatment for which and group policies), to transfer the credits gained for pre- the insured person has to stay in a hospital for more than existing diseases and specific waiting periods from one 24 hours for a covered event. health insurance policy to another with the same insurer. Intensive Care Unit: Intensive care unit means an Network Provider: Network Provider means hospitals or identified section, ward or wing of a hospital which is health care providers enlisted by an insurer, TPA or jointly under the constant supervision of a dedicated medical by an Insurer and TPA to provide medical services to an practitioner(s), and which is specially equipped for the insured by a cashless facility. continuous monitoring and treatment of patients who are in a critical condition, or require life support facilities and New Born Baby: Newborn baby means baby born during where the level of care and supervision is considerably""]","[""accepted in international medical practice or by the Injury: Injury means accidental physical bodily harm medical community in India. excluding illness or disease solely and directly caused by external, violent, visible and evident means which is verified Migration: Migration means a facility provided to and certified by a Medical Practitioner. policyholders (including all members under family cover Inpatient Care: Inpatient care means treatment for which and group policies), to transfer the credits gained for pre- the insured person has to stay in a hospital for more than existing diseases and specific waiting periods from one 24 hours for a covered event. health insurance policy to another with the same insurer. Intensive Care Unit: Intensive care unit means an Network Provider: Network Provider means hospitals or identified section, ward or wing of a hospital which is health care providers enlisted by an insurer, TPA or jointly under the constant supervision of a dedicated medical by an Insurer and TPA to provide medical services to an practitioner(s), and which is specially equipped for the insured by a cashless facility. continuous monitoring and treatment of patients who are in a critical condition, or require life support facilities and New Born Baby: Newborn baby means baby born during where the level of care and supervision is considerably""]",2,1,"[""Policy_Super_Star_V_3_80e5dd8988.pdf_19"", ""Policy_Super_Star_V_3_80e5dd8988.pdf_20""]","[""Policy_Super_Star_V_3_80e5dd8988.pdf_20""]",,0.99999999995,1.0,0.7223328386848391,1.0,0.5,1.0,1.0,0.9469193761557336,0.6378351972160348,0.830188679245283,0.830188679245283
Q_091,What conditions must be met for pre-hospitalization medical expenses to be covered?,"Pre-hospitalization outpatient diagnostic and treatment expenses are reimbursable only if incurred by a Medical Practitioner holding a valid registration from the Medical Council of any State or Medical Council of India or Council for Indian Pre-hospitalization Medicine or for Homeopathy, acting within their jurisdiction. Reimbursement is limited to expenses related to life-threatening situations or following an accident, and only up to the stage of stabilization. Pre-authorization is not explicitly mentioned in the provided context, but reimbursement is conditional on the expenses being necessary and incurred not more than 36 months prior to the commencement of the policy for pre-existing diseases.",Pre-hospitalization medical expenses are those incurred during the pre-defined number of days preceding hospitalization provided the expenses are incurred for the same condition for which the insured person’s hospitalization was required and the inpatient hospitalization claim for such hospitalization is admissible by the insurance company.,"[""who holds a valid registration from the Medical Council of any State or Medical Council of India or Council for Indian Pre-hospitalization Medical Expenses: Pre-hospitalization Medicine or for Homeopathy set up by the Government Medical Expenses means medical expenses incurred during of India or a State Government and is thereby entitled to pre-defined number of days preceding the hospitalization practice medicine within its jurisdiction and is acting within"", ""B. Any diagnostic expenses which are not related or not of life threatening situations or following an accident, incidental to the current diagnosis and treatment expenses up to the stage of stabilization are payable"", ""ICU Charges: ICU (Intensive Care Unit) Charges means the process of intimating a claim to the insurer or TPA through amount charged by a Hospital towards ICU expenses which shall include the expenses for ICU bed, general medical any of the recognized modes of communication. support services provided to any ICU patient including OPD treatment: OPD treatment means the one in which the monitoring devices, critical care nursing and intensivist Insured visits a clinic / hospital or associated facility like charges. a consultation room for diagnosis and treatment based Medical Advice: Medical Advice means any consultation or on the advice of a Medical Practitioner. The Insured is not advice from a Medical Practitioner including the issuance admitted as a day care or in-patient. of any prescription or follow-up prescription. Pre-Existing Disease: Pre-existing disease (PED) means Medical Expenses: Medical Expenses means those expenses that an Insured Person has necessarily and any condition, ailment, injury or disease: actually incurred for medical treatment on account of a) that is / are diagnosed by a physician not more than Illness or Accident on the advice of a Medical Practitioner, as 36 months prior to the date of commencement of the long as these are no more than would have been payable if policy issued by the insurer; or the Insured Person had not been insured and no more than b) for which medical advice or treatment was other hospitals or doctors in the same locality would have recommended by, or received from, a physician, charged for the same medical treatment. not more than 36 months prior to the date of Medical Practitioner: Medical Practitioner means a person""]","[""who holds a valid registration from the Medical Council of any State or Medical Council of India or Council for Indian Pre-hospitalization Medical Expenses: Pre-hospitalization Medicine or for Homeopathy set up by the Government Medical Expenses means medical expenses incurred during of India or a State Government and is thereby entitled to pre-defined number of days preceding the hospitalization practice medicine within its jurisdiction and is acting within"", ""its scope and jurisdiction of license. i. Such Medical Expenses are incurred for the same Medically Necessary Treatment: Medically necessary condition for which the Insured Person\u2019s Hospitalization treatment means any treatment, tests, medication, or stay was required, and"", ""i) is required for the medical management of the illness or ii. The In-patient Hospitalization claim for such Hospitalization injury suffered by the insured; is admissible by the Insurance Company SUPER STAR | UIN : SHAHLIP25036V012425 | POL / SS / V.4 / 2025 3 / 3 8""]",3,3,"[""Policy_Super_Star_V_3_80e5dd8988.pdf_24"", ""Policy_Super_Star_V_3_80e5dd8988.pdf_263"", ""Policy_Super_Star_V_3_80e5dd8988.pdf_23""]","[""Policy_Super_Star_V_3_80e5dd8988.pdf_24"", ""Policy_Super_Star_V_3_80e5dd8988.pdf_25"", ""Policy_Super_Star_V_3_80e5dd8988.pdf_26""]",,0.9999999999,0.5,0.78575303425065,0.6666666666666666,0.0,0.5,0.75,0.7269765179692792,0.023781036566858055,0.32679738562091504,0.196078431372549
Q_092,Under what circumstances is domiciliary hospitalization covered?,"Domiciliary hospitalization coverage applies for acute or chronic conditions where the patient requires medical treatment at home instead of a hospital under these circumstances:

1. Acute condition: Treatment at home leads to full recovery, and the condition would normally require hospital care but is managed at home with immediate recovery expected.

2. Chronic condition: The patient’s condition requires ongoing or long-term monitoring through consultations, examinations, check-ups, and/or tests, and the patient is not in a condition requiring hospital removal. This includes cases where treatment exceeds three days and would normally require hospitalization, but the patient remains at home due to non-availability of hospital room. Coverage excludes asthma, bronchitis, chronic nephritis, diarrhoea/dysenteries, diabetes mellitus/insipidus, epilepsy, hypertension, and post-donation complications (covered separately under organ donor expenses).

Required medical supervision includes ongoing consultations, examinations, check-ups, and tests. Documentation must confirm the patient’s condition does not require hospital removal and aligns with the above criteria.","Domiciliary hospitalization refers to medical treatment for an illness, disease or injury that would normally require hospital care but is taken at home when the patient cannot be moved to a hospital or when treatment is taken at home due to non-availability of a hospital room.","[""Disclosure to information norm: The policy shall be void and Illness: Illness means a sickness or a disease or pathological all premium paid thereon shall be forfeited to the Company condition leading to the impairment of normal physiological in the event of misrepresentation, mis-description or non- function and requires medical treatment; disclosure of any material fact by the Policy Holder. (a) Acute condition - Acute condition is a disease, illness or Domiciliary Hospitalization: Domiciliary hospitalization injury that is likely to respond quickly to treatment which means medical treatment for an illness / disease / injury aims to return the person to his or her state of health which in the normal course would require care and immediately before suffering the disease / illness / treatment at a hospital but is actually taken while confined injury which leads to full recovery at home under any of the following circumstances: (b) Chronic condition - A chronic condition is defined as i) the condition of the patient is such that he / she is not in a disease, illness, or injury that has one or more of the a condition to be removed to a hospital, or following characteristics; ii) the patient takes treatment at home on account of 1."", ""(a) Acute condition - Acute condition is a disease, illness or Domiciliary Hospitalization: Domiciliary hospitalization injury that is likely to respond quickly to treatment which means medical treatment for an illness / disease / injury aims to return the person to his or her state of health which in the normal course would require care and immediately before suffering the disease / illness / treatment at a hospital but is actually taken while confined injury which leads to full recovery at home under any of the following circumstances: (b) Chronic condition - A chronic condition is defined as i) the condition of the patient is such that he / she is not in a disease, illness, or injury that has one or more of the a condition to be removed to a hospital, or following characteristics; ii) the patient takes treatment at home on account of 1. It needs ongoing or long-term monitoring through non-availability of room in a hospital consultations, examinations, check-ups, and / or tests SUPER STAR | UIN : SHAHLIP25036V012425 | POL / SS / V.4 / 2025 2 / 3 8"", ""the nearest hospital. Such Air ambulance should have treatment (including AYUSH) for a period exceeding been duly licensed to operate as such by Competent three days, for an illness / disease / injury, which in the Authorities of the Government/s. normal course, would require care and treatment at 9. Organ Donor Expenses: In-patient hospitalization a Hospital but, on the advice of the attending Medical expenses incurred for organ transplantation (including Practitioner, is taken whilst confined at home under any Screening expenses) from the Donor to the Recipient of the following circumstances Insured Person are payable provided the claim for 1. The condition of the patient is such that he / she is transplantation is payable. In addition, the expenses not in a condition to be removed to a Hospital, or incurred by the Donor for the Post Donation Complications"", ""(if any) for the complications that necessitate a Redo non-availability of room in a hospital. Surgery / ICU admission upto 180 days from the date of discharge from the hospital are also covered. However, this benefit shall not cover Asthma, Bronchitis, Note: The coverage limit under this benefit is upto the Chronic Nephritis and Nephritic Syndrome, Diarrhoea sum insured and over and above the sum insured. and all types of Dysenteries including Gastro-enteritis, Diabetes Mellitus and Insipidus, Epilepsy, Hypertension,""]","[""Disclosure to information norm: The policy shall be void and Illness: Illness means a sickness or a disease or pathological all premium paid thereon shall be forfeited to the Company condition leading to the impairment of normal physiological in the event of misrepresentation, mis-description or non- function and requires medical treatment; disclosure of any material fact by the Policy Holder. (a) Acute condition - Acute condition is a disease, illness or Domiciliary Hospitalization: Domiciliary hospitalization injury that is likely to respond quickly to treatment which means medical treatment for an illness / disease / injury aims to return the person to his or her state of health which in the normal course would require care and immediately before suffering the disease / illness / treatment at a hospital but is actually taken while confined injury which leads to full recovery at home under any of the following circumstances: (b) Chronic condition - A chronic condition is defined as i) the condition of the patient is such that he / she is not in a disease, illness, or injury that has one or more of the a condition to be removed to a hospital, or following characteristics; ii) the patient takes treatment at home on account of 1."", ""(a) Acute condition - Acute condition is a disease, illness or Domiciliary Hospitalization: Domiciliary hospitalization injury that is likely to respond quickly to treatment which means medical treatment for an illness / disease / injury aims to return the person to his or her state of health which in the normal course would require care and immediately before suffering the disease / illness / treatment at a hospital but is actually taken while confined injury which leads to full recovery at home under any of the following circumstances: (b) Chronic condition - A chronic condition is defined as i) the condition of the patient is such that he / she is not in a disease, illness, or injury that has one or more of the a condition to be removed to a hospital, or following characteristics; ii) the patient takes treatment at home on account of 1. It needs ongoing or long-term monitoring through non-availability of room in a hospital consultations, examinations, check-ups, and / or tests SUPER STAR | UIN : SHAHLIP25036V012425 | POL / SS / V.4 / 2025 2 / 3 8""]",4,2,"[""Policy_Super_Star_V_3_80e5dd8988.pdf_14"", ""Policy_Super_Star_V_3_80e5dd8988.pdf_15"", ""Policy_Super_Star_V_3_80e5dd8988.pdf_50"", ""Policy_Super_Star_V_3_80e5dd8988.pdf_51""]","[""Policy_Super_Star_V_3_80e5dd8988.pdf_14"", ""Policy_Super_Star_V_3_80e5dd8988.pdf_15""]",,0.9999999999666667,1.0,0.9061937800552823,1.0,0.25,1.0,1.0,0.7372703752791321,0.04380998423905746,0.3173076923076923,0.25961538461538464
Q_093,When are post-hospitalization medical expenses payable?,The policy covers post-inpatient hospitalization medical expenses for a pre-defined number of days immediately after discharge. The exact number of days is not specified in the provided context.,Post-hospitalization medical expenses are those incurred during a pre-defined number of days immediately after discharge from the hospital provided the expenses are for the same condition for which the insured person was hospitalized and the inpatient hospitalization claim is admissible by the insurance company.,"[""Portability: Portability means a facility provided to the health undergoing treatment in some of the hospitals. If Policy insurance policyholders (including all members under Holder chooses a higher room category above the eligibility family cover), to transfer the credits gained for, pre-existing defined in policy, then proportionate deduction will apply diseases and specific waiting periods from one insurer to on the Associated Medical Expenses in addition to the another insurer. difference in room rent. Such associated medical expenses do not include Cost of pharmacy and consumables, Cost Post-hospitalization Medical Expenses: Post-hospitalization of implants and medical devices and Cost of diagnostics. Medical Expenses means medical expenses incurred during pre-defined number of days immediately after the insured Assisted Reproduction Treatment: Assisted Reproduction person is discharged from the hospital provided that: Treatment means Intra UterineInsemination (IUI), i."", ""Medical Expenses means medical expenses incurred during pre-defined number of days immediately after the insured Assisted Reproduction Treatment: Assisted Reproduction person is discharged from the hospital provided that: Treatment means Intra UterineInsemination (IUI), i. Such Medical Expenses are for the same condition for which Intra-Cytoplasmic Sperm Injection (ICSI), In-Vitro the insured person\u2019s hospitalization was required, and Fertilisation(IVF) and TESA / TESE (Testicular / Epididymal ii. The inpatient hospitalization claim for such Sperm Aspiration / Extraction) hospitalization is admissible by the insurance company."", ""year, if the said service was availed on the advice of k) Care for Brain and Spinal Injury Cases Post Discharge the treating Medical Practitioner / Hospital. Expenses towards Air ambulance service is payable for only from l) Post CVA Care at Home after Discharge the place of first occurrence of the illness / accident to""]","[""Portability: Portability means a facility provided to the health undergoing treatment in some of the hospitals. If Policy insurance policyholders (including all members under Holder chooses a higher room category above the eligibility family cover), to transfer the credits gained for, pre-existing defined in policy, then proportionate deduction will apply diseases and specific waiting periods from one insurer to on the Associated Medical Expenses in addition to the another insurer. difference in room rent. Such associated medical expenses do not include Cost of pharmacy and consumables, Cost Post-hospitalization Medical Expenses: Post-hospitalization of implants and medical devices and Cost of diagnostics. Medical Expenses means medical expenses incurred during pre-defined number of days immediately after the insured Assisted Reproduction Treatment: Assisted Reproduction person is discharged from the hospital provided that: Treatment means Intra UterineInsemination (IUI), i."", ""Medical Expenses means medical expenses incurred during pre-defined number of days immediately after the insured Assisted Reproduction Treatment: Assisted Reproduction person is discharged from the hospital provided that: Treatment means Intra UterineInsemination (IUI), i. Such Medical Expenses are for the same condition for which Intra-Cytoplasmic Sperm Injection (ICSI), In-Vitro the insured person\u2019s hospitalization was required, and Fertilisation(IVF) and TESA / TESE (Testicular / Epididymal ii. The inpatient hospitalization claim for such Sperm Aspiration / Extraction) hospitalization is admissible by the insurance company.""]",3,2,"[""Policy_Super_Star_V_3_80e5dd8988.pdf_27"", ""Policy_Super_Star_V_3_80e5dd8988.pdf_28"", ""Policy_Super_Star_V_3_80e5dd8988.pdf_49""]","[""Policy_Super_Star_V_3_80e5dd8988.pdf_27"", ""Policy_Super_Star_V_3_80e5dd8988.pdf_28""]",,0.9999999999666667,1.0,0.0,1.0,0.5,1.0,1.0,0.7423226455944649,0.08272156002290317,0.5263157894736841,0.4210526315789474
Q_094,What criteria must a hospital meet under the policy definition?,"A healthcare facility must satisfy the following criteria to qualify as an in-network provider:
i) has qualified medical practitioner(s) in charge round the clock
ii) has at least 10 in-patient beds in towns with a population of less than 10,00,000 and at least 15 in-patient beds in all other places
iii) has a fully equipped operation theatre of its own where surgical procedures are carried out
iv) maintains daily records of patients accessible to the insurance company’s authorized personnel
v) is registered as a hospital with the local authorities under the Clinical Establishments (Registration and Regulation) Act 2010 or under enactments specified under the Schedule of Section 56(1) of the said act","A hospital must be established for inpatient care and day care treatment of illness or injuries, be registered with local authorities under the Clinical Establishments Act or relevant law, have qualified nursing staff, qualified medical practitioners in charge, a fully equipped operation theatre, and maintain daily patient records accessible to the insurer’s authorized personnel.","[""ii) has qualified medical practitioner/s in charge; period, if the premium is paid in instalments during the iii) has fully equipped operation theatre of its own where policy period surgical procedures are carried out; Hospital: A hospital means any institution established iv) maintains daily records of patients and will make these for in-patient care and day care treatment of illness and accessible to the insurance company\u2019s authorized / or injuries and which has been registered as a hospital personnel. with the local authorities under Clinical Establishments Day Care Treatment: Day care treatment means medical (Registration and Regulation) Act 2010 or under enactments treatment, and / or surgical procedure which is: specified under the Schedule of Section 56(1) of the said act i."", ""ii) has qualified medical practitioner/s in charge; period, if the premium is paid in instalments during the iii) has fully equipped operation theatre of its own where policy period surgical procedures are carried out; Hospital: A hospital means any institution established iv) maintains daily records of patients and will make these for in-patient care and day care treatment of illness and accessible to the insurance company\u2019s authorized / or injuries and which has been registered as a hospital personnel. with the local authorities under Clinical Establishments Day Care Treatment: Day care treatment means medical (Registration and Regulation) Act 2010 or under enactments treatment, and / or surgical procedure which is: specified under the Schedule of Section 56(1) of the said act i. Undertaken under General or Local Anesthesia in a or complies with all minimum criteria asunder: hospital / day care centre in less than 24 hrs because of i) has qualified nursing staff under its employment round technological advancement, and the clock; ii. which would have otherwise required hospitalization of ii) has at least 10 in-patient beds in towns having a more than 24hours population of less than 10,00,000 and at least 15 in- patient beds in all other places; Treatment normally taken on an out-patient basis is not included in the scope of this definition iii) has qualified medical practitioner(s) in charge round the clock; Deductible: Deductible means a cost sharing requirement iv) has a fully equipped operation theatre of its own where"", ""accepted in international medical practice or by the Injury: Injury means accidental physical bodily harm medical community in India. excluding illness or disease solely and directly caused by external, violent, visible and evident means which is verified Migration: Migration means a facility provided to and certified by a Medical Practitioner. policyholders (including all members under family cover Inpatient Care: Inpatient care means treatment for which and group policies), to transfer the credits gained for pre- the insured person has to stay in a hospital for more than existing diseases and specific waiting periods from one 24 hours for a covered event. health insurance policy to another with the same insurer. Intensive Care Unit: Intensive care unit means an Network Provider: Network Provider means hospitals or identified section, ward or wing of a hospital which is health care providers enlisted by an insurer, TPA or jointly under the constant supervision of a dedicated medical by an Insurer and TPA to provide medical services to an practitioner(s), and which is specially equipped for the insured by a cashless facility. continuous monitoring and treatment of patients who are in a critical condition, or require life support facilities and New Born Baby: Newborn baby means baby born during where the level of care and supervision is considerably""]","[""ii) has qualified medical practitioner/s in charge; period, if the premium is paid in instalments during the iii) has fully equipped operation theatre of its own where policy period surgical procedures are carried out; Hospital: A hospital means any institution established iv) maintains daily records of patients and will make these for in-patient care and day care treatment of illness and accessible to the insurance company\u2019s authorized / or injuries and which has been registered as a hospital personnel. with the local authorities under Clinical Establishments Day Care Treatment: Day care treatment means medical (Registration and Regulation) Act 2010 or under enactments treatment, and / or surgical procedure which is: specified under the Schedule of Section 56(1) of the said act i."", ""ii) has qualified medical practitioner/s in charge; period, if the premium is paid in instalments during the iii) has fully equipped operation theatre of its own where policy period surgical procedures are carried out; Hospital: A hospital means any institution established iv) maintains daily records of patients and will make these for in-patient care and day care treatment of illness and accessible to the insurance company\u2019s authorized / or injuries and which has been registered as a hospital personnel. with the local authorities under Clinical Establishments Day Care Treatment: Day care treatment means medical (Registration and Regulation) Act 2010 or under enactments treatment, and / or surgical procedure which is: specified under the Schedule of Section 56(1) of the said act i. Undertaken under General or Local Anesthesia in a or complies with all minimum criteria asunder: hospital / day care centre in less than 24 hrs because of i) has qualified nursing staff under its employment round technological advancement, and the clock; ii. which would have otherwise required hospitalization of ii) has at least 10 in-patient beds in towns having a more than 24hours population of less than 10,00,000 and at least 15 in- patient beds in all other places; Treatment normally taken on an out-patient basis is not included in the scope of this definition iii) has qualified medical practitioner(s) in charge round the clock; Deductible: Deductible means a cost sharing requirement iv) has a fully equipped operation theatre of its own where""]",3,2,"[""Policy_Super_Star_V_3_80e5dd8988.pdf_11"", ""Policy_Super_Star_V_3_80e5dd8988.pdf_12"", ""Policy_Super_Star_V_3_80e5dd8988.pdf_20""]","[""Policy_Super_Star_V_3_80e5dd8988.pdf_11"", ""Policy_Super_Star_V_3_80e5dd8988.pdf_12""]",,0.99999999995,1.0,0.6419572817565944,1.0,0.5,1.0,1.0,0.7332834995671716,0.09293571887788993,0.4342857142857143,0.2742857142857143
Q_095,When does the insurer cover hospitalization expenses under this policy?,The waiting period before inpatient hospitalization expenses become eligible for coverage under the terms of this insurance policy is 24 months from the date of first commencement for treatments listed under Code Excl 02 in India A.,"If during the policy period the insured person sustains bodily injury or contracts a disease or illness requiring hospitalization for medical or surgical treatment at a hospital or nursing home in India on the advice of a qualified medical practitioner, the company will indemnify the expenses reasonably and necessarily incurred up to the sum insured.","[""vii. The coverage is available only for treatments taken Code Excl 02 in India A. Expenses related to the treatment of the listed Note (applicable to Section-III Optional Covers): In Conditions, surgeries / treatments shall be excluded case if Insured opted optional cover/s which has a until the expiry of 24 months of continuous coverage waiting period, the waiting period will be calculated after the date of inception of the first policy with"", ""Basic Cover diseases, then the longer of the two waiting periods Organ Donor Expenses shall apply. Cumulative Bonus D. The waiting period for listed conditions shall apply"", ""Note: iii) Maximum up to 4 deliveries are payable after taking this i) Benefit under this section is subject to a waiting period optional cover and payable while the policy is in force. of 24 months from the date of first commencement iv) Pre-hospitalization and Post Hospitalization expenses of Super Star Policy / from the time of opting this are not covered under this optional cover. optional cover (whichever is later) and its continuous New Born Cover: Hospitalization expenses for treatment renewal thereof with the Company. of new born is covered up to the limits (including for ii) There is no waiting period for subsequent deliveries twins/ triplets/ quadruplets) specified below incurred iii) Maximum up to 4 deliveries are payable after taking this in a hospital/ nursing home for Any disease, illness or optional cover and payable while the policy is in force accidental injuries are payable from Day 1 of its birth till iv) Pre-hospitalization and Post Hospitalization expenses the expiry date of the policy. are not covered under this optional cover. Limit of liability New Born Cover: Hospitalization expenses for treatment Sum Insured (Rs.)"", ""i) Benefit under this section is subject to a waiting period (Option - A) Delivery Expenses (with 24 months waiting of 12 months from the date of first commencement""]","[""h) Stereotactic radio surgeries Company agrees as under. i) Bronchical Thermoplasty, If during the period stated in the Policy Schedule the j) Vaporisation of the prostate (Green laser treatment insured person sustains bodily injury or contracts any or holmium laser treatment) disease or suffer from any illness and if such disease or k) IONM-(Intra Operative Neuro Monitoring) injury shall require the Insured person, upon the advice of l) Stem cell therapy: Hematopoietic stem cells for bone a duly qualified Medical Practitioner to incur Hospitalization"", ""expenses for Medical / Surgical treatment at any Nursing Home / Hospital in India as an In-patient, the Company 6. AYUSH Treatment: Medical expenses for Inpatient will indemnify the Insured Person such expenses as are Hospitalization incurred on treatment under Ayurveda, Yoga and Naturopathy, Unani, Sidha and Homeopathy"", ""systems of medicines in a AYUSH Hospital is payable up but not exceeding the sum insured/ annual sum insured/ to the sum insured.""]",4,3,"[""Policy_Super_Star_V_3_80e5dd8988.pdf_241"", ""Policy_Super_Star_V_3_80e5dd8988.pdf_245"", ""Policy_Super_Star_V_3_80e5dd8988.pdf_169"", ""Policy_Super_Star_V_3_80e5dd8988.pdf_167""]","[""Policy_Super_Star_V_3_80e5dd8988.pdf_41"", ""Policy_Super_Star_V_3_80e5dd8988.pdf_42"", ""Policy_Super_Star_V_3_80e5dd8988.pdf_43""]",,0.8055555555287036,1.0,0.7267750989622618,1.0,0.0,0.5,1.0,0.6506462243442007,0.01800277555812861,0.3043478260869565,0.1956521739130435
Q_096,What expenses are covered under in-patient treatment?,"The policy covers inpatient hospitalization-related benefits up to the Sum Insured specified in the Policy Schedule for:
- Room Rent (Any Room), Boarding, Nursing Expenses or as provided by the Hospital/Nursing Home
- Intensive Care Unit (ICU) Charges
- Surgeon, Anesthetist, Medical Practitioner, and Consultants, Specialist Fees
- Anesthesia, blood, oxygen, operation theatre charges, surgical appliances, medicines and drugs
- Diagnostic materials and X-ray, diagnostic imaging modalities, dialysis, chemotherapy, radiotherapy, cost of pacemaker, stent, and similar expenses

The room rent eligibility can be modified to Single Private AC Room, Shared Percentage Room, or General Ward as per the optional cover chosen. Associated medical expenses are considered in proportion to the room rent stated.

Answer for specific limits:
- Room Rent and associated medical expenses are covered up to the Sum Insured, with room rent eligibility adjustable to Single Private AC Room, Shared Percentage Room, or General Ward.
- No explicit numerical limits are provided for individual procedures, diagnostic tests, surgery, or post-operative care beyond the Sum Insured.","In-patient treatment covers medical expenses incurred during hospitalization including room rent, boarding and nursing expenses provided by the hospital or nursing home, and intensive care unit charges up to the sum insured specified in the policy schedule.","[""Medical Expenses incurred in respect of Hospitalization incurred for the following are payable:- of the Insured Person during the Policy Period, up to the i. for transportation of the insured person by private Sum Insured specified in the Policy Schedule against ambulance service to go to hospital when this is this In-Patient treatment: needed for medical reasons (i) Room Rent (Any Room), Boarding, Nursing Expenses or as provided by the Hospital / Nursing Home ii. for transportation of the insured person by private (ii) Intensive Care Unit (ICU) Charges ambulance service from one hospital to another SUPER STAR | UIN : SHAHLIP25036V012425 | POL / SS / V.4 / 2025 5 / 3 8"", ""Policy Period / Policy year: Policy period / Policy year (iii) Surgeon, Anesthetist, Medical Practitioner, means a year following the commencement date and its Consultants, Specialist Fees subsequent annual anniversary (iv) Anesthesia, blood, oxygen, operation theatre Policy term: Policy term means the period between the charges, surgical appliances, medicines and drugs, commencement date and expiry date specified in the diagnostic materials and X-ray, diagnostic imaging schedule modalities, dialysis, chemotherapy, radiotherapy, cost of pacemaker, stent and similar expenses. Sum Insured: Sum Insured means the Sum Insured Opted for and for which the premium is paid. 2. Day Care Treatment: We will cover the Medical Expenses incurred in respect of All Day Care Treatments Shared Accommodation: Shared Accommodation means of the Insured Person during the Policy Period up to a room with two or more patient beds in a Hospital. the Sum Insured as specified in the Policy Schedule if such Day Care treatment requires hospitalization as an General Ward / Economy Ward: General Ward / Economy in-patient for less than 24 hours. Ward means room with three or more patient beds in a Hospital. 3."", ""metacarpals (third fourth or 2 schedule, the Insured shall have an option to modify the fifth) room rent eligibility to Single Private AC Room / Shared Percentage Room / General Ward. as assessed Note: Associated Medical expenses which vary based by the on the room occupied by the insured person will be Any other Medical considered in proportion to the room rent stated""]","[""Medical Expenses incurred in respect of Hospitalization incurred for the following are payable:- of the Insured Person during the Policy Period, up to the i. for transportation of the insured person by private Sum Insured specified in the Policy Schedule against ambulance service to go to hospital when this is this In-Patient treatment: needed for medical reasons (i) Room Rent (Any Room), Boarding, Nursing Expenses or as provided by the Hospital / Nursing Home ii. for transportation of the insured person by private (ii) Intensive Care Unit (ICU) Charges ambulance service from one hospital to another SUPER STAR | UIN : SHAHLIP25036V012425 | POL / SS / V.4 / 2025 5 / 3 8""]",3,1,"[""Policy_Super_Star_V_3_80e5dd8988.pdf_46"", ""Policy_Super_Star_V_3_80e5dd8988.pdf_36"", ""Policy_Super_Star_V_3_80e5dd8988.pdf_212""]","[""Policy_Super_Star_V_3_80e5dd8988.pdf_46""]",,0.99999999995,1.0,0.713291031393758,1.0,0.5,1.0,1.0,0.7633843410681269,0.031115676545108162,0.32673267326732675,0.22772277227722773
Q_097,What types of treatments are included under assisted reproduction treatment?,"The policy covers assisted reproduction services including IVF, ZIFT, GIFT, and ICSI. It also covers Intra Uterine Insemination (IUI) and TESA/TESE (Testicular/Epididymal Sperm Aspiration/Extraction). The company will pay for one assisted reproduction treatment under the floater sum insured.","Assisted reproduction treatment includes Intra Uterine Insemination (IUI), Intra-Cytoplasmic Sperm Injection (ICSI), In-Vitro Fertilisation (IVF), and TESA or TESE procedures involving testicular or epididymal sperm aspiration or extraction.","[""b. Assisted Reproduction services including artificial record charges, telephone charges and such other insemination and advanced reproductive charges - Code Excl 34 technologies such as IVF, ZIFT, GIFT, ICSI"", ""Medical Expenses means medical expenses incurred during pre-defined number of days immediately after the insured Assisted Reproduction Treatment: Assisted Reproduction person is discharged from the hospital provided that: Treatment means Intra UterineInsemination (IUI), i. Such Medical Expenses are for the same condition for which Intra-Cytoplasmic Sperm Injection (ICSI), In-Vitro the insured person\u2019s hospitalization was required, and Fertilisation(IVF) and TESA / TESE (Testicular / Epididymal ii. The inpatient hospitalization claim for such Sperm Aspiration / Extraction) hospitalization is admissible by the insurance company."", ""continuous period of 24 months under Individual or - CT guided biopsy floater sum insured. - CT urography c) Company will pay for one Assisted Reproduction - Digital Subtraction Angiography(DSA)""]","[""Portability: Portability means a facility provided to the health undergoing treatment in some of the hospitals. If Policy insurance policyholders (including all members under Holder chooses a higher room category above the eligibility family cover), to transfer the credits gained for, pre-existing defined in policy, then proportionate deduction will apply diseases and specific waiting periods from one insurer to on the Associated Medical Expenses in addition to the another insurer. difference in room rent. Such associated medical expenses do not include Cost of pharmacy and consumables, Cost Post-hospitalization Medical Expenses: Post-hospitalization of implants and medical devices and Cost of diagnostics. Medical Expenses means medical expenses incurred during pre-defined number of days immediately after the insured Assisted Reproduction Treatment: Assisted Reproduction person is discharged from the hospital provided that: Treatment means Intra UterineInsemination (IUI), i."", ""Medical Expenses means medical expenses incurred during pre-defined number of days immediately after the insured Assisted Reproduction Treatment: Assisted Reproduction person is discharged from the hospital provided that: Treatment means Intra UterineInsemination (IUI), i. Such Medical Expenses are for the same condition for which Intra-Cytoplasmic Sperm Injection (ICSI), In-Vitro the insured person\u2019s hospitalization was required, and Fertilisation(IVF) and TESA / TESE (Testicular / Epididymal ii. The inpatient hospitalization claim for such Sperm Aspiration / Extraction) hospitalization is admissible by the insurance company.""]",3,2,"[""Policy_Super_Star_V_3_80e5dd8988.pdf_271"", ""Policy_Super_Star_V_3_80e5dd8988.pdf_28"", ""Policy_Super_Star_V_3_80e5dd8988.pdf_183""]","[""Policy_Super_Star_V_3_80e5dd8988.pdf_27"", ""Policy_Super_Star_V_3_80e5dd8988.pdf_28""]",,0.49999999995,1.0,0.70840853926268,1.0,0.75,1.0,1.0,0.706066370786078,0.015514859048425738,0.5070422535211268,0.4225352112676056
Q_098,What requirements must be met for home care treatment to be allowed?,"Skilled home healthcare services under home nursing benefits are covered provided:
1. The policy has been continuously renewed without any break.
2. The treatment is required for the treatment of an illness or injury, correction of deformities and defects, diagnosis and cure of diseases, relief from suffering, or prolongation of life.
3. The medical practitioner advises the insured person to undergo treatment at home.
4. There is a continuous active line of treatment with a hospital or day care center by a medical practitioner.
5. Daily monitoring chart including records of treatment is maintained and duly signed by the treating doctor.
6. The treatment is not unproven or experimental.
7. The insured person obtains a second medical opinion from a doctor in the company’s network of medical practitioners practicing in India, with all medical records submitted online for review.


Custodial care at home by skilled nurses or assistants for personal care such as bathing, dressing, or moving around is not covered under home nursing benefits.","Home care treatment is allowed when a medical practitioner advises the insured to undergo treatment at home, there is continuous monitoring of the patient’s health status by a medical practitioner throughout the treatment period, and a daily monitoring chart with treatment records signed by the treating doctor is maintained.","[""home care treatment : home care treatment means renewed without any break. treatment availed by the insured person at home, which surgery or surgical procedure : surgery or surgical in normal course would require care and treatment at a procedure means manual and / or operative procedure ( s ) hospital but is actually taken at home provided that : required for treatment of an illness or injury, correction of a ) the medical practitioner advices the insured person to deformities and defects, diagnosis and cure of diseases, undergo treatment at home relief from suffering and prolongation of life, performed in a b ) there is a continuous active line of treatment with hospital or day care centre by a medical practitioner. monitoring of the health status by a medical practitioner unproven / experimental treatment : unproven / for each day through the duration of the home care experimental treatment means the treatment including treatment drug experimental therapy which is not based on c ) daily monitoring chart including records of treatment established medical practice in india, is treatment administered duly signed by the treating doctor is experimental or unproven. maintained s p e c i f i c d e f i n i t i o n s insured person : insured"", ""a) The Medical practitioner advises the Insured person Person can obtain a Second Medical Opinion from a to undergo treatment at home Doctor in the Company\u2019s network of Medical Practitioners b) There is a continuous active line of treatment practicing in India. All the medical records provided by with monitoring of the health status by a medical the Insured Person will be submitted to the Doctor chosen practitioner for each day through the duration of the by him / her online and the medical opinion will be made home care treatment available directly to the Insured by the Doctor."", ""i. Custodial care either at home or in a nursing facility for personal care such as help with activities of daily clinics, spas or similar establishments or private living such as bathing, dressing, moving around either beds registered as a nursing home attached to such by skilled nurses or assistant or nonskilled persons establishments or where admission is arranged wholly ii. Any services for people who are terminally ill to address or partly for domestic reasons \u2013 Code Excl 13 physical, social, emotional and spiritual needs""]","[""home care treatment : home care treatment means renewed without any break. treatment availed by the insured person at home, which surgery or surgical procedure : surgery or surgical in normal course would require care and treatment at a procedure means manual and / or operative procedure ( s ) hospital but is actually taken at home provided that : required for treatment of an illness or injury, correction of a ) the medical practitioner advices the insured person to deformities and defects, diagnosis and cure of diseases, undergo treatment at home relief from suffering and prolongation of life, performed in a b ) there is a continuous active line of treatment with hospital or day care centre by a medical practitioner. monitoring of the health status by a medical practitioner unproven / experimental treatment : unproven / for each day through the duration of the home care experimental treatment means the treatment including treatment drug experimental therapy which is not based on c ) daily monitoring chart including records of treatment established medical practice in india, is treatment administered duly signed by the treating doctor is experimental or unproven. maintained s p e c i f i c d e f i n i t i o n s insured person : insured"", ""a) The Medical practitioner advises the Insured person Person can obtain a Second Medical Opinion from a to undergo treatment at home Doctor in the Company\u2019s network of Medical Practitioners b) There is a continuous active line of treatment practicing in India. All the medical records provided by with monitoring of the health status by a medical the Insured Person will be submitted to the Doctor chosen practitioner for each day through the duration of the by him / her online and the medical opinion will be made home care treatment available directly to the Insured by the Doctor.""]",3,2,"[""Policy_Super_Star_V_3_80e5dd8988.pdf_33"", ""Policy_Super_Star_V_3_80e5dd8988.pdf_55"", ""Policy_Super_Star_V_3_80e5dd8988.pdf_265""]","[""Policy_Super_Star_V_3_80e5dd8988.pdf_33"", ""Policy_Super_Star_V_3_80e5dd8988.pdf_55""]",,0.99999999995,1.0,0.6664210048879063,0.9,0.5,1.0,1.0,0.6660845143153946,0.001537950083171812,0.3888888888888889,0.28703703703703703
Q_099,When are AYUSH treatment expenses payable under the policy?,"The policy covers reimbursement of expenses for AYUSH treatment under the following circumstances:
- Medical expenses for inpatient hospitalization under Ayurveda, Yoga & Naturopathy, Unani, Siddha, and Homeopathy are indemnified.
- The AYUSH treatment must be provided by a registered AYUSH Medical Practitioner at a registered AYUSH Day Care Centre, CHC, PHC, Dispensary, Clinic, Polyclinic, or hospital with dedicated AYUSH therapy sections and operation theatre facilities if surgical procedures are involved.
- There is no explicit waiting period mentioned for AYUSH inpatient treatment reimbursement in the provided context, but the policy requires continuous illness periods (including relapse within 45 days) to be maintained for ""Any one illness"" criteria.
- The reimbursement is payable up to the sum insured/annual sum insured.","Medical expenses for inpatient hospitalization incurred on treatment under Ayurveda, Yoga and Naturopathy, Unani, Siddha and Homeopathy systems in an AYUSH hospital are payable up to the sum insured.","[""expenses for Medical / Surgical treatment at any Nursing Home / Hospital in India as an In-patient, the Company 6. AYUSH Treatment: Medical expenses for Inpatient will indemnify the Insured Person such expenses as are Hospitalization incurred on treatment under Ayurveda, Yoga and Naturopathy, Unani, Sidha and Homeopathy"", ""Having dedicated AYUSH therapy sections as involuntary event caused by external, visible and violent means. required and / or has equipped operation theatre where surgical procedures are to be carried out; Any one illness: Any one illness means continuous period of illness and includes relapse within 45 days from the date iv. Maintaining daily records of the patients and making of last consultation with the Hospital / Nursing Home where them accessible to the insurance company\u2019s treatment was taken. authorized representative. AYUSH Day Care Centre: AYUSH Day Care Centre means AYUSH Treatment: AYUSH treatment refers to the medical and includes Community Health Centre (CHC), Primary and / or hospitalization treatments given under Ayurveda, Health Centre (PHC), Dispensary, Clinic, Polyclinic or Yoga and Naturopathy, Unani, Siddha and Homeopathy any such health centre which is registered with the local systems. authorities, wherever applicable and having facilities for Break in policy: Break in policy means the period of gap carrying out treatment procedures and medical or surgical that occurs at the end of the existing policy term/instalment / para-surgical interventions or both under the supervision premium due date, when the premium due for renewal on of registered AYUSH Medical Practitioner (s) on day care a given policy or instalment premium due is not paid on or basis without in-patient services and must comply with all before the premium renewal date or Grace Period."", ""systems of medicines in a AYUSH Hospital is payable up but not exceeding the sum insured/ annual sum insured/ to the sum insured.""]","[""expenses for Medical / Surgical treatment at any Nursing Home / Hospital in India as an In-patient, the Company 6. AYUSH Treatment: Medical expenses for Inpatient will indemnify the Insured Person such expenses as are Hospitalization incurred on treatment under Ayurveda, Yoga and Naturopathy, Unani, Sidha and Homeopathy"", ""systems of medicines in a AYUSH Hospital is payable up but not exceeding the sum insured/ annual sum insured/ to the sum insured.""]",3,2,"[""Policy_Super_Star_V_3_80e5dd8988.pdf_42"", ""Policy_Super_Star_V_3_80e5dd8988.pdf_3"", ""Policy_Super_Star_V_3_80e5dd8988.pdf_43""]","[""Policy_Super_Star_V_3_80e5dd8988.pdf_42"", ""Policy_Super_Star_V_3_80e5dd8988.pdf_43""]",,0.9999999999666667,1.0,0.875281824593031,1.0,0.5,1.0,1.0,0.8290267105511158,0.11012442689662093,0.3448275862068965,0.3034482758620689
Q_100,When does the automatic restoration of sum insured occur and how can it be used?,"The sum insured will be restored unlimited number of times, up to 100% each time, upon partial or full utilization for a subsequent hospitalization. The restoration triggers immediately after partial or full utilization of the sum insured for hospitalization. The restored sum insured can be used for all claim purposes, including modern treatments.","The sum insured is restored automatically when it is partially or fully utilized, up to 100% each time, and the restored amount can be used for a subsequent hospitalization.","[""10,00,000 15,00,000 \u2022 Sum Insured will be restored unlimited number of 2nd amount times and maximum up to 100% each time, which Claim Will the restoration can be utilized for a subsequent hospitalization. kick in? 10,00,000 10,00,000 \u2022 The restoration will trigger immediately upon partial Yes, Why \u2013 Since (Restored (Restored / full utilization of the sum insured, which can be there is full utilization Sum Insured) Sum Insured) utilized for a subsequent hospitalization. of Sum Insured. 10,00,000 10,00,000 \u2022 On partial utilization of the Sum Insured, it will be Available amount for next restored up to extent of utilization. (SI is Restored (SI Restored"", ""\u2022 The Restored Sum Insured can be used for all \u2022 Utilizing this facility alone will not amount to making claims including for modern treatment, but for a"", ""d. During renewal, Cumulative bonus will be reduced 10,00,000 15,00,000 only to the extent of utilized portion and the unutilized (Restored (Restored Available amount for next Cumulative bonus will be carried forward to the next SI 5Lac + SI 5Lac +""]","[""different illness) provides automatic restoration of sum insured subject"", ""10,00,000 15,00,000 \u2022 Sum Insured will be restored unlimited number of 2nd amount times and maximum up to 100% each time, which Claim Will the restoration can be utilized for a subsequent hospitalization. kick in? 10,00,000 10,00,000 \u2022 The restoration will trigger immediately upon partial Yes, Why \u2013 Since (Restored (Restored / full utilization of the sum insured, which can be there is full utilization Sum Insured) Sum Insured) utilized for a subsequent hospitalization. of Sum Insured. 10,00,000 10,00,000 \u2022 On partial utilization of the Sum Insured, it will be Available amount for next restored up to extent of utilization. (SI is Restored (SI Restored""]",3,2,"[""Policy_Super_Star_V_3_80e5dd8988.pdf_75"", ""Policy_Super_Star_V_3_80e5dd8988.pdf_58"", ""Policy_Super_Star_V_3_80e5dd8988.pdf_72""]","[""Policy_Super_Star_V_3_80e5dd8988.pdf_74"", ""Policy_Super_Star_V_3_80e5dd8988.pdf_75""]",,0.9999999999,1.0,0.7300465296845654,1.0,0.75,1.0,1.0,0.9211919346565214,0.3266479238926206,0.5121951219512195,0.36585365853658536
