question_id,user_input,response,reference,retrieved_contexts,reference_contexts,retrieved_contexts_count,reference_contexts_count,retrieved_context_ids,reference_context_ids,errors,context_precision,context_recall,response_relevancy,faithfulness,answer_accuracy,context_relevance,response_groundedness,semantic_similarity,bleu_score,rouge1,rougeL
Q_001,What does the policy mean by an accident?,"The policy defines ""accidental bodily injury"" as physical harm caused by an unexpected, sudden, and unintended event that happens from an outside force, like a fall, collision, or cut. This harm must be visible and not caused by an illness or disease. It also needs to be confirmed by a doctor.","An Accident means sudden, unforeseen and involuntary event caused by external, visible and violent means.","[""Injury means Accidental physical bodily harm excluding Illness or disease solely and directly caused by external, violent, visible and evident means which is verified and certified by a Medical Practitioner."", ""An Accident means sudden, unforeseen and involuntary event caused by external, visible and violent means.""]","[""An Accident means sudden, unforeseen and involuntary event caused by external, visible and violent means.""]",2,1,"[""BAJHLIP23020V012223.pdf_25"", ""BAJHLIP23020V012223.pdf_2""]","[""BAJHLIP23020V012223.pdf_2""]",,0.49999999995,1.0,0.7492196582413904,0.8571428571428571,0.5,1.0,1.0,0.6414482073143407,0.03335559266682753,0.2424242424242424,0.1818181818181818
Q_002,What is considered “any one illness” under this policy?,"Under this policy, ""any one illness"" refers to a single continuous period of sickness, including any relapse (when symptoms return) that happens within 45 days after the last time you were treated at a hospital or nursing home. This means that if you get worse again or have the same illness back within that 45-day window, it will still count as part of the same illness for calculating your benefits.

The policy sets a maximum limit (called the sum insured) for inpatient hospitalization, which applies to all treatments related to that single illness. This limit is the total amount the insurance will pay for all inpatient hospital stays and outpatient treatments linked to that same illness, as defined by the 45-day rule.",Any one Illness means continuous Period of Illness and it includes relapse within 45 days from the date of last consultation with the Hospital/Nursing Home where treatment was taken.,"[""Any one Illness means continuous Period of Illness and it includes relapse within 45 days from the date of last consultation with the Hospital/Nursing Home where treatment was taken."", ""In-patient Hospitalization Up to Sum Insured""]","[""Any one Illness means continuous Period of Illness and it includes relapse within 45 days from the date of last consultation with the Hospital/Nursing Home where treatment was taken.""]",2,1,"[""BAJHLIP23020V012223.pdf_3"", ""BAJHLIP23020V012223.pdf_130""]","[""BAJHLIP23020V012223.pdf_3""]",,0.9999999999,1.0,0.9162452787103653,0.75,0.75,1.0,1.0,0.7140256366551412,0.04076824887784678,0.2987012987012987,0.22077922077922077
Q_003,What is a cashless facility in this insurance policy?,"The cashless hospitalization facility in this policy lets you get treated at a **network hospital** without paying upfront, as long as you follow specific steps. First, you must get **pre-authorization** (approval from the insurer) before admission. For planned hospitalizations, you or your representative must inform the insurer 48 hours in advance and request approval. The insurer will review your request and, if satisfied, send an authorization letter. You or your representative must then show this letter, along with your policy ID card, to the network hospital at the time of admission. The hospital will bill the insurer directly for covered expenses, and you won’t have to pay anything out of pocket for those costs.

If it’s an emergency, you must inform the insurer in writing within 24 hours of hospitalization. The insurer will still review the claim later, but you must still follow up to ensure coverage. Pre-authorization doesn’t guarantee full coverage—some costs may not be covered depending on policy terms. If you don’t get pre-authorization or go to a non-network hospital, you’ll have to pay upfront and submit a reimbursement claim later.

For international coverage, planned treatments require pre-approval at least 72 hours before admission. Without pre-approval, the insurer may decline unnecessary treatments or only cover up to 80% of reasonable expenses.",Cashless Facility means a facility extended by the Insurer to the Insured where the payments of the costs of treatment undergone by the Insured are directly made to the Network Provider by the Insurer to the extent pre-authorization is approved.,"[""Cashless Facility means a facility extended by the Insurer to the Insured where the payments, of the costs of treatment undergone by the Insured in accordance with the Policy terms and conditions, are directly made to the Network Provider by the Insurer to the extent pre-authorization is approved."", ""A. Cashless Claims Procedure: Cashless treatment is only available at Network Hospitals. In order to avail of cashless treatment, the following"", ""If the procedure above is followed, You will not be required to directly pay for the bill amount in the Network Hospital that We are liable under Section AI-Inpatient Hospitalization Treatment above and the original bills and evidence of treatment in respect of the same shall be left with the Network Hospital. Pre-authorisation does not guarantee that all costs and expenses will be covered. We reserve the right to review each claim for Medical Expenses and accordingly coverage will be determined according to the terms and conditions of this Policy. iv. In case any treatment or procedure is to be taken on an Emergency basis, You or Your representative must intimate Us in writing immediately within 24 hours of Hospitalization. B. Reimbursement Claims Procedure: If Pre-authorisation as per Cashless Claims Procedure above is denied by Us or if treatment is taken in a Hospital other than a Network Hospital or if You do not wish to avail Cashless Facility, then: i. You or someone claiming on Your behalf must inform Us in writing immediately within 48 hours of Hospitalization in case of Emergency Hospitalization and 48 hours prior to Hospitalization in case of planned Hospitalization ii."", ""i. For planned treatment or Hospitalization, prior to taking treatment and/or incurring Medical Expenses at a Network Hospital, You or Your representative must intimate Us 48 hours before the planned Hospitalization and request pre-authorisation by way of the written form. ii. After considering Your request and after obtaining any further information or documentation We have sought, We may, if satisfied, send You or the Network Hospital, an authorisation letter. The authorisation letter, the ID card issued to You along with this Policy and any other information or documentation that We have specified must be produced to the Network Hospital identified in the pre-authorization letter at the time of Your admission to the same. iii. If the procedure above is followed, You will not be required to directly pay for the bill amount in the Network Hospital that We are liable under Section AI-Inpatient Hospitalization Treatment above and the original bills and evidence of treatment in respect of the same shall be left with the Network Hospital. Pre-authorisation does not guarantee that all costs and expenses will be covered."", ""Follow the steps below so We can look after the details \u2013 while You concentrate on getting better. Check Your level of cover First, check that Your plan covers the treatment You are seeking. Your Table of Benefits will confirm what is covered. However, You can always call Our Helpline if You have any queries. 24/7 International Helpline number +353 1 630 1301 Some treatments require Our pre-approval Certain benefits under this policy for International Cover would require You to seek pre-approval at least 72 hours prior to admission or availing the benefit in case of planned treatments. The pre-approval process helps Us assess each case, organize everything with the Hospital before Your arrival and make direct payment of Your Hospital bill easier, where possible. If You make a claim without obtaining Our pre-approval the following will apply: i. If the treatment received is subsequently proven to be medically unnecessary, We reserve the right to decline Your claim in accordance with the policy terms and conditions ii. If the treatment is subsequently proven to be medically necessary, we will process the claim basis on reasonable and customary expenses up to 80% of the coverage, subject to the policy terms and conditions.""]","[""Cashless Facility means a facility extended by the Insurer to the Insured where the payments, of the costs of treatment undergone by the Insured in accordance with the Policy terms and conditions, are directly made to the Network Provider by the Insurer to the extent pre-authorization is approved.""]",5,1,"[""BAJHLIP23020V012223.pdf_8"", ""BAJHLIP23020V012223.pdf_367"", ""BAJHLIP23020V012223.pdf_369"", ""BAJHLIP23020V012223.pdf_368"", ""BAJHLIP23020V012223.pdf_381""]","[""BAJHLIP23020V012223.pdf_8""]",,0.999999999975,1.0,0.7658242871796052,0.9230769230769231,0.5,1.0,1.0,0.6277883125462798,0.010232009468512559,0.20300751879699247,0.15789473684210525
Q_004,What does co-payment mean in this health insurance policy?,"In this health insurance policy, a co-payment is a fixed percentage of the eligible medical expenses that you must pay yourself after the insurance company covers its share. For example, if the policy states a 20% co-payment, you pay 20% of the approved claim amount, while the insurance covers the remaining 80%. This percentage does not reduce the total coverage limit (Sum Insured) of your policy. This applies to certain optional or specific benefits like dental claims, where a mandatory 20% co-payment is required for each claim under the Dental Plan Benefits.",A Co-Payment means a cost-sharing requirement under a health insurance Policy that provides that the Policyholder/Insured will bear a specified percentage of the admissible claim amount and it does not reduce the Sum Insured.,"[""A Co-Payment means a cost-sharing requirement under a health insurance Policy that provides that the Policyholder/Insured will bear a specified percentage of the admissible claim amount. A Co-Payment does not reduce the Sum Insured."", ""a. You shall bear 20% of Co-Payment for each and every claim payable under Section C Part B III- Dental Plan Benefits (Optional cover) and Our liability, if any, shall only be in excess of that sum. b. If opted, an aggregate Deductible as specified in the Policy Schedule will apply for expenses under Inpatient"", ""III. DENTAL PLAN BENEFITS (Optional) In consideration of payment of additional premium by the Insured to the Company and realization thereof by the Company, it is hereby agreed and declared that Global Health Care Policy is extended to pay the expenses incurred for the below mentioned Dental related covers with a mandatory Co-Payment of 20% on each and every claim, subject to terms, conditions and definitions, exclusions, up to the limit specified in the Policy Schedule.""]","[""A Co-Payment means a cost-sharing requirement under a health insurance Policy that provides that the Policyholder/Insured will bear a specified percentage of the admissible claim amount. A Co-Payment does not reduce the Sum Insured.""]",3,1,"[""BAJHLIP23020V012223.pdf_11"", ""BAJHLIP23020V012223.pdf_347"", ""BAJHLIP23020V012223.pdf_181""]","[""BAJHLIP23020V012223.pdf_11""]",,0.9999999999666667,1.0,0.9152842054723104,0.8571428571428571,0.5,1.0,1.0,0.8124768121987922,0.05294254110326228,0.3939393939393939,0.27272727272727276
Q_005,What is the definition of congenital anomaly in this policy?,"The policy defines a ""congenital anomaly"" as a physical issue that a baby is born with, which is different from what is considered normal in terms of shape, structure, or position. These can be either visible (like certain birthmarks or limb differences) or hidden inside the body (like heart defects or organ malformations). This definition applies specifically to birth defects covered under the newborn section of the policy.","Congenital Anomaly means a condition which is present since birth and is abnormal with reference to form, structure or position. It may be internal (not visible or accessible parts of the body) or external (visible and accessible parts of the body).","[""Congenital Anomaly means a condition which is present since birth, and which is abnormal with reference to form, structure or position. a. Internal Congenital Anomaly- Congenital Anomaly which is not in the visible and accessible parts of the body b. External Congenital Anomaly- Congenital Anomaly which is in the visible and accessible parts of the body"", ""Pre-Existing Disease means any condition, ailment or Injury or disease a. That is/are diagnosed by a physician within 48 months prior to the effective date of the Policy issued by the insurer or b. For which medical advice or treatment was recommended by, or received from, a physician within 48 months prior to the effective date of the Policy or its reinstatement.""]","[""Congenital Anomaly means a condition which is present since birth, and which is abnormal with reference to form, structure or position. a. Internal Congenital Anomaly- Congenital Anomaly which is not in the visible and accessible parts of the body b. External Congenital Anomaly- Congenital Anomaly which is in the visible and accessible parts of the body""]",2,1,"[""BAJHLIP23020V012223.pdf_10"", ""BAJHLIP23020V012223.pdf_43""]","[""BAJHLIP23020V012223.pdf_10""]",,0.9999999999,0.5,0.9452533464922973,0.5,0.75,1.0,1.0,0.7940245557993257,0.04035682266239978,0.3853211009174312,0.3119266055045872
Q_006,What qualifies as a day care centre according to the policy?,"This policy defines ""day care treatment"" as short medical procedures or surgeries that require a hospital or day care center setting but do not need an overnight stay. These procedures are covered under the policy, but only if they are listed in Annexure I of the policy wording. The key points are that day care treatment is not the same as regular outpatient (OPD) care, where you visit a clinic for diagnosis or treatment without being admitted. Day care treatment is also different from inpatient care, where you stay overnight in the hospital. The policy specifies that day care procedures must be performed in a hospital or a registered day care center with qualified medical staff and proper facilities, such as an operation theater. These services require prior approval from the insurance company before treatment.","A Day Care Centre means an institution established for Day Care Treatment of illness or injuries or a medical set-up with a hospital which is registered with local authorities, under supervision of a qualified Medical Practitioner, has qualified nursing staff, its own fully equipped operation theatre for surgical procedures and maintains daily patient records accessible to the insurer’s authorized personnel.","[""We will pay You the medical expenses as listed under Section C, Part B,I-1 - In-patient Hospitalization Treatment for Day Care Procedures / Surgeries taken as an Inpatient in a Hospital or Day Care Centre but not in the outpatient department. List of Day Care Procedures is as given in the annexure I of Policy wordings. This cover is subject to the Sum Insured, sub-limits, terms, conditions and definitions, exclusions contained or"", ""A Day Care Centre means any institution established for Day Care Treatment of Illness and / or injuries or a medical set -up with a Hospital and which has been registered with the local authorities, wherever applicable, and is under supervision of a registered and qualified Medical Practitioner AND must comply with all minimum criterion as under:- i. has qualified nursing staff under its employment ii. has qualified Medical Practitioner (s) in charge iii. has a fully equipped operation theatre of its own where surgical procedures are carried out iv. maintains daily records of patients and will make these accessible to the Insurance Company\u2019s authorized personnel."", ""We will pay You the medical expenses as listed under Section C, Part A I-1- In-patient Hospitalization Treatment for Day care procedures / Surgeries taken as an Inpatient in a Hospital or Day Care Centre but not in the outpatient department. List of Day Care Procedures is as given in the Annexure I of Policy wordings."", ""i. In-patient Hospitalization Treatment (Section C, Part B,I-1) ii. Day Care Procedures (Section C, Part B,I-5) iii. Living Donor Medical Costs (Section C, Part B,I-6) iv. Mental Illness Treatment (Section C, Part B,I-9) v. Accommodation costs for one parent staying in Hospital with an Insured child under 18 years of age (Applicable to Imperial Plus Plan only) (Section C, Part B,I-11) vi. Palliative care (Applicable to Imperial Plus Plan only) (Section C, Part B,I-16)"", ""OPD treatment means the one in which the Insured visits a clinic / Hospital or associated facility like a consultation room for diagnosis and treatment based on the advice of a Medical Practitioner. The Insured is not admitted as a Day Care Treatment or Inpatient.""]","[""A Day Care Centre means any institution established for Day Care Treatment of Illness and / or injuries or a medical set -up with a Hospital and which has been registered with the local authorities, wherever applicable, and is under supervision of a registered and qualified Medical Practitioner AND must comply with all minimum criterion as under:- i. has qualified nursing staff under its employment ii. has qualified Medical Practitioner (s) in charge iii. has a fully equipped operation theatre of its own where surgical procedures are carried out iv. maintains daily records of patients and will make these accessible to the Insurance Company\u2019s authorized personnel.""]",5,1,"[""BAJHLIP23020V012223.pdf_145"", ""BAJHLIP23020V012223.pdf_13"", ""BAJHLIP23020V012223.pdf_118"", ""BAJHLIP23020V012223.pdf_382"", ""BAJHLIP23020V012223.pdf_41""]","[""BAJHLIP23020V012223.pdf_13""]",,0.9999999999666667,1.0,0.745845788365706,0.8333333333333334,0.5,1.0,1.0,0.6894396886892509,0.010934308890549997,0.29441624365482233,0.18274111675126903
Q_007,How does the policy define emergency care?,"The insurance policy defines emergency medical treatment as immediate medical care needed for a sudden, unexpected illness or injury that could cause serious harm or death if not treated right away. This coverage applies only if treatment starts within 24 hours of the emergency happening. The policy also specifies that emergency treatment outside your usual coverage area (like during travel) is covered for up to six weeks per trip, but only if the treatment begins within 24 hours of the emergency. You must inform the insurer in writing within 48 hours of hospitalization for an emergency. The policy requires a doctor’s certification confirming the emergency was life-threatening and that the treatment was accepted under the ""In-patient Hospitalization Treatment"" or ""Day Care Procedures"" sections. You must also follow the doctor’s advice and take steps to minimize costs.",Emergency care means management for an illness or injury with symptoms that occur suddenly and unexpectedly and requires immediate care by a Medical Practitioner to prevent death or serious long term impairment of the insured person’s health.,"[""Emergency Treatment shall be accordingly taken/interpreted as per definition of Emergency Care read with this definition. Provided however only treatment commencing within 24 hours of the Emergency event will be covered."", ""Emergency care means management for an Illness or Injury which results in symptoms which occur suddenly and unexpectedly, and requires immediate care by a Medical Practitioner to prevent death or serious long term impairment of the Insured person\u2019s health."", ""Emergency treatment outside area of cover is treatment for medical emergencies which occur during business or holiday trips outside Your area of cover. Cover is provided for up to six weeks per trip within the maximum benefit amount. It includes treatment required due to an Accident or the sudden beginning or worsening of a severe Illness which presents an immediate threat to Your health. Treatment by a Doctor must start within 24 hours of the Emergency event. Cover is not provided for curative or follow-up non-Emergency treatment, even if You are deemed unable to travel to a country within Your geographical area of cover. Nor does it extend to charges relating to maternity, pregnancy, childbirth or any complications of pregnancy or childbirth. You must tell Us if You are going to be outside Your area of cover for more than six weeks."", ""i. Such life threatening Emergency condition is certified by the Medical Practitioner, and ii. We have accepted Your Claim under \""In-patient Hospitalization Treatment\"" or \""Day Care Procedures\"""", ""You or someone claiming on Your behalf must inform Us in writing immediately within 48 hours of Hospitalization in case of Emergency Hospitalization and 48 hours prior to Hospitalization in case of planned Hospitalization ii. You must immediately consult a Medical Practitioner and follow the advice and treatment that he recommends. iii. You must take reasonable steps or measures to minimize the quantum of any claim that may be made under this"", ""12. Emergency treatment outside area of cover (Applicable to Imperial Plus Plan only if \u201cExcluding USA\u201d cover is opted) We will pay the Customary and Reasonable expenses, up to the limit specified in the Policy Schedule, incurred for treatment of medical emergencies which occur during business or holiday trips outside Your area of cover. Cover is provided for up to six weeks per trip within the Sum Insured limit. It includes treatment required due to an Accident or the sudden beginning or worsening of a severe Illness which presents an immediate threat to Your health. Treatment by a Doctor must start within 24 hours of the Emergency event.""]","[""Emergency care means management for an Illness or Injury which results in symptoms which occur suddenly and unexpectedly, and requires immediate care by a Medical Practitioner to prevent death or serious long term impairment of the Insured person\u2019s health.""]",6,1,"[""BAJHLIP23020V012223.pdf_66"", ""BAJHLIP23020V012223.pdf_18"", ""BAJHLIP23020V012223.pdf_69"", ""BAJHLIP23020V012223.pdf_143"", ""BAJHLIP23020V012223.pdf_370"", ""BAJHLIP23020V012223.pdf_160""]","[""BAJHLIP23020V012223.pdf_18""]",,0.555555555537037,1.0,0.8021108776544709,1.0,0.5,1.0,1.0,0.6673361228179673,0.04953477843159771,0.25842696629213485,0.1348314606741573
Q_008,What is hospitalization according to the policy terms?,"Inpatient hospitalization means staying overnight in a hospital for treatment that requires you to remain there for more than 24 hours. This applies when you are admitted for a covered medical condition or procedure. However, some specific treatments or procedures may allow for shorter hospital stays of less than 24 hours, even if they are considered inpatient care. For example, certain surgeries or diagnostic tests might qualify for reimbursement if you are admitted for less than a full day but still receive treatment as an inpatient. Additionally, prior approval from the insurance company is required before undergoing inpatient hospitalization treatment.",Hospitalization means admission in a Hospital for a minimum period of 24 consecutive in-patient care hours except for specified procedures or treatments where admission could be for less than 24 consecutive hours.,"[""Inpatient care means treatment for which the Insured has to stay in a Hospital for more than 24 hours for a covered event."", ""Hospitalization means admission in a Hospital for a minimum period of 24 consecutive In-patient Care hours except for specified procedures/ treatments, where such admission could be for a period of less than 24 consecutive hours."", ""i. In-patient Hospitalization Treatment (Section C, Part B,I-1) ii. Day Care Procedures (Section C, Part B,I-5) iii. Living Donor Medical Costs (Section C, Part B,I-6) iv. Mental Illness Treatment (Section C, Part B,I-9) v. Accommodation costs for one parent staying in Hospital with an Insured child under 18 years of age (Applicable to Imperial Plus Plan only) (Section C, Part B,I-11) vi. Palliative care (Applicable to Imperial Plus Plan only) (Section C, Part B,I-16)""]","[""Hospitalization means admission in a Hospital for a minimum period of 24 consecutive In-patient Care hours except for specified procedures/ treatments, where such admission could be for a period of less than 24 consecutive hours.""]",3,1,"[""BAJHLIP23020V012223.pdf_26"", ""BAJHLIP23020V012223.pdf_22"", ""BAJHLIP23020V012223.pdf_382""]","[""BAJHLIP23020V012223.pdf_22""]",,0.49999999995,1.0,0.6403394069400035,0.42857142857142855,0.5,1.0,0.75,0.8340196668783655,0.03449612988879278,0.3007518796992481,0.24060150375939848
Q_009,How does the policy define an injury?,"The policy defines a covered injury as an accidental physical harm or trauma to your body. It must be caused by something sudden and unexpected, like a fall, car accident, or injury from an external force. The injury should not be from an illness or disease, and it must be visible and confirmed by a doctor. Examples include a broken bone from a slip or a cut from a sharp object, but not something like a chronic condition or a disease.","Injury means accidental physical bodily harm excluding illness or disease solely and directly caused by external, violent, visible and evident means which is verified and certified by a Medical Practitioner.","[""Injury means Accidental physical bodily harm excluding Illness or disease solely and directly caused by external, violent, visible and evident means which is verified and certified by a Medical Practitioner.""]","[""Injury means Accidental physical bodily harm excluding Illness or disease solely and directly caused by external, violent, visible and evident means which is verified and certified by a Medical Practitioner.""]",1,1,"[""BAJHLIP23020V012223.pdf_25""]","[""BAJHLIP23020V012223.pdf_25""]",,0.9999999999,1.0,0.8319140764529087,0.8571428571428571,0.5,1.0,1.0,0.6713801460542664,0.02125501715821733,0.2882882882882883,0.21621621621621623
Q_010,What is meant by a new born baby under this policy?,"This insurance policy covers a newborn child under the insured’s dependent coverage or family floater plan if the child is added as a family member within the policy’s terms. The policy does not explicitly state the exact eligibility criteria for newborns, but it requires that any family member covered under the plan must be at least 3 months old and no older than 65 years at the start of the policy year. This means the newborn must meet the age requirement of being at least 3 months old to be included as a dependent or under the family floater plan.",New Born Baby means a baby born during the Policy Period and aged up to 90 days.,"[""named in the Policy Schedule means the Insured or Insured\u2019s Family Members who are beneficiaries that We insure as set out in the Schedule."", ""Where an Insured is added to this Policy, either by way of Endorsement or at the time of renewal, the pre-existing disease clause, exclusions and waiting periods will be applicable considering such Policy Year as the first year of"", ""Insured means the persons, or his Family Members, named in the Schedule provided that an Insured or his Family Members has attained the age of 3 months and is not older than 65 years of age at the commencement of""]","[""New Born Baby means baby born during the Policy Period and is aged up to 90 days.""]",3,1,"[""BAJHLIP23020V012223.pdf_108"", ""BAJHLIP23020V012223.pdf_356"", ""BAJHLIP23020V012223.pdf_83""]","[""BAJHLIP23020V012223.pdf_38""]",,0.0,0.0,0.0,0.6,0.0,0.0,0.5,0.6494785442583686,0.015301683686839006,0.11764705882352942,0.10084033613445378
Q_011,What conditions must be met for pre-hospitalization medical expenses to be covered?,"Your insurance policy covers reimbursement for outpatient consultation charges that happened before hospitalization, but only if these charges are for the same medical condition that led to your hospital stay. The policy also requires that your inpatient hospitalization claim for that stay has already been approved or accepted by the insurance company. There is no explicit mention of a separate ""pre-existing condition clause"" for these outpatient charges, but the policy implies that these charges must be related to the same condition that caused hospitalization. You will need to submit proof of these outpatient consultations, such as bills or receipts, along with your hospitalization claim to get reimbursed.","Pre-Hospitalization Medical Expenses are medical expenses incurred during the predefined number of days preceding hospitalization, provided that the expenses are incurred for the same condition for which hospitalization was required and the inpatient hospitalization claim for that hospitalization is admissible by the Insurance Company.","[""i. Such Medical Expenses are incurred for the same condition for which the Insured\u2019s Hospitalization was required, and ii. The In-patient Hospitalization claim for such Hospitalization is admissible by the Insurance Company."", ""i. Such Medical Expenses are for the same condition for which the Insured\u2019s Hospitalization was required, and ii. The Inpatient Hospitalization claim for such Hospitalization is admissible by the Insurance Company.""]","[""Pre-Hospitalization Medical Expenses means medical expenses incurred during pre-defined number of days"", ""i. Such Medical Expenses are incurred for the same condition for which the Insured\u2019s Hospitalization was required, and ii. The In-patient Hospitalization claim for such Hospitalization is admissible by the Insurance Company.""]",2,2,"[""BAJHLIP23020V012223.pdf_45"", ""BAJHLIP23020V012223.pdf_47""]","[""BAJHLIP23020V012223.pdf_44"", ""BAJHLIP23020V012223.pdf_45""]",,0.99999999995,1.0,0.5108807458167596,0.16666666666666666,0.75,1.0,0.5,0.64173132935634,0.04214235006640779,0.3660130718954248,0.2222222222222222
Q_012,When are post-hospitalization medical expenses covered under the policy?,"The policy covers ambulatory (outpatient) medical expenses after you are discharged from inpatient hospitalization for up to 90 days. This coverage applies only if the expenses are related to the same illness or injury that required the earlier hospitalization, and if the inpatient claim was already accepted by the insurer.","Post-Hospitalization Medical Expenses are medical expenses incurred during predefined days immediately after the insured is discharged from the hospital, provided that the expenses relate to the same condition for which hospitalization was required and the inpatient hospitalization claim for that hospitalization is admissible by the Insurance Company.","[""The Medical Expenses incurred during the 180 days immediately after You were discharged post Hospitalization provided that: Such costs are incurred in respect of the same Illness/Injury for which the earlier Hospitalization was required, and We have accepted an Inpatient Hospitalization claim under Inpatient Hospitalization Treatment."", ""The Medical Expenses incurred during the 90 days immediately after You were discharged post Hospitalization provided that: Such costs are incurred in respect of the same Illness/Injury for which the earlier Hospitalization was required, and We have accepted an Inpatient Hospitalization claim under Inpatient Hospitalization Treatment. . This cover is subject to the Sum Insured, sub-limits, terms, conditions and definitions, exclusions contained or""]","[""Post-Hospitalization Medical Expenses means medical expenses incurred during pre-defined number of days"", ""i. Such Medical Expenses are for the same condition for which the Insured\u2019s Hospitalization was required, and ii. The Inpatient Hospitalization claim for such Hospitalization is admissible by the Insurance Company.""]",2,2,"[""BAJHLIP23020V012223.pdf_114"", ""BAJHLIP23020V012223.pdf_141""]","[""BAJHLIP23020V012223.pdf_46"", ""BAJHLIP23020V012223.pdf_47""]",,0.99999999995,1.0,0.7633166462884078,0.6666666666666666,0.5,1.0,0.5,0.7463292045096139,0.019296468280347936,0.5714285714285714,0.4081632653061225
Q_013,What conditions must be satisfied for treatment to be considered medically necessary?,"For a treatment or procedure to be covered by this insurance policy, it must be considered medically necessary. This means the treatment should be required to address an immediate health risk or help manage an illness or injury that the insured person is suffering from. The attending doctor must confirm this necessity in writing. Additionally, the treatment must be the right level of care—neither too little nor too much—based on what’s generally accepted by medical professionals either internationally or in India. If the treatment is only for diagnostic or evaluation purposes without actual medical care, it may not be covered. Also, the treatment must be directly related to the current diagnosis and treatment plan of the insured person.","Medically necessary treatment refers to treatment, tests, medication or hospital stay that is required for the medical management of the illness or injury, must not exceed the level of care necessary to provide safe and appropriate medical care, must be prescribed by a Medical Practitioner, and must conform to professional standards widely accepted in international medical practice or by the medical community in India.","[""immediate health risk to the Insured. For this to be considered a medical necessity, it must be certified by the attending Medical Practitioner."", ""i. is required for the medical management of the Illness or Injury suffered by the Insured ii. must not exceed the level of care necessary to provide safe, adequate and appropriate medical care in scope, duration, or intensity iii. must have been prescribed by a Medical Practitioner, iv. must conform to the professional standards widely accepted in international medical practice or by the medical community in India."", ""a. Expenses related to any admission primarily for diagnostics and evaluation purposes only are excluded. b. Any diagnostic expenses which are not related or not incidental to the current diagnosis and treatment are excluded.""]","[""Medically necessary treatment means any treatment, tests, medication, or stay in Hospital or part of a stay in"", ""i. is required for the medical management of the Illness or Injury suffered by the Insured ii. must not exceed the level of care necessary to provide safe, adequate and appropriate medical care in scope, duration, or intensity iii. must have been prescribed by a Medical Practitioner, iv. must conform to the professional standards widely accepted in international medical practice or by the medical community in India.""]",3,2,"[""BAJHLIP23020V012223.pdf_266"", ""BAJHLIP23020V012223.pdf_35"", ""BAJHLIP23020V012223.pdf_217""]","[""BAJHLIP23020V012223.pdf_34"", ""BAJHLIP23020V012223.pdf_35""]",,0.49999999995,1.0,0.6106644133023861,0.7,0.75,1.0,1.0,0.75026441051353,0.004026257605905554,0.46486486486486484,0.22702702702702704
Q_014,What requirements must a hospital meet under this policy?,"For inpatient hospitalization services to be covered under this policy, the hospital must be officially recognized and registered. This means the hospital must be registered under the Clinical Establishments (Registration and Regulation) Act, 2010 in India, or under similar local laws listed in the policy’s Schedule of Section 56(1). If you’re using cashless treatment, the hospital must also be part of the insurer’s or their partner’s approved network of providers.","A hospital is an institution established for inpatient care and day care treatment of illness or injuries and registered with the local authorities under the Clinical Establishments Act or relevant law, and must have qualified nursing staff round the clock, at least 10 inpatient beds in towns with population below 10,00,000 or 15 in other places, qualified Medical Practitioners in charge round the clock, a fully equipped operation theatre, and must maintain daily patient records accessible to the Insurance Company’s authorized personnel.","[""A Hospital means any institution established for Inpatient care and Day Care Treatment of Illness and/or injuries and which has been registered as a Hospital with the local authorities under the Clinical Establishments (Registration and Regulation) Act, 2010 OR under the enactments specified under the Schedule of Section 56(1)"", ""Network Provider means Hospitals or health care providers enlisted by an insurer, TPA or jointly by an Insurer and TPA to provide medical services to an Insured by a Cashless Facility.""]","[""A Hospital means any institution established for Inpatient care and Day Care Treatment of Illness and/or injuries and which has been registered as a Hospital with the local authorities under the Clinical Establishments (Registration and Regulation) Act, 2010 OR under the enactments specified under the Schedule of Section 56(1)"", ""i. has qualified nursing staff under its employment round the clock ii. has at least 10 Inpatient beds in towns having a population of less than 10,00,000 and at least 15 Inpatient beds in all other places iii. has qualified Medical Practitioner(s) in charge round the clock iv. has a fully equipped operation theatre of its own where surgical procedures are carried out v. maintains daily records of patients and makes these accessible to the Insurance Company\u2019s authorized personnel.""]",2,2,"[""BAJHLIP23020V012223.pdf_20"", ""BAJHLIP23020V012223.pdf_37""]","[""BAJHLIP23020V012223.pdf_20"", ""BAJHLIP23020V012223.pdf_21""]",,0.9999999999,0.16666666666666666,0.7972470324140288,0.8,0.25,0.5,1.0,0.6398486203687404,0.0015612220651635513,0.35000000000000003,0.22499999999999998
Q_015,What are the criteria for emergency inpatient dental treatment arising from an accident?,"Your insurance policy covers emergency inpatient dental treatment only if it is due to a serious accident and requires immediate hospital admission. The treatment must start within 24 hours of the accident. This coverage applies to urgent dental care caused by the accident, but not to follow-up treatments, cosmetic dentistry, implants, braces, or routine dental work. The hospital stay must be necessary for proper medical care, as prescribed by a doctor, and must meet international medical standards.

To claim coverage, you need to show proof that the accident was life-threatening or serious enough to require hospitalization. This includes a doctor’s certificate confirming the emergency nature of the condition and the need for inpatient care. The claim must also be accepted under the ""In-patient Hospitalization Treatment"" section of the policy.

Documentation requirements typically include:
1. A doctor’s certificate stating the accident caused the dental emergency and hospitalization was medically necessary.
2. Proof of the accident (e.g., police report, medical records, or witness statements).
3. Hospital bills and treatment records showing the inpatient dental procedure was performed within 24 hours of the accident.
4. Any other documents the insurer requests to verify the claim.","Emergency inpatient dental treatment arising from an accident refers to acute emergency dental treatment due to a serious accident requiring admission to hospital, and the treatment must take place within 24 hours of the emergency event.","[""Emergency Inpatient Dental Treatment arising from an Accident refers to acute Emergency Dental Treatment that is due to a serious Accident and requires admission to Hospital. The treatment must take place within 24 hours of"", ""the Emergency event. Cover does not extend to follow-up Dental Treatment, dental surgery, dental prostheses, orthodontics or periodontics."", ""Cost of Artificial Limbs, cost of prosthetic devices implanted during surgical procedure like Pacemaker, orthopedic implants, cardiac valve replacements, vascular stents. ix. Relevant laboratory diagnostic tests, X-ray, and other Radiology tests and such similar expenses that are medically necessary prescribed by the treating Medical Practitioner. x. Emergency Inpatient Hospitalization for Dental Treatment arising from an Accident This cover is subject to the Sum Insured, sub-limits, Deductibles, terms, conditions and definitions, exclusions"", ""i. Such life threatening Emergency condition is certified by the Medical Practitioner, and ii. We have accepted Your Claim under \""In-patient Hospitalization Treatment\"" or \""Day Care Procedures\"" section of"", ""orthodontics, surgery of any kind unless as a result of Accidental Bodily Injury to natural teeth and also requiring Hospitalization unless specified . 2) Medical expenses where Inpatient care is not warranted and does not require supervision of qualified nursing staff and qualified Medical Practitioner round the clock 3) War, invasion, acts of foreign enemies, hostilities (whether war be declared or not), civil war, commotion, unrest, rebellion, revolution, insurrection, military or usurped power or confiscation or nationalization or requisition of or damage by or under the order of any government or public local authority. Any Medical expenses incurred due to Act of Terrorism will be covered under the Policy. 4) The cost of spectacles, contact lenses, hearing aids, crutches, dentures, artificial teeth and all other external appliances and/or devices whether for diagnosis or treatment except for Cost of Artificial Limbs, cost of prosthetic devices implanted during surgical procedure like Pacemaker, orthopedic implants, cardiac valve replacements, vascular stents etc."", ""i. is required for the medical management of the Illness or Injury suffered by the Insured ii. must not exceed the level of care necessary to provide safe, adequate and appropriate medical care in scope, duration, or intensity iii. must have been prescribed by a Medical Practitioner, iv. must conform to the professional standards widely accepted in international medical practice or by the medical community in India.""]","[""Emergency Inpatient Dental Treatment arising from an Accident refers to acute Emergency Dental Treatment that is due to a serious Accident and requires admission to Hospital. The treatment must take place within 24 hours of"", ""the Emergency event. Cover does not extend to follow-up Dental Treatment, dental surgery, dental prostheses, orthodontics or periodontics.""]",6,2,"[""BAJHLIP23020V012223.pdf_67"", ""BAJHLIP23020V012223.pdf_68"", ""BAJHLIP23020V012223.pdf_138"", ""BAJHLIP23020V012223.pdf_116"", ""BAJHLIP23020V012223.pdf_234"", ""BAJHLIP23020V012223.pdf_35""]","[""BAJHLIP23020V012223.pdf_67"", ""BAJHLIP23020V012223.pdf_68""]",,0.8333333332916666,1.0,0.7425547576452807,0.7857142857142857,0.75,1.0,1.0,0.8211866341256868,0.11565081443970382,0.2393162393162393,0.1794871794871795
Q_016,Who qualifies as a dependent and how long can a child remain a dependent?,"Under this policy, a child can be classified as a dependent until the day before their 25th birthday. If the child is enrolled in full-time education and is financially dependent on the policyholder (the person whose name is on the insurance plan), the coverage can extend until the day before their 30th birthday.","A dependent means a family member who is the insured’s spouse, children, parents or parents-in-law. A child is considered dependent up to the day before their 25th birthday, or up to the day before their 30th birthday if enrolled in full-time education and financially dependent on the proposer.","[""A child is considered a dependent for insurance purposes up to the day before his/her 25th birthday. If enrolled in full time education a child is considered as dependent up to the day before his/her 30th birthday provided he is financially dependent on the proposer.""]","[""Dependent means a family member who is Your spouse, children and parents/parents-in-law."", ""A child is considered a dependent for insurance purposes up to the day before his/her 25th birthday. If enrolled in full time education a child is considered as dependent up to the day before his/her 30th birthday provided he is financially dependent on the proposer.""]",1,2,"[""BAJHLIP23020V012223.pdf_64""]","[""BAJHLIP23020V012223.pdf_63"", ""BAJHLIP23020V012223.pdf_64""]",,0.9999999999,0.5,0.7276377642942542,1.0,0.75,1.0,1.0,0.7661274646694318,0.28339296176052864,0.5849056603773585,0.3773584905660377
Q_017,What qualifies as obesity according to the policy and how is it measured?,"This policy defines obesity using the Body Mass Index (BMI), which is a way to measure if someone’s weight is healthy based on their height. According to the policy, obesity is when a person’s BMI is 30 or higher. BMI is calculated by dividing a person’s weight in kilograms by their height in meters, squared. For example, if someone weighs 90 kg and is 1.7 meters tall, their BMI would be 90 divided by (1.7 times 1.7), which equals about 31.2—so they would be considered obese under this policy.

The policy does not specify exactly how obesity will be verified with measurements or clinical assessments, such as using scales, height measurements, or doctor visits. It only mentions BMI as the defining factor for obesity.","Obesity means abnormal or excessive fat accumulation that may impair health and is measured using Body Mass Index (BMI), which is calculated as weight in kilograms divided by the square of height in meters. According to the WHO definition, BMI greater than or equal to 30 is classified as obesity.","[""Obesity means abnormal or excessive fat accumulation that may impair health. Obesity is measured in Body Mass Index. Body mass index (BMI) is a simple index of weight-for-height that is commonly used to classify overweight and obesity in adults. It is defined as a person's weight in kilograms divided by the square of his height in meters (kg/m2)."", ""\uf0b7 BMI greater than or equal to 25 is overweight \uf0b7 BMI greater than or equal to 30 is obesity"", ""sight due to refractive error recommended by Ophthalmologist 33. Bariatric Surgery for medical reasons with refractive error greater or equal to 7.5""]","[""Obesity means abnormal or excessive fat accumulation that may impair health. Obesity is measured in Body Mass Index. Body mass index (BMI) is a simple index of weight-for-height that is commonly used to classify overweight and obesity in adults. It is defined as a person's weight in kilograms divided by the square of his height in meters (kg/m2)."", ""\uf0b7 BMI greater than or equal to 25 is overweight \uf0b7 BMI greater than or equal to 30 is obesity""]",3,2,"[""BAJHLIP23020V012223.pdf_84"", ""BAJHLIP23020V012223.pdf_85"", ""BAJHLIP23020V012223.pdf_215""]","[""BAJHLIP23020V012223.pdf_84"", ""BAJHLIP23020V012223.pdf_85""]",,0.99999999995,0.5,0.8412573563303192,0.8,0.5,1.0,1.0,0.7882014787653547,0.234510002916521,0.3846153846153846,0.21978021978021978
Q_018,What are the conditions for emergency treatment outside the area of cover?,"Your insurance covers emergency medical treatment if you get hurt suddenly or develop a severe illness that requires immediate care while traveling outside the area covered by your policy. This applies only if treatment starts within 24 hours of the emergency. The coverage lasts for up to six weeks per trip and is limited to the maximum benefit amount or sum insured specified in your policy. However, this does not include routine follow-up care, pregnancy-related treatments, or maternity-related expenses. You must also inform the insurer if you plan to stay outside the coverage area for more than six weeks.",Emergency treatment outside the area of cover refers to treatment for medical emergencies that occur during business or holiday trips outside the insured’s area of cover and includes treatment due to an accident or the sudden onset or worsening of a severe illness posing an immediate threat to health. Treatment by a doctor must start within 24 hours of the emergency event and coverage is provided for up to six weeks per trip within the maximum benefit amount.,"[""Emergency treatment outside area of cover is treatment for medical emergencies which occur during business or holiday trips outside Your area of cover. Cover is provided for up to six weeks per trip within the maximum benefit amount. It includes treatment required due to an Accident or the sudden beginning or worsening of a severe Illness which presents an immediate threat to Your health. Treatment by a Doctor must start within 24 hours of the Emergency event. Cover is not provided for curative or follow-up non-Emergency treatment, even if You are deemed unable to travel to a country within Your geographical area of cover. Nor does it extend to charges relating to maternity, pregnancy, childbirth or any complications of pregnancy or childbirth. You must tell Us if You are going to be outside Your area of cover for more than six weeks."", ""12. Emergency treatment outside area of cover (Applicable to Imperial Plus Plan only if \u201cExcluding USA\u201d cover is opted) We will pay the Customary and Reasonable expenses, up to the limit specified in the Policy Schedule, incurred for treatment of medical emergencies which occur during business or holiday trips outside Your area of cover. Cover is provided for up to six weeks per trip within the Sum Insured limit. It includes treatment required due to an Accident or the sudden beginning or worsening of a severe Illness which presents an immediate threat to Your health. Treatment by a Doctor must start within 24 hours of the Emergency event."", ""Cover is not provided for curative or follow-up non-Emergency treatment, even if You are deemed unable to travel to a country within Your geographical area of cover. Nor does it extend to charges relating to maternity, pregnancy, childbirth or any complications of pregnancy or childbirth. This cover is subject to the Sum Insured, sub-limits, terms, conditions and definitions, exclusions contained or""]","[""Emergency treatment outside area of cover is treatment for medical emergencies which occur during business or holiday trips outside Your area of cover. Cover is provided for up to six weeks per trip within the maximum benefit amount. It includes treatment required due to an Accident or the sudden beginning or worsening of a severe Illness which presents an immediate threat to Your health. Treatment by a Doctor must start within 24 hours of the Emergency event. Cover is not provided for curative or follow-up non-Emergency treatment, even if You are deemed unable to travel to a country within Your geographical area of cover. Nor does it extend to charges relating to maternity, pregnancy, childbirth or any complications of pregnancy or childbirth. You must tell Us if You are going to be outside Your area of cover for more than six weeks.""]",3,1,"[""BAJHLIP23020V012223.pdf_69"", ""BAJHLIP23020V012223.pdf_160"", ""BAJHLIP23020V012223.pdf_161""]","[""BAJHLIP23020V012223.pdf_69""]",,0.9999999999666667,1.0,0.6056969935334857,1.0,0.75,1.0,1.0,0.852249012819349,0.09441736560939334,0.5524861878453039,0.3093922651933702
Q_019,What conditions define a chronic illness under the policy?,"The policy defines a chronic illness as a disease, sickness, or injury that does not heal quickly or fully with treatment. Unlike acute conditions, which usually get better fast and return you to your normal health, chronic illnesses last longer and may require ongoing care. The policy does not provide a full list of specific chronic illnesses, but it describes the general nature of these conditions—meaning they involve long-term health issues that don’t resolve quickly.","A chronic condition is a disease, illness or injury that requires ongoing or long-term monitoring through consultations or tests, requires ongoing control for relief of symptoms, may require rehabilitation or special training for the patient to cope with it, may continue indefinitely, or may recur or be likely to recur.","[""Illness means a sickness or a disease or pathological condition leading to the impairment of normal physiological function and requires medical treatment. a. Acute condition - Acute condition is a disease, Illness or Injury that is likely to respond quickly to treatment which aims to return the person to his or her state of health immediately before suffering the disease/Illness/Injury which leads to full recovery. b. Chronic condition \u2013 A chronic condition is defined as a disease, Illness, or Injury that has one or more of the""]","[""Illness means a sickness or a disease or pathological condition leading to the impairment of normal physiological function and requires medical treatment. a. Acute condition - Acute condition is a disease, Illness or Injury that is likely to respond quickly to treatment which aims to return the person to his or her state of health immediately before suffering the disease/Illness/Injury which leads to full recovery. b. Chronic condition \u2013 A chronic condition is defined as a disease, Illness, or Injury that has one or more of the"", ""a. it needs ongoing or long-term monitoring through consultations, examinations, check-ups, and /or tests b. it needs ongoing or long-term control for relief of symptoms c. it requires rehabilitation for the patient or for the patient to be specially trained to cope with it d. it continues indefinitely e. it recurs or is likely to recur.""]",1,2,"[""BAJHLIP23020V012223.pdf_23""]","[""BAJHLIP23020V012223.pdf_23"", ""BAJHLIP23020V012223.pdf_24""]",,0.9999999999,0.0,0.9110621864638033,0.8571428571428571,0.5,1.0,1.0,0.73795961166174,0.030208040221685533,0.31007751937984496,0.186046511627907
Q_020,What does rehabilitation treatment involve and when must it begin?,"This policy covers rehabilitation services as part of inpatient hospitalization benefits when they are needed to help you recover and regain function after an illness, injury, or surgery. Rehabilitation includes treatments like physical therapy, occupational therapy, or speech therapy to restore your ability to perform daily activities. The coverage applies only if the rehabilitation is done by a specialist doctor in a licensed rehabilitation hospital or unit. The treatment must start within 14 days after you are discharged from the hospital following acute medical or surgical care. Additionally, the policy states that the rehabilitation cannot be done as an outpatient (i.e., it must be inpatient) for this coverage to apply.","Rehabilitation is treatment that combines therapies such as physical, occupational and speech therapy to restore original form or function after an acute illness, injury or surgery, and the treatment must take place in a licensed rehabilitation facility and start within 14 days of discharge from acute medical or surgical treatment.","[""Rehabilitation is defined as a set of interventions designed to optimize functioning and reduce disability in individuals with health conditions in interaction with their environment. It aims to restore original form or function after an acute Illness, Injury or surgery. Rehabilitation is a treatment that combines therapies such as physical, occupational and speech therapy. We will pay You up to the limits specified in the Policy Schedule for the cost of In-patient Rehabilitation provided a. it is carried out by a Medical Practitioner specializing in rehabilitation; and b. it is carried out in a licensed rehabilitation Hospital or unit; c. We have accepted an Inpatient Hospitalization claim for the Insured under In Patient Hospitalization Treatment and rehabilitation starts within 14 days of discharge from Hospital following acute medical and/or surgical treatment d. the treatment could not be carried out on an out-patient basis This cover is subject to the Sum Insured, sub-limits, terms, conditions and definitions, exclusions contained or"", ""Rehabilitation Hospitals/unit/facility, also referred to as Inpatient rehabilitation Hospitals, are devoted to the rehabilitation of patients with various neurological, musculoskeletal, orthopedic and other medical conditions following stabilisation of their acute medical issues."", ""Rehabilitation is a treatment that combines therapies such as physical, occupational and speech therapy. It aims to restore original form or function after an acute Illness, Injury or surgery. Treatment must take place in a licensed rehabilitation facility and start within 14 days of discharge from acute medical and/or surgical treatment.""]","[""Rehabilitation is defined as \u201ca set of interventions designed to optimize functioning and reduce disability in"", ""Rehabilitation is a treatment that combines therapies such as physical, occupational and speech therapy. It aims to restore original form or function after an acute Illness, Injury or surgery. Treatment must take place in a licensed rehabilitation facility and start within 14 days of discharge from acute medical and/or surgical treatment.""]",3,2,"[""BAJHLIP23020V012223.pdf_158"", ""BAJHLIP23020V012223.pdf_100"", ""BAJHLIP23020V012223.pdf_99""]","[""BAJHLIP23020V012223.pdf_98"", ""BAJHLIP23020V012223.pdf_99""]",,0.8333333332916666,1.0,0.5897543305694548,0.875,1.0,1.0,1.0,0.7523083782756472,0.04563821631154383,0.4844720496894411,0.3105590062111801
Q_021,What does the policy mean by an accident?,"The policy does not explicitly define ""accidental bodily injury"" in the provided chunks. However, it does clarify that claims arising due to an accident are excluded from certain waiting periods, such as the 24-month waiting period for specified diseases or procedures. This implies that an accident is treated as a separate event from illnesses or pre-existing conditions, and injuries caused by accidents are covered more quickly or without the waiting period. For a precise definition of ""accidental bodily injury,"" you would need to refer to the policy’s accident coverage clause or general definitions section, which were not included in the provided chunks.","An accident means a sudden, unforeseen and involuntary event caused by external, visible and violent means.","[""A. Expenses related to the treatment of the following listed Conditions, surgeries/treatments shall be excluded until the expiry of 24 months of continuous coverage after the date of inception of the first policy with us. This exclusion shall not be applicable for claims arising due to an accident. B. In case of enhancement of sum insured the exclusion shall apply afresh to the extent of sum insured increase. C. If any of the specified disease/procedure falls under the waiting period specified for pre-Existing diseases, then the longer of the two waiting periods shall apply. D. The waiting period for listed conditions shall apply even if contracted after the policy or declared and""]","[""Accident: An accident means sudden, unforeseen and involuntary event caused by external, visible and violent means. Any one illness: Any one illness means continuous period of illness and includes relapse within 45 days from the date of last consultation with the Hospital/Nursing Home where treatment was taken. AYUSH Day Care Centre: AYUSH Day Care Centre means and includes Community Health Centre (CHC), Primary Health Centre (PHC), Dispensary, Clinic, Polyclinic or any such health centre which is registered with the local authorities, wherever applicable and having facilities for carrying out treatment procedures and medical or surgical/para-surgical interventions or both under the supervision of registered AYUSH Medical Practitioner (s) on day care basis without in-patient services and must comply with all the following criterion: i. Having qualified registered AYUSH Medical Practitioner(s) in charge; ii. Having dedicated AYUSH therapy sections as required and/or has equipped operation theatre where surgical procedures are to be carried out; iii. Maintaining daily records of the patients and making them accessible to the insurance company's authorized representative.""]",1,1,"[""Classic_Group_Health_Insurance_6e05831c03.pdf_50""]","[""Classic_Group_Health_Insurance_6e05831c03.pdf_1""]",,0.0,0.0,0.0,1.0,0.25,0.75,0.5,0.4960775925841676,0.0,0.11570247933884298,0.09917355371900827
Q_022,What is meant by co-payment in this policy?,"This policy does not explicitly define a fixed co-payment or co-insurance percentage for consultation charges, diagnostic tests, inpatient hospitalization, or pharmaceutical expenses. Instead, it outlines specific coverage limits and conditions for certain expenses. For example, there is a 7% co-payment on post-hospitalization expenses (like nursing, surgeon fees, diagnostics, and drugs) up to a maximum of Rs 5000 per hospitalization. This 7% applies only to those listed expenses after discharge. However, the policy does not mention a general co-payment or co-insurance percentage for routine consultation charges, diagnostic tests, or pharmaceutical costs during hospitalization or treatment.

For inpatient hospitalization, the policy covers associated medical expenses like professional fees, OT charges, and procedure charges, but these may be adjusted if a higher room category is chosen. There is no direct mention of a co-payment percentage for these expenses, though the policy clarifies that associated medical expenses do not include pharmacy costs, implants, or diagnostics.","Co-payment means a cost sharing requirement under a health insurance policy where the policyholder/insured bears a specified percentage of the admissible claims amount, and it does not reduce the Sum Insured.","[""F) Post \u2013Hospitalization expenses incurred up to 60 days after discharge from the hospital. The amount payable shall not exceed the sum equivalent to 7% of the hospitalization expenses subject to a maximum of Rs5000/- per hospitalization. For the purpose of calculation of the 7%, only nursing expenses, surgeon\u2019s / consultants fees, diagnostic charges and cost of drugs and medicines will be taken G) Coverage for Modern Treatment The expenses payable during the entire policy period for treatment of the following diseases/ conditions (either as a day care or as in-patient exceeding 24hrs of admission in the hospital) is limited to the amount mentioned in table below"", ""Attendant: Attendant means any person other than a relative of the Insured Person who is engaged for the sole purpose of attending to the Insured Person. Associated medical expenses: Associated medical expenses means medical expenses such as Professional fees, OT charges, Procedure charges, etc., which vary based on the room category occupied by the insured person whilst undergoing treatment in some of the hospitals. If Policy Holder chooses a higher room category above the eligibility defined in policy, then proportionate deduction will apply on the Associated Medical Expenses in addition to the difference in room rent. Such associated medical expenses do not include Cost of pharmacy and consumables, Cost of implants and medical devices and Cost of diagnostics. Company: Company means Star Health and Allied Insurance Company Limited Day: Day means a period of 24 consecutive hours. Diagnosis: Diagnosis means Diagnosis by a registered medical practitioner, supported by clinical, radiological, and histological, histo-pathological and laboratory evidence and also surgical evidence wherever applicable, acceptable to the Company."", ""ICU Charges: ICU (Intensive Care Unit) Charges means the amount charged by a Hospital towards ICU expenses which shall include the expenses for ICU bed, general medical support services provided to any ICU patient including monitoring devices, critical care nursing and intensivist charges. Medical Advice: Medical Advice means any consultation or advice from a Medical Practitioner including the issuance of any prescription or follow-up prescription. Medical Expenses: Medical Expenses means those expenses that an Insured Person has necessarily and actually incurred for medical treatment on account of Illness or Accident on the advice of a Medical Practitioner, as long as these are no more than would have been payable if the Insured Person had not been insured and Policy Wordings Classic Group Health Insurance Unique Identification No.: SHAHLGP21239V022021 3""]","[""Congenital Anomaly: Congenital Anomaly means a condition which is present since birth, and which is abnormal with reference to form, structure or position. a) Internal Congenital Anomaly: Congenital anomaly which is not in the visible and accessible parts of the body b) External Congenital Anomaly: Congenital anomaly which is in the visible and accessible parts of the body Co-Payment: Co-payment means a cost sharing requirement under a health insurance policy that provides that the policyholder/insured will bear a specified percentage of the admissible claims amount. A co-payment does not reduce the Sum Insured. Day Care Centre: A day care centre means any institution established for day care treatment of illness and/or injuries or a medical setup with a hospital and which has been registered with the local authorities, wherever applicable, and is under supervision of a registered and qualified medical practitioner AND must comply with all minimum criterion as under- i) has qualified nursing staff under its employment; ii) has qualified medical practitioner/s in charge; iii) has fully equipped operation theatre of its own where surgical procedures are carried out; iv) maintains daily records of patients and will make these accessible to the insurance company\u2019s authorized personnel.""]",3,1,"[""Classic_Group_Health_Insurance_6e05831c03.pdf_30"", ""Classic_Group_Health_Insurance_6e05831c03.pdf_24"", ""Classic_Group_Health_Insurance_6e05831c03.pdf_15""]","[""Classic_Group_Health_Insurance_6e05831c03.pdf_6""]",,0.0,0.0,0.0,1.0,0.25,0.0,0.75,0.6043078127883913,0.026574927065418575,0.18848167539267016,0.10471204188481675
Q_023,What is the definition of a congenital anomaly?,"In this policy, a congenital anomaly is defined as an abnormality that is present since birth and differs from the normal form, structure, or position of a body part. It can be either internal, meaning it’s inside the body and not visibly obvious, or external, meaning it’s visible or accessible on the outside of the body.","Congenital anomaly means a condition which is present since birth and is abnormal with reference to form, structure or position.","[""Congenital Anomaly: Congenital Anomaly means a condition which is present since birth, and which is abnormal with reference to form, structure or position. a) Internal Congenital Anomaly: Congenital anomaly which is not in the visible and accessible parts of the body b) External Congenital Anomaly: Congenital anomaly which is in the visible and accessible parts of the body Co-Payment: Co-payment means a cost sharing requirement under a health insurance policy that provides that the policyholder/insured will bear a specified percentage of the admissible claims amount. A co-payment does not reduce the Sum Insured. Day Care Centre: A day care centre means any institution established for day care treatment of illness and/or injuries or a medical setup with a hospital and which has been registered with the local authorities, wherever applicable, and is under supervision of a registered and qualified medical practitioner AND must comply with all minimum criterion as under- i) has qualified nursing staff under its employment; ii) has qualified medical practitioner/s in charge; iii) has fully equipped operation theatre of its own where surgical procedures are carried out; iv) maintains daily records of patients and will make these accessible to the insurance company\u2019s authorized personnel.""]","[""Congenital Anomaly: Congenital Anomaly means a condition which is present since birth, and which is abnormal with reference to form, structure or position. a) Internal Congenital Anomaly: Congenital anomaly which is not in the visible and accessible parts of the body b) External Congenital Anomaly: Congenital anomaly which is in the visible and accessible parts of the body Co-Payment: Co-payment means a cost sharing requirement under a health insurance policy that provides that the policyholder/insured will bear a specified percentage of the admissible claims amount. A co-payment does not reduce the Sum Insured. Day Care Centre: A day care centre means any institution established for day care treatment of illness and/or injuries or a medical setup with a hospital and which has been registered with the local authorities, wherever applicable, and is under supervision of a registered and qualified medical practitioner AND must comply with all minimum criterion as under- i) has qualified nursing staff under its employment; ii) has qualified medical practitioner/s in charge; iii) has fully equipped operation theatre of its own where surgical procedures are carried out; iv) maintains daily records of patients and will make these accessible to the insurance company\u2019s authorized personnel.""]",1,1,"[""Classic_Group_Health_Insurance_6e05831c03.pdf_6""]","[""Classic_Group_Health_Insurance_6e05831c03.pdf_6""]",,0.9999999999,1.0,0.7996610925242087,1.0,0.75,1.0,1.0,0.8066503713288127,0.17042178650486203,0.3846153846153847,0.282051282051282
Q_024,What qualifies as inpatient care under the policy?,"This policy covers **inpatient hospitalization** when you stay in a hospital for at least 24 hours for treatment. The coverage depends on two main parts: the **room rent limit** and **consultation charges**.

For **room rent**, the policy pays only up to a certain amount that is considered fair and standard for the hospital and location. It does not cover the full cost of a room but only a portion of it, as defined in the policy. The exact limit is not specified in the chunks provided, but it is tied to what is considered ""reasonable and customary"" for the area (Chunk 2). If the hospital charges a package rate (a fixed price for room, boarding, and nursing), the policy will calculate the room and nursing charges at a maximum of Rs 5000 per day for the first 24-hour stay or longer (Chunk 3).

For **consultation charges**, these are included under ""Reasonable and Customary Charges"" (Chunk 2). This means the policy will cover fees for doctors or specialists who consult you during your stay, but only if those fees are standard for the area and related to your medically necessary treatment. The policy does not specify a separate limit for consultation fees, but it will only pay what is reasonable and customary.

The policy also covers **post-hospitalization expenses** like follow-up consultations, but only up to 7% of your hospitalization costs, with a maximum of Rs 5000 per stay (Chunk 4). This does not apply to room rent or boarding costs.",Inpatient care means treatment for which the insured person has to stay in a hospital for more than 24 hours for a covered event.,"[""Expenses relating to hospitalization will be considered in proportion to the eligible room rent stated in the"", ""Reasonable and Customary Charges: Reasonable and Customary charges means the charges for services or supplies, which are the standard charges for the specific provider and consistent with the prevailing charges in the geographical area for identical or similar services, taking into account the nature of the illness / injury involved. Room Rent: Room Rent means the amount charged by a Hospital towards Room and Boarding expenses and shall include the associated medical expenses. Specific waiting period: Specific waiting period means a period up to 36 months from the commencement of a health insurance policy during which period specified diseases/treatments (except due to an accident) are not covered. On completion of the period, diseases/treatments shall be covered provided the policy has been continuously renewed without any break. Surgery or Surgical Procedure: Surgery or Surgical Procedure means manual and / or operative procedure(s) required for treatment of an illness or injury, correction of deformities and defects, diagnosis and cure of diseases, relief from suffering and prolongation of life, performed in a hospital or day care centre by a medical practitioner."", ""Where Package rates are charged by the hospitals the Post-Hospitalization benefit will be calculated after taking the room, boarding and nursing charges at Rs 5000/- per day. The expenses as above are payable only where the in-patient hospitalization is for a minimum period of 24 hours. However this time limit will not apply to the day-care treatments detailed elsewhere in the policy. Policy Wordings Classic Group Health Insurance Unique Identification No.: SHAHLGP21239V022021 7"", ""F) Post \u2013Hospitalization expenses incurred up to 60 days after discharge from the hospital. The amount payable shall not exceed the sum equivalent to 7% of the hospitalization expenses subject to a maximum of Rs5000/- per hospitalization. For the purpose of calculation of the 7%, only nursing expenses, surgeon\u2019s / consultants fees, diagnostic charges and cost of drugs and medicines will be taken G) Coverage for Modern Treatment The expenses payable during the entire policy period for treatment of the following diseases/ conditions (either as a day care or as in-patient exceeding 24hrs of admission in the hospital) is limited to the amount mentioned in table below"", ""In-Patient: In-Patient means an Insured Person who is admitted to Hospital and stays there for a minimum period of 24 hours for the sole purpose of receiving treatment. C. COVERAGE In consideration of the premium paid, subject to the terms, conditions, exclusions and definitions contained herein the Company agrees as under. That if during the period stated in the Schedule the Insured Person/s shall contract any disease or suffer from any illness or sustain bodily injury through accident and if such disease or injury shall require the Insured Person/s, upon the advice of a Physician/Medical Specialist /Medical Practitioner or of duly Qualified Surgeon to incur Hospitalization expenses during the period stated in the schedule for medical/surgical treatment at any Policy Wordings Classic Group Health Insurance Unique Identification No.: SHAHLGP21239V022021 5"", ""ICU Charges: ICU (Intensive Care Unit) Charges means the amount charged by a Hospital towards ICU expenses which shall include the expenses for ICU bed, general medical support services provided to any ICU patient including monitoring devices, critical care nursing and intensivist charges. Medical Advice: Medical Advice means any consultation or advice from a Medical Practitioner including the issuance of any prescription or follow-up prescription. Medical Expenses: Medical Expenses means those expenses that an Insured Person has necessarily and actually incurred for medical treatment on account of Illness or Accident on the advice of a Medical Practitioner, as long as these are no more than would have been payable if the Insured Person had not been insured and Policy Wordings Classic Group Health Insurance Unique Identification No.: SHAHLGP21239V022021 3""]","[""Injury: Injury means accidental physical bodily harm excluding illness or disease solely and directly caused by external, violent, visible and evident means which is verified and certified by a Medical Practitioner. Inpatient Care Inpatient care means treatment for which the insured person has to stay in a hospital for more than 24 hours for a covered event. Intensive Care Unit: Intensive care unit means an identified section, ward or wing of a hospital which is under the constant supervision of a dedicated medical practitioner(s), and which is specially equipped for the continuous monitoring and treatment of patients who are in a critical condition, or require life support facilities and where the level of care and supervision is considerably more sophisticated and intensive than in the ordinary and other wards. ICU Charges: ICU (Intensive Care Unit) Charges means the amount charged by a Hospital towards ICU expenses which shall include the expenses for ICU bed, general medical support services provided to any ICU patient including monitoring devices, critical care nursing and intensivist charges. Medical Advice: Medical Advice means any consultation or advice from a Medical Practitioner including the issuance of any prescription or follow-up prescription.""]",6,1,"[""Classic_Group_Health_Insurance_6e05831c03.pdf_45"", ""Classic_Group_Health_Insurance_6e05831c03.pdf_22"", ""Classic_Group_Health_Insurance_6e05831c03.pdf_41"", ""Classic_Group_Health_Insurance_6e05831c03.pdf_30"", ""Classic_Group_Health_Insurance_6e05831c03.pdf_26"", ""Classic_Group_Health_Insurance_6e05831c03.pdf_15""]","[""Classic_Group_Health_Insurance_6e05831c03.pdf_14""]",,0.4777777777618519,1.0,0.7400731872349557,0.7857142857142857,0.5,1.0,1.0,0.5887578170480577,0.194331216286588,0.11594202898550725,0.09420289855072463
Q_025,What does the policy define as medical advice?,"This policy does not explicitly define ""teleconsultation services"" or ""remote medical consultation"" as separate terms. However, it does include a broader category called ""Medical Advice,"" which covers any consultation or advice from a medical practitioner, including the issuance of prescriptions or follow-up prescriptions. This likely includes virtual or remote consultations with doctors, as long as it meets the definition of medical advice.",Medical Advice means any consultation or advice from a Medical Practitioner including the issuance of any prescription or follow-up prescription.,"[""ICU Charges: ICU (Intensive Care Unit) Charges means the amount charged by a Hospital towards ICU expenses which shall include the expenses for ICU bed, general medical support services provided to any ICU patient including monitoring devices, critical care nursing and intensivist charges. Medical Advice: Medical Advice means any consultation or advice from a Medical Practitioner including the issuance of any prescription or follow-up prescription. Medical Expenses: Medical Expenses means those expenses that an Insured Person has necessarily and actually incurred for medical treatment on account of Illness or Accident on the advice of a Medical Practitioner, as long as these are no more than would have been payable if the Insured Person had not been insured and Policy Wordings Classic Group Health Insurance Unique Identification No.: SHAHLGP21239V022021 3""]","[""Injury: Injury means accidental physical bodily harm excluding illness or disease solely and directly caused by external, violent, visible and evident means which is verified and certified by a Medical Practitioner. Inpatient Care Inpatient care means treatment for which the insured person has to stay in a hospital for more than 24 hours for a covered event. Intensive Care Unit: Intensive care unit means an identified section, ward or wing of a hospital which is under the constant supervision of a dedicated medical practitioner(s), and which is specially equipped for the continuous monitoring and treatment of patients who are in a critical condition, or require life support facilities and where the level of care and supervision is considerably more sophisticated and intensive than in the ordinary and other wards. ICU Charges: ICU (Intensive Care Unit) Charges means the amount charged by a Hospital towards ICU expenses which shall include the expenses for ICU bed, general medical support services provided to any ICU patient including monitoring devices, critical care nursing and intensivist charges. Medical Advice: Medical Advice means any consultation or advice from a Medical Practitioner including the issuance of any prescription or follow-up prescription.""]",1,1,"[""Classic_Group_Health_Insurance_6e05831c03.pdf_15""]","[""Classic_Group_Health_Insurance_6e05831c03.pdf_14""]",,0.9999999999,1.0,0.0,0.5,0.75,1.0,0.5,0.6050343674606271,0.021669482721594253,0.4523809523809524,0.4523809523809524
Q_026,What does the policy mean by a network provider?,"In this insurance policy, an ""in-network healthcare provider"" is a hospital or doctor that has a special agreement with the insurance company to provide services to you at agreed-upon rates. When you use these providers, you usually get better coverage and lower out-of-pocket costs because the insurance company has already negotiated fair prices with them. These providers may also offer cashless treatment, meaning you don’t have to pay upfront and the insurance company settles the bill directly with them.

An ""out-of-network healthcare provider"" is any hospital, doctor, or clinic that does not have this agreement with your insurance company. If you visit these providers, you may have to pay more out-of-pocket because the insurance company hasn’t negotiated rates with them. The policy does not explicitly explain how reimbursement works for out-of-network providers in these chunks, but generally, you would likely pay more, and the insurance company might cover less of the cost.","Network Provider means hospitals or health care providers enlisted by an insurer, TPA or jointly by an Insurer and TPA to provide medical services to an insured by a cashless facility.","[""Network Provider: Network Provider means hospitals or health care providers enlisted by an insurer, TPA or jointly by an Insurer and TPA to provide medical services to an insured by a cashless facility. Non-Network Provider: Non-Network means any hospital, day care centre or other provider that is not part of the network. Notification of Claim: Notification of claim means the process of intimating a claim to the insurer or TPA through any of the recognized modes of communication."", ""27. Excluded Hospitals (providers): Insured can refer the company website using the following link to the list of excluded hospitals. https://www.starhealth.in/lookup/hospital/#excluded-hospital List of Ombudsman Jurisdiction of Office""]","[""Network Provider: Network Provider means hospitals or health care providers enlisted by an insurer, TPA or jointly by an Insurer and TPA to provide medical services to an insured by a cashless facility. Non-Network Provider: Non-Network means any hospital, day care centre or other provider that is not part of the network. Notification of Claim: Notification of claim means the process of intimating a claim to the insurer or TPA through any of the recognized modes of communication.""]",2,1,"[""Classic_Group_Health_Insurance_6e05831c03.pdf_18"", ""Classic_Group_Health_Insurance_6e05831c03.pdf_122""]","[""Classic_Group_Health_Insurance_6e05831c03.pdf_18""]",,0.9999999999,1.0,0.5895156015004613,0.23076923076923078,0.25,1.0,1.0,0.5955365505315402,0.03777641860480836,0.1948717948717949,0.11282051282051284
Q_027,How does the policy define surgery or surgical procedure?,"This insurance policy covers surgical procedures, whether elective (planned) or non-elective (emergency), but only if certain conditions are met. Surgery is defined as any manual or operative procedure done in a hospital or day care center by a doctor to treat illness, injury, or deformity. For reimbursement, the surgery must be medically necessary and performed based on a doctor’s advice. The policy also requires that the surgery follows standard clinical guidelines. Additionally, the patient must be at least 18 years old. The policy does not specify separate rules for elective vs. non-elective surgeries, but it does exclude coverage for certain conditions during the first 36 months of the policy (unless due to an accident).","Surgery or Surgical Procedure means manual and/or operative procedures required for treatment of an illness or injury, correction of deformities and defects, diagnosis and cure of diseases, relief from suffering and prolongation of life, performed in a hospital or day care centre by a medical practitioner.","[""Reasonable and Customary Charges: Reasonable and Customary charges means the charges for services or supplies, which are the standard charges for the specific provider and consistent with the prevailing charges in the geographical area for identical or similar services, taking into account the nature of the illness / injury involved. Room Rent: Room Rent means the amount charged by a Hospital towards Room and Boarding expenses and shall include the associated medical expenses. Specific waiting period: Specific waiting period means a period up to 36 months from the commencement of a health insurance policy during which period specified diseases/treatments (except due to an accident) are not covered. On completion of the period, diseases/treatments shall be covered provided the policy has been continuously renewed without any break. Surgery or Surgical Procedure: Surgery or Surgical Procedure means manual and / or operative procedure(s) required for treatment of an illness or injury, correction of deformities and defects, diagnosis and cure of diseases, relief from suffering and prolongation of life, performed in a hospital or day care centre by a medical practitioner."", ""Policy Wordings Classic Group Health Insurance Unique Identification No.: SHAHLGP21239V022021 9 A. Surgery to be conducted is upon the advice of the Doctor B. The surgery/Procedure conducted should be supported by clinical protocols C. The member has to be 18 years of age or older and D. Body Mass Index (BMI);""]","[""Surgery or Surgical Procedure: Surgery or Surgical Procedure means manual and / or operative procedure(s) required for treatment of an illness or injury, correction of deformities and defects, diagnosis and cure of diseases, relief from suffering and prolongation of life, performed in a hospital or day care centre by a medical practitioner. Unproven/Experimental treatment: Unproven/Experimental treatment means the treatment including drug experimental therapy which is not based on established medical practice in India, is treatment experimental or unproven.""]",2,1,"[""Classic_Group_Health_Insurance_6e05831c03.pdf_22"", ""Classic_Group_Health_Insurance_6e05831c03.pdf_61""]","[""Classic_Group_Health_Insurance_6e05831c03.pdf_23""]",,0.99999999995,1.0,0.7437735899262137,0.7272727272727273,0.5,1.0,1.0,0.6392589582732682,0.006949999011151207,0.3292682926829268,0.18292682926829265
Q_028,What is considered a pre-existing disease in this policy?,"This policy defines a pre-existing medical condition as a health issue for which you either received medical advice or treatment from a doctor within 36 months before your policy started. This includes any illness, injury, or symptom that was diagnosed or treated by a physician during that time. For example, if you had high blood pressure or a back problem and saw a doctor about it within three years before your policy began, it would be considered a pre-existing condition.

For coverage related to pre-existing conditions, the policy has a 36-month waiting period. This means that expenses for treating the pre-existing condition and its complications will not be covered until you have had continuous coverage with this insurer for at least 36 months from the start of your policy. Once this waiting period is over, coverage for the pre-existing condition will apply if it was declared and accepted by the insurer at the time of applying for the policy.","A pre-existing disease is any condition, ailment, injury or disease that was diagnosed by a physician within 36 months prior to the commencement of the policy or for which medical advice or treatment was recommended or received within that period.","[""A. Expenses related to the treatment of a pre-existing Disease (PED) and its direct complications shall be excluded until the expiry of 36 months of continuous coverage after the date of inception of the first"", ""A. Expenses related to the treatment of the following listed Conditions, surgeries/treatments shall be excluded until the expiry of 24 months of continuous coverage after the date of inception of the first policy with us. This exclusion shall not be applicable for claims arising due to an accident. B. In case of enhancement of sum insured the exclusion shall apply afresh to the extent of sum insured increase. C. If any of the specified disease/procedure falls under the waiting period specified for pre-Existing diseases, then the longer of the two waiting periods shall apply. D. The waiting period for listed conditions shall apply even if contracted after the policy or declared and"", ""or b) For which medical advice or treatment was recommended by, or received from, a physician, not more than 36 months prior to the date of commencement of the policy. Pre-hospitalization Medical Expenses: Pre-hospitalization Medical Expenses means medical expenses incurred during pre-defined number of days preceding the hospitalization of the Insured Person, provided that: i. Such Medical Expenses are incurred for the same condition for which the Insured Person\u2019s Hospitalization was required, and ii. The In-patient Hospitalization claim for such Hospitalization is admissible by the Insurance Company Post-hospitalization Medical Expenses: Post-hospitalization Medical Expenses means medical expenses incurred during pre-defined number of days immediately after the insured person is discharged from the"", ""D. Coverage under the policy after the expiry of 36 months for any pre-existing disease is subject to the same being declared at the time of application and accepted by Insurer.""]","[""a) That is/are diagnosed by a physician not more than 36 months prior to the date of commencement of the"", ""or b) For which medical advice or treatment was recommended by, or received from, a physician, not more than 36 months prior to the date of commencement of the policy. Pre-hospitalization Medical Expenses: Pre-hospitalization Medical Expenses means medical expenses incurred during pre-defined number of days preceding the hospitalization of the Insured Person, provided that: i. Such Medical Expenses are incurred for the same condition for which the Insured Person\u2019s Hospitalization was required, and ii. The In-patient Hospitalization claim for such Hospitalization is admissible by the Insurance Company Post-hospitalization Medical Expenses: Post-hospitalization Medical Expenses means medical expenses incurred during pre-defined number of days immediately after the insured person is discharged from the""]",4,2,"[""Classic_Group_Health_Insurance_6e05831c03.pdf_47"", ""Classic_Group_Health_Insurance_6e05831c03.pdf_50"", ""Classic_Group_Health_Insurance_6e05831c03.pdf_20"", ""Classic_Group_Health_Insurance_6e05831c03.pdf_49""]","[""Classic_Group_Health_Insurance_6e05831c03.pdf_19"", ""Classic_Group_Health_Insurance_6e05831c03.pdf_20""]",,0.8055555555287036,1.0,0.8532230050846189,0.5,1.0,1.0,1.0,0.8364995107885702,0.09070800131268798,0.3398058252427185,0.1941747572815534
Q_029,What is the grace period allowed for paying premiums?,"The specified premium payment grace period in this policy is either 15 days or 30 days. If you pay your premium monthly, you have 15 days after the due date to make the payment without losing coverage. For all other payment modes (like yearly, quarterly, or bi-annual), you get a 30-day grace period. This means you can pay the premium within this timeframe and keep your policy active without any gaps in benefits like waiting periods or coverage for pre-existing diseases.",The grace period for payment of the premium is fifteen days where the premium payment mode is monthly and thirty days in all other cases.,"[""Undertaken under General or Local Anesthesia in a hospital/day care centre in less than 24 hrs because of technological advancement, and ii. which would have otherwise required hospitalization of more than 24 hours Treatment normally taken on an out-patient basis is not included in the scope of this definition Disclosure to information norm: The policy shall be void and all premium paid thereon shall be forfeited to the Company in the event of misrepresentation, mis-description or non-disclosure of any material fact. Grace Period: Grace period means the specified period of time, immediately following the premium due date during which premium payment can be made to renew or continue a policy in force without loss of continuity benefits pertaining to waiting periods and coverage of Pre-Existing Diseases. Coverage need not be available during the period for which no premium is received. The Grace Period for payment of the premium for all types of insurance policies shall be: fifteen Days where premium payment mode is monthly and thirty Days in all other cases. Provided the insurers shall offer coverage during the Grace Period, if the premium is paid in instalments during"", ""3. At the end of the policy period, the policy shall terminate and can be renewed within the Grace Period of 30 days to maintain continuity of benefits without break in policy.""]","[""Undertaken under General or Local Anesthesia in a hospital/day care centre in less than 24 hrs because of technological advancement, and ii. which would have otherwise required hospitalization of more than 24 hours Treatment normally taken on an out-patient basis is not included in the scope of this definition Disclosure to information norm: The policy shall be void and all premium paid thereon shall be forfeited to the Company in the event of misrepresentation, mis-description or non-disclosure of any material fact. Grace Period: Grace period means the specified period of time, immediately following the premium due date during which premium payment can be made to renew or continue a policy in force without loss of continuity benefits pertaining to waiting periods and coverage of Pre-Existing Diseases. Coverage need not be available during the period for which no premium is received. The Grace Period for payment of the premium for all types of insurance policies shall be: fifteen Days where premium payment mode is monthly and thirty Days in all other cases. Provided the insurers shall offer coverage during the Grace Period, if the premium is paid in instalments during""]",2,1,"[""Classic_Group_Health_Insurance_6e05831c03.pdf_9"", ""Classic_Group_Health_Insurance_6e05831c03.pdf_103""]","[""Classic_Group_Health_Insurance_6e05831c03.pdf_9""]",,0.9999999999,1.0,0.862390891346788,1.0,1.0,1.0,1.0,0.8324867993529659,0.045346202272046325,0.3486238532110092,0.18348623853211007
Q_030,What is the definition of a hospital according to the policy?,"In this policy, a ""covered healthcare facility"" or ""inpatient care institution"" is defined as a hospital. This means it is an institution set up to provide care for patients who stay overnight (in-patient care) or receive treatment during the day (day care). To qualify as a covered hospital, it must be officially registered with local authorities under specific laws in India, like the Clinical Establishments (Registration and Regulation) Act 2010. Additionally, it must meet certain minimum standards, such as having qualified doctors and nurses available around the clock, a certain number of beds (at least 10 in smaller towns or 15 in larger areas), its own operating room for surgeries, and proper record-keeping for patient treatment.","A hospital is an institution established for in-patient care and day care treatment of illness or injury, registered with local authorities or compliant with minimum criteria such as having qualified nursing staff round the clock, a qualified medical practitioner in charge, a fully equipped operation theatre, required inpatient beds depending on population, and maintaining daily patient records accessible to the insurer.","[""Policy Wordings Classic Group Health Insurance Unique Identification No.: SHAHLGP21239V022021 2 Hospital: A hospital means any institution established for in-patient care and day care treatment of illness and/or injuries and which has been registered as a hospital with the local authorities under Clinical Establishments (Registration and Regulation) Act 2010 or under enactments specified under the Schedule of Section 56(1) of the said act Or complies with all minimum criteria as under: i) has qualified nursing staff under its employment round the clock ii) has at least 10 in-patient beds in towns having a population of less than 10,00,000 and at least 15 in- patient beds in all other places iii) has qualified medical practitioner(s) in charge round the clock iv) has a fully equipped operation theatre of its own where surgical procedures are carried out v) maintains daily records of patients and makes these accessible to the insurance company\u2019s authorized personnel Illness: Illness means a sickness or a disease or pathological condition leading to the impairment of normal physiological function and requires medical treatment"", ""Diagnosis: Diagnosis means Diagnosis by a registered medical practitioner, supported by clinical, radiological, and histological, histo-pathological and laboratory evidence and also surgical evidence wherever applicable, acceptable to the Company. Group Administrator: Group Administrator means the proposer mentioned in the policy schedule Insured Person: Insured Person means the name/s of persons shown in the schedule of the Policy. In-Patient: In-Patient means an Insured Person who is admitted to Hospital and stays there for a minimum period of 24 hours for the sole purpose of receiving treatment. C. COVERAGE In consideration of the premium paid, subject to the terms, conditions, exclusions and definitions contained herein the Company agrees as under.""]","[""Policy Wordings Classic Group Health Insurance Unique Identification No.: SHAHLGP21239V022021 2 Hospital: A hospital means any institution established for in-patient care and day care treatment of illness and/or injuries and which has been registered as a hospital with the local authorities under Clinical Establishments (Registration and Regulation) Act 2010 or under enactments specified under the Schedule of Section 56(1) of the said act Or complies with all minimum criteria as under: i) has qualified nursing staff under its employment round the clock ii) has at least 10 in-patient beds in towns having a population of less than 10,00,000 and at least 15 in- patient beds in all other places iii) has qualified medical practitioner(s) in charge round the clock iv) has a fully equipped operation theatre of its own where surgical procedures are carried out v) maintains daily records of patients and makes these accessible to the insurance company\u2019s authorized personnel Illness: Illness means a sickness or a disease or pathological condition leading to the impairment of normal physiological function and requires medical treatment""]",2,1,"[""Classic_Group_Health_Insurance_6e05831c03.pdf_10"", ""Classic_Group_Health_Insurance_6e05831c03.pdf_25""]","[""Classic_Group_Health_Insurance_6e05831c03.pdf_10""]",,0.9999999999,1.0,0.5311924860046476,0.9230769230769231,0.75,1.0,1.0,0.7468521876180171,0.006075708538329854,0.45555555555555555,0.3111111111111111
Q_031,When will pre-existing diseases be covered under the policy?,"The waiting period for pre-existing medical conditions as defined in your policy is generally 36 months (3 years) from the start of your insurance coverage. This means that if you had a health issue before taking out this policy, expenses related to that condition will not be covered until you have been continuously insured with this company for at least 3 years.","Expenses related to treatment of a pre-existing disease and its complications are excluded until the expiry of 36 months of continuous coverage from the first policy inception, and coverage after 36 months is subject to the disease being declared at the time of application and accepted by the insurer.","[""A. Expenses related to the treatment of a pre-existing Disease (PED) and its direct complications shall be excluded until the expiry of 36 months of continuous coverage after the date of inception of the first"", ""A. Expenses related to the treatment of the following listed Conditions, surgeries/treatments shall be excluded until the expiry of 24 months of continuous coverage after the date of inception of the first policy with us. This exclusion shall not be applicable for claims arising due to an accident. B. In case of enhancement of sum insured the exclusion shall apply afresh to the extent of sum insured increase. C. If any of the specified disease/procedure falls under the waiting period specified for pre-Existing diseases, then the longer of the two waiting periods shall apply. D. The waiting period for listed conditions shall apply even if contracted after the policy or declared and"", ""D. Coverage under the policy after the expiry of 36 months for any pre-existing disease is subject to the same being declared at the time of application and accepted by Insurer.""]","[""A. Expenses related to the treatment of a pre-existing Disease (PED) and its direct complications shall be excluded until the expiry of 36 months of continuous coverage after the date of inception of the first"", ""D. Coverage under the policy after the expiry of 36 months for any pre-existing disease is subject to the same being declared at the time of application and accepted by Insurer.""]",3,2,"[""Classic_Group_Health_Insurance_6e05831c03.pdf_47"", ""Classic_Group_Health_Insurance_6e05831c03.pdf_50"", ""Classic_Group_Health_Insurance_6e05831c03.pdf_49""]","[""Classic_Group_Health_Insurance_6e05831c03.pdf_47"", ""Classic_Group_Health_Insurance_6e05831c03.pdf_49""]",,0.8333333332916666,1.0,0.6877275052512676,1.0,0.5,1.0,1.0,0.7150919655653571,0.01976441659696593,0.35398230088495575,0.17699115044247787
Q_032,Are treatments for illnesses in the first 30 days covered by the policy?,"No, the policy does not cover medically necessary treatments or inpatient hospitalization during the first 30 days after the policy starts, unless the expenses are due to an accident. This is called the ""30-day waiting period"" and it applies to most illnesses or conditions that arise during that time.","Expenses related to treatment of any illness within 30 days from the first policy commencement date are excluded, except for claims arising due to an accident.","[""A. Expenses related to the treatment of any illness within 30 days from the first policy commencement date shall be excluded except claims arising due to an accident, provided the same are covered B. This exclusion shall not, however, apply if the Insured Person has Continuous Coverage for more than twelve months C. The within referred waiting period is made applicable to the enhanced sum insured in the event of granting higher sum insured subsequently"", ""5. In the event of the group policy being discontinued or not renewed or when the members of the group leave the group on account of resignation/retirement/termination or otherwise, the following provision shall apply. a. The insured person/s covered under this group policy will be granted cover under Indemnity based Individual Health Policy. In respect of persons who have been covered continuously for a period of one year under this group policy with the Company, exclusion Code Excl \u2013 03 shall be waived. b. In respect of persons who have been covered continuously for a period of two years under this group policy with the Company, exclusions Code Excl-03 and Code Excl-02 shall be waived c. In respect of persons who have been covered continuously for a period of three years under this group policy with the Company, exclusions Code Excl-03, Code Excl-02 and Code Excl-01 shall be waived.""]","[""A. Expenses related to the treatment of any illness within 30 days from the first policy commencement date shall be excluded except claims arising due to an accident, provided the same are covered B. This exclusion shall not, however, apply if the Insured Person has Continuous Coverage for more than twelve months C. The within referred waiting period is made applicable to the enhanced sum insured in the event of granting higher sum insured subsequently""]",2,1,"[""Classic_Group_Health_Insurance_6e05831c03.pdf_58"", ""Classic_Group_Health_Insurance_6e05831c03.pdf_104""]","[""Classic_Group_Health_Insurance_6e05831c03.pdf_58""]",,0.9999999999,1.0,0.8458513557854465,0.8,1.0,1.0,1.0,0.7345184414086438,0.10985970458010323,0.3947368421052631,0.2631578947368421
Q_033,What medical expenses are included in ICU charges?,"The Intensive Care Unit (ICU) coverage in this policy includes the costs of specialized care provided in a hospital’s ICU for patients who are critically ill or need life support. This includes the cost of the ICU bed itself, as well as the expenses for critical care services such as:
- Medical monitoring devices (like heart rate, blood pressure, or oxygen level trackers)
- Skilled nursing care specifically for ICU patients
- Charges for intensivists (specialist doctors who focus on critical care)

These services are only covered if the patient is admitted to the ICU for more than 24 hours due to a covered illness or injury.","ICU charges include the expenses for ICU bed, general medical support services provided to ICU patients including monitoring devices, critical care nursing and intensivist charges.","[""Injury: Injury means accidental physical bodily harm excluding illness or disease solely and directly caused by external, violent, visible and evident means which is verified and certified by a Medical Practitioner. Inpatient Care Inpatient care means treatment for which the insured person has to stay in a hospital for more than 24 hours for a covered event. Intensive Care Unit: Intensive care unit means an identified section, ward or wing of a hospital which is under the constant supervision of a dedicated medical practitioner(s), and which is specially equipped for the continuous monitoring and treatment of patients who are in a critical condition, or require life support facilities and where the level of care and supervision is considerably more sophisticated and intensive than in the ordinary and other wards. ICU Charges: ICU (Intensive Care Unit) Charges means the amount charged by a Hospital towards ICU expenses which shall include the expenses for ICU bed, general medical support services provided to any ICU patient including monitoring devices, critical care nursing and intensivist charges. Medical Advice: Medical Advice means any consultation or advice from a Medical Practitioner including the issuance of any prescription or follow-up prescription."", ""ICU Charges: ICU (Intensive Care Unit) Charges means the amount charged by a Hospital towards ICU expenses which shall include the expenses for ICU bed, general medical support services provided to any ICU patient including monitoring devices, critical care nursing and intensivist charges. Medical Advice: Medical Advice means any consultation or advice from a Medical Practitioner including the issuance of any prescription or follow-up prescription. Medical Expenses: Medical Expenses means those expenses that an Insured Person has necessarily and actually incurred for medical treatment on account of Illness or Accident on the advice of a Medical Practitioner, as long as these are no more than would have been payable if the Insured Person had not been insured and Policy Wordings Classic Group Health Insurance Unique Identification No.: SHAHLGP21239V022021 3""]","[""Injury: Injury means accidental physical bodily harm excluding illness or disease solely and directly caused by external, violent, visible and evident means which is verified and certified by a Medical Practitioner. Inpatient Care Inpatient care means treatment for which the insured person has to stay in a hospital for more than 24 hours for a covered event. Intensive Care Unit: Intensive care unit means an identified section, ward or wing of a hospital which is under the constant supervision of a dedicated medical practitioner(s), and which is specially equipped for the continuous monitoring and treatment of patients who are in a critical condition, or require life support facilities and where the level of care and supervision is considerably more sophisticated and intensive than in the ordinary and other wards. ICU Charges: ICU (Intensive Care Unit) Charges means the amount charged by a Hospital towards ICU expenses which shall include the expenses for ICU bed, general medical support services provided to any ICU patient including monitoring devices, critical care nursing and intensivist charges. Medical Advice: Medical Advice means any consultation or advice from a Medical Practitioner including the issuance of any prescription or follow-up prescription."", ""ICU Charges: ICU (Intensive Care Unit) Charges means the amount charged by a Hospital towards ICU expenses which shall include the expenses for ICU bed, general medical support services provided to any ICU patient including monitoring devices, critical care nursing and intensivist charges. Medical Advice: Medical Advice means any consultation or advice from a Medical Practitioner including the issuance of any prescription or follow-up prescription. Medical Expenses: Medical Expenses means those expenses that an Insured Person has necessarily and actually incurred for medical treatment on account of Illness or Accident on the advice of a Medical Practitioner, as long as these are no more than would have been payable if the Insured Person had not been insured and Policy Wordings Classic Group Health Insurance Unique Identification No.: SHAHLGP21239V022021 3""]",2,2,"[""Classic_Group_Health_Insurance_6e05831c03.pdf_14"", ""Classic_Group_Health_Insurance_6e05831c03.pdf_15""]","[""Classic_Group_Health_Insurance_6e05831c03.pdf_14"", ""Classic_Group_Health_Insurance_6e05831c03.pdf_15""]",,0.99999999995,1.0,0.7108862746150587,0.6153846153846154,0.75,1.0,1.0,0.7885304549554997,0.019508315563589545,0.3384615384615385,0.16923076923076924
Q_034,When are pre-hospitalization medical expenses payable?,"The pre-hospitalization period refers to the days before a person is officially admitted to the hospital for inpatient care. In this policy, the insurer will start paying for medical expenses that happened during the 30 days leading up to hospitalization, but only if those expenses were for the same illness or injury that later required hospitalization. For example, if you saw a doctor for back pain and later got admitted for surgery due to the same back issue, the doctor visits or treatments before admission might be covered. The key is that the hospitalization claim must first be approved by the insurer for the pre-hospitalization expenses to be considered.","Pre-hospitalization medical expenses are payable for expenses incurred up to 30 days prior to hospitalization, provided they are for the same illness or injury that required hospitalization and the inpatient hospitalization claim is admissible by the insurance company.","[""or b) For which medical advice or treatment was recommended by, or received from, a physician, not more than 36 months prior to the date of commencement of the policy. Pre-hospitalization Medical Expenses: Pre-hospitalization Medical Expenses means medical expenses incurred during pre-defined number of days preceding the hospitalization of the Insured Person, provided that: i. Such Medical Expenses are incurred for the same condition for which the Insured Person\u2019s Hospitalization was required, and ii. The In-patient Hospitalization claim for such Hospitalization is admissible by the Insurance Company Post-hospitalization Medical Expenses: Post-hospitalization Medical Expenses means medical expenses incurred during pre-defined number of days immediately after the insured person is discharged from the"", ""E) Relevant Pre-Hospitalization medical expenses incurred for a period not exceeding 30 days prior to the date of hospitalization, for the disease/illness, injury sustained following an admissible claim under the""]","[""or b) For which medical advice or treatment was recommended by, or received from, a physician, not more than 36 months prior to the date of commencement of the policy. Pre-hospitalization Medical Expenses: Pre-hospitalization Medical Expenses means medical expenses incurred during pre-defined number of days preceding the hospitalization of the Insured Person, provided that: i. Such Medical Expenses are incurred for the same condition for which the Insured Person\u2019s Hospitalization was required, and ii. The In-patient Hospitalization claim for such Hospitalization is admissible by the Insurance Company Post-hospitalization Medical Expenses: Post-hospitalization Medical Expenses means medical expenses incurred during pre-defined number of days immediately after the insured person is discharged from the"", ""E) Relevant Pre-Hospitalization medical expenses incurred for a period not exceeding 30 days prior to the date of hospitalization, for the disease/illness, injury sustained following an admissible claim under the""]",2,2,"[""Classic_Group_Health_Insurance_6e05831c03.pdf_20"", ""Classic_Group_Health_Insurance_6e05831c03.pdf_29""]","[""Classic_Group_Health_Insurance_6e05831c03.pdf_20"", ""Classic_Group_Health_Insurance_6e05831c03.pdf_29""]",,0.99999999995,1.0,0.7449864567711758,1.0,1.0,1.0,1.0,0.8459168613403868,0.011273767139833477,0.41333333333333333,0.32
Q_035,Under what conditions are post-hospitalization expenses covered?,"The policy covers post-hospitalization expenses for up to 60 days after discharge from the hospital. This includes costs like nursing fees, doctor’s fees, diagnostic tests, and medicines related to the same condition that caused the hospitalization. The amount reimbursed is 7% of the total hospitalization expenses, but it will not exceed Rs 5000 per hospitalization. If the hospital charges a fixed package rate, only the nursing, doctor’s, diagnostic, and medicine costs are considered for this 7% calculation, with room and boarding charges capped at Rs 5000 per day. The hospitalization must last at least 24 hours for this benefit to apply.

To claim reimbursement, you must submit documents like the discharge summary, receipts for tests and medicines, doctor’s certificate, and other proof of expenses within the policy’s time limits. The claim must also be reported within 24 hours of discharge, though the insurer may relax this if there’s a valid reason.","Post-hospitalization expenses incurred up to 60 days after discharge are payable, but the amount shall not exceed 7% of the hospitalization expenses subject to a maximum of Rs.5000 per hospitalization.","[""or b) For which medical advice or treatment was recommended by, or received from, a physician, not more than 36 months prior to the date of commencement of the policy. Pre-hospitalization Medical Expenses: Pre-hospitalization Medical Expenses means medical expenses incurred during pre-defined number of days preceding the hospitalization of the Insured Person, provided that: i. Such Medical Expenses are incurred for the same condition for which the Insured Person\u2019s Hospitalization was required, and ii. The In-patient Hospitalization claim for such Hospitalization is admissible by the Insurance Company Post-hospitalization Medical Expenses: Post-hospitalization Medical Expenses means medical expenses incurred during pre-defined number of days immediately after the insured person is discharged from the"", ""from the date of discharge from hospital D. Notification of Claim: Upon the happening of the event, notice with full particulars shall be sent to the Company within 24 hours from the date of occurrence of the event irrespective of whether the event is likely to give rise to a claim under the policy or not. Note: Conditions C and D are precedent to admission of liability under the policy. However the Company will examine and relax the time limit mentioned in these conditions depending upon the merits of the case. E. Documents to be submitted for Reimbursement: The reimbursement claim is to be supported with the following documents and submitted within the prescribed time limit. a. Duly completed claim form, and b. Pre Admission investigations and treatment papers. c. Discharge Summary from the hospital d. Cash receipts from hospital, chemists e. Cash receipts and reports for tests done f. Receipts from doctors, surgeons, anesthetist g. Certificate from the attending doctor regarding the diagnosis. h. KYC (Identity proof with Address) of the proposer, as per AML Guidelines. i."", ""Where Package rates are charged by the hospitals the Post-Hospitalization benefit will be calculated after taking the room, boarding and nursing charges at Rs 5000/- per day. The expenses as above are payable only where the in-patient hospitalization is for a minimum period of 24 hours. However this time limit will not apply to the day-care treatments detailed elsewhere in the policy. Policy Wordings Classic Group Health Insurance Unique Identification No.: SHAHLGP21239V022021 7"", ""F) Post \u2013Hospitalization expenses incurred up to 60 days after discharge from the hospital. The amount payable shall not exceed the sum equivalent to 7% of the hospitalization expenses subject to a maximum of Rs5000/- per hospitalization. For the purpose of calculation of the 7%, only nursing expenses, surgeon\u2019s / consultants fees, diagnostic charges and cost of drugs and medicines will be taken G) Coverage for Modern Treatment The expenses payable during the entire policy period for treatment of the following diseases/ conditions (either as a day care or as in-patient exceeding 24hrs of admission in the hospital) is limited to the amount mentioned in table below""]","[""F) Post \u2013Hospitalization expenses incurred up to 60 days after discharge from the hospital. The amount payable shall not exceed the sum equivalent to 7% of the hospitalization expenses subject to a maximum of Rs5000/- per hospitalization. For the purpose of calculation of the 7%, only nursing expenses, surgeon\u2019s / consultants fees, diagnostic charges and cost of drugs and medicines will be taken G) Coverage for Modern Treatment The expenses payable during the entire policy period for treatment of the following diseases/ conditions (either as a day care or as in-patient exceeding 24hrs of admission in the hospital) is limited to the amount mentioned in table below""]",4,1,"[""Classic_Group_Health_Insurance_6e05831c03.pdf_20"", ""Classic_Group_Health_Insurance_6e05831c03.pdf_90"", ""Classic_Group_Health_Insurance_6e05831c03.pdf_41"", ""Classic_Group_Health_Insurance_6e05831c03.pdf_30""]","[""Classic_Group_Health_Insurance_6e05831c03.pdf_30""]",,0.999999999975,1.0,0.8096611479256923,1.0,0.75,1.0,1.0,0.843541877583772,0.09170964806920721,0.28571428571428575,0.22222222222222224
Q_036,What benefits are provided for emergency ambulance services?,"This insurance policy covers emergency ambulance transportation costs under specific conditions. The company will pay up to Rs. 750 per hospitalization for private ambulance services when the insured person needs urgent medical transport to a hospital. However, this coverage is only applicable if there is an approved claim for hospitalization related to the same medical emergency. Additionally, there is an overall limit of Rs. 1,500 per policy period for these ambulance charges.","Emergency ambulance charges are payable up to Rs.750 per hospitalization and subject to an overall limit of Rs.1,500 per policy period when transportation by private ambulance is required for medical reasons and there is an admissible claim under the policy.","[""With regard to coronary stenting, the company will pay such amount up to the extent of cost of bare metal stent/drug eluting cobalt-chromium stent/drug eluting stainless steel stent. In respect of medicines, Implants and such other similar items, the Company will pay up to the cost of alternate indigenous make. D) Emergency ambulance charges up-to a sum of Rs.750/- per hospitalization and overall limit of Rs.1,500/- per policy period for transportation of the insured person by private ambulance service when this is needed for medical reasons to go to hospital for treatment, provided however there is an admissible claim under""]","[""With regard to coronary stenting, the company will pay such amount up to the extent of cost of bare metal stent/drug eluting cobalt-chromium stent/drug eluting stainless steel stent. In respect of medicines, Implants and such other similar items, the Company will pay up to the cost of alternate indigenous make. D) Emergency ambulance charges up-to a sum of Rs.750/- per hospitalization and overall limit of Rs.1,500/- per policy period for transportation of the insured person by private ambulance service when this is needed for medical reasons to go to hospital for treatment, provided however there is an admissible claim under""]",1,1,"[""Classic_Group_Health_Insurance_6e05831c03.pdf_28""]","[""Classic_Group_Health_Insurance_6e05831c03.pdf_28""]",,0.9999999999,1.0,0.6607046683007525,1.0,1.0,1.0,1.0,0.905434932179491,0.002409483444894953,0.5862068965517241,0.3448275862068965
Q_037,When is AYUSH treatment covered under the policy?,"The waiting period for AYUSH treatment coverage is 24 months from the start of your policy. This means if you need treatment under Ayurveda, Unani, Siddha, or Homeopathy (but not Yoga or Naturopathy), the insurance will not cover it for the first 2 years of continuous coverage. After this waiting period, coverage is available up to the sum insured (the maximum amount the policy will pay for AYUSH treatment) if the treatment is done in a hospital that meets specific criteria. The hospital must have at least 5 beds, a qualified AYUSH doctor available 24/7, dedicated therapy sections or an operation theatre if surgeries are needed, and must keep patient records accessible to the insurer.","Medical expenses for inpatient hospitalization under Ayurveda, Unani, Siddha and Homeopathy systems in an AYUSH hospital are payable up to the sum insured, while Yoga and Naturopathy treatments are excluded from AYUSH coverage.","[""i. Having at least 5 in-patient beds; ii. Having qualified AYUSH Medical Practitioner in charge round the clock; iii. Having dedicated AYUSH therapy sections as required and/or has equipped operation theatre where surgical procedures are to be carried out; iv. Maintaining daily records of the patients and making them accessible to the insurance company's authorized representative. Policy Wordings Classic Group Health Insurance Unique Identification No.: SHAHLGP21239V022021 1"", ""H) AYUSH Treatment: Medical expenses for Inpatient Hospitalization incurred on treatment under Ayurveda, Unani, Sidha and Homeopathy systems of medicines in a AYUSH Hospital is payable up to the sum insured. Note: Yoga and Naturopathy systems of treatments are excluded from the scope of coverage under AYUSH treatment I) Patient Care: The cost of engaging one attendant at residence immediately after discharge from the hospital provided the same is recommended by the attending physician. Such expenses are payable up- to Rs 400/- for each completed day up-to 5 days per occurrence and 14 days per policy period. No payment will be made for the first day. This benefit is applicable only for insured persons above 60 years of age and becomes payable only upon"", ""A. Expenses related to the treatment of the following listed Conditions, surgeries/treatments shall be excluded until the expiry of 24 months of continuous coverage after the date of inception of the first policy with us. This exclusion shall not be applicable for claims arising due to an accident. B. In case of enhancement of sum insured the exclusion shall apply afresh to the extent of sum insured increase. C. If any of the specified disease/procedure falls under the waiting period specified for pre-Existing diseases, then the longer of the two waiting periods shall apply. D. The waiting period for listed conditions shall apply even if contracted after the policy or declared and""]","[""AYUSH Treatment: AYUSH Treatment refers to the medical and / or hospitalization treatments given under 'Ayurveda, Yoga and Naturopathy, Unani, Siddha and Homeopathy systems' Break in policy means the period of gap that occurs at the end of the existing policy term/instalment premium due date, when the premium due for renewal on a given policy or instalment premium due is not paid on or before the premium renewal date or Grace Period. Cashless facility: Cashless facility means a facility extended by the insurer to the insured where the payments, of the costs of treatment undergone by the insured in accordance with the policy terms and conditions, are directly made to the network provider by the insurer to the extent pre-authorization is approved. Condition Precedent: Condition Precedent means a policy term or condition upon which the Insurer's liability"", ""H) AYUSH Treatment: Medical expenses for Inpatient Hospitalization incurred on treatment under Ayurveda, Unani, Sidha and Homeopathy systems of medicines in a AYUSH Hospital is payable up to the sum insured. Note: Yoga and Naturopathy systems of treatments are excluded from the scope of coverage under AYUSH treatment I) Patient Care: The cost of engaging one attendant at residence immediately after discharge from the hospital provided the same is recommended by the attending physician. Such expenses are payable up- to Rs 400/- for each completed day up-to 5 days per occurrence and 14 days per policy period. No payment will be made for the first day. This benefit is applicable only for insured persons above 60 years of age and becomes payable only upon""]",3,2,"[""Classic_Group_Health_Insurance_6e05831c03.pdf_4"", ""Classic_Group_Health_Insurance_6e05831c03.pdf_39"", ""Classic_Group_Health_Insurance_6e05831c03.pdf_50""]","[""Classic_Group_Health_Insurance_6e05831c03.pdf_5"", ""Classic_Group_Health_Insurance_6e05831c03.pdf_39""]",,0.99999999995,1.0,0.840433648466342,1.0,0.5,1.0,1.0,0.7768639883089337,0.009842724803400024,0.32214765100671144,0.17449664429530198
Q_038,What conditions must be met for obesity surgery to be considered under the policy exclusions?,"For bariatric surgery to be evaluated as a potential policy exclusion under this health insurance plan, the surgery must fall under the ""specified disease/procedure waiting period"" or the ""pre-existing disease"" rules. The surgery will be excluded if it is not covered until at least 24 months of continuous coverage have passed since the start of the policy, unless it is due to an accident. If bariatric surgery is also considered a pre-existing disease, the longer waiting period (36 months for pre-existing diseases) will apply instead of the 24-month rule. Additionally, the surgery must meet specific criteria: it must be performed based on a doctor’s advice, supported by clinical guidelines, and the patient must be at least 18 years old. The surgery will only be considered if the patient’s body mass index (BMI) meets the insurer’s requirements, though the exact BMI threshold is not specified in the provided policy text.","Surgery must be conducted on the advice of a doctor, supported by clinical protocols, the member must be 18 years or older, and the BMI must be either greater than or equal to 40 or greater than or equal to 35 with severe co-morbidities after failure of less invasive weight loss methods.","[""A. Expenses related to the treatment of the following listed Conditions, surgeries/treatments shall be excluded until the expiry of 24 months of continuous coverage after the date of inception of the first policy with us. This exclusion shall not be applicable for claims arising due to an accident. B. In case of enhancement of sum insured the exclusion shall apply afresh to the extent of sum insured increase. C. If any of the specified disease/procedure falls under the waiting period specified for pre-Existing diseases, then the longer of the two waiting periods shall apply. D. The waiting period for listed conditions shall apply even if contracted after the policy or declared and"", ""Policy Wordings Classic Group Health Insurance Unique Identification No.: SHAHLGP21239V022021 9 A. Surgery to be conducted is upon the advice of the Doctor B. The surgery/Procedure conducted should be supported by clinical protocols C. The member has to be 18 years of age or older and D. Body Mass Index (BMI);"", ""A. Expenses related to the treatment of a pre-existing Disease (PED) and its direct complications shall be excluded until the expiry of 36 months of continuous coverage after the date of inception of the first""]","[""Policy Wordings Classic Group Health Insurance Unique Identification No.: SHAHLGP21239V022021 9 A. Surgery to be conducted is upon the advice of the Doctor B. The surgery/Procedure conducted should be supported by clinical protocols C. The member has to be 18 years of age or older and D. Body Mass Index (BMI);"", ""2. greater than or equal to 35 in conjunction with any of the following severe co-morbidities"", ""a. Obesity-related cardiomyopathy b. Coronary heart disease c. Severe Sleep Apnea d. Uncontrolled Type2 Diabetes""]",3,3,"[""Classic_Group_Health_Insurance_6e05831c03.pdf_50"", ""Classic_Group_Health_Insurance_6e05831c03.pdf_61"", ""Classic_Group_Health_Insurance_6e05831c03.pdf_47""]","[""Classic_Group_Health_Insurance_6e05831c03.pdf_61"", ""Classic_Group_Health_Insurance_6e05831c03.pdf_62"", ""Classic_Group_Health_Insurance_6e05831c03.pdf_63""]",,0.49999999995,0.75,0.702886796270611,0.9090909090909091,0.25,0.75,1.0,0.6155346284289378,0.017578455964264744,0.24761904761904763,0.16190476190476188
Q_039,What conditions must be satisfied for treatment to qualify as medically necessary?,"For a medical procedure or service to be covered under this insurance policy, it must be medically necessary. This means the treatment must be required to properly manage an illness or injury, and it should not be more extensive or prolonged than what is needed for safe and appropriate care. The treatment should also be prescribed by a qualified doctor and follow standard medical practices either internationally or in India. If the procedure is surgery, it must be a manual or operative procedure done in a hospital or day care center to diagnose, treat, or relieve symptoms of an illness or injury.","Medically necessary treatment must be required for medical management of illness or injury, must not exceed the level of care necessary for safe and appropriate treatment, must be prescribed by a medical practitioner, and must conform to professional standards accepted in international medical practice or by the medical community in India.","[""i) is required for the medical management of the illness or injury suffered by the insured; ii) must not exceed the level of care necessary to provide safe, adequate and appropriate medical care in scope, duration, or intensity; iii) must have been prescribed by a medical practitioner; iv) must conform to the professional standards widely accepted in international medical practice or by the medical community in India. Migration means a facility provided to policyholders (including all members under family cover and group policies), to transfer the credits gained for Pre-Existing Diseases and specific waiting periods from one health"", ""Reasonable and Customary Charges: Reasonable and Customary charges means the charges for services or supplies, which are the standard charges for the specific provider and consistent with the prevailing charges in the geographical area for identical or similar services, taking into account the nature of the illness / injury involved. Room Rent: Room Rent means the amount charged by a Hospital towards Room and Boarding expenses and shall include the associated medical expenses. Specific waiting period: Specific waiting period means a period up to 36 months from the commencement of a health insurance policy during which period specified diseases/treatments (except due to an accident) are not covered. On completion of the period, diseases/treatments shall be covered provided the policy has been continuously renewed without any break. Surgery or Surgical Procedure: Surgery or Surgical Procedure means manual and / or operative procedure(s) required for treatment of an illness or injury, correction of deformities and defects, diagnosis and cure of diseases, relief from suffering and prolongation of life, performed in a hospital or day care centre by a medical practitioner."", ""A. Condition Precedent to Admission of Liability: The terms and conditions of the policy must be fulfilled by the insured person for the Company to make any payment for claim(s) arising under the""]","[""i) is required for the medical management of the illness or injury suffered by the insured; ii) must not exceed the level of care necessary to provide safe, adequate and appropriate medical care in scope, duration, or intensity; iii) must have been prescribed by a medical practitioner; iv) must conform to the professional standards widely accepted in international medical practice or by the medical community in India. Migration means a facility provided to policyholders (including all members under family cover and group policies), to transfer the credits gained for Pre-Existing Diseases and specific waiting periods from one health""]",3,1,"[""Classic_Group_Health_Insurance_6e05831c03.pdf_17"", ""Classic_Group_Health_Insurance_6e05831c03.pdf_22"", ""Classic_Group_Health_Insurance_6e05831c03.pdf_83""]","[""Classic_Group_Health_Insurance_6e05831c03.pdf_17""]",,0.9999999999,1.0,0.5865582461989277,1.0,0.75,1.0,1.0,0.7675178708447179,0.010544430334001093,0.49673202614379086,0.35294117647058826
Q_040,When can cashless treatment be used under this policy?,"To use cashless inpatient hospitalization services under this policy, you must first get pre-authorization from the insurance company. Here’s how it works:

You need to admit yourself to a hospital that is part of the insurer’s network (you can check the list on www.starhealth.in or call their helpline). Once admitted, you must obtain a Pre-authorisation Form from the hospital’s helpdesk. Fill in your patient details and submit it back to the hospital helpdesk. The treating doctor will then complete the form with details about your hospitalization and treatment, and the hospital will estimate the expected cost. This form is then submitted to the insurance company for approval.

The insurance company will review the form and may ask for additional documents or clarifications if the information is incomplete. If everything is correct, they will approve or reject the request based on the policy terms and exclusions. In case of an emergency, you must inform the company about the hospitalization within 24 hours after admission.

You must also carry your insurance ID card to the hospital for verification. The cashless facility will only be provided if the hospital is part of the network and the insurance company approves the pre-authorization.","Cashless facility can be availed only in network hospitals, and in case of emergency hospitalization the insurer must be informed within 24 hours after hospitalization.","[""d. Obtain the Pre-authorisation Form from the Hospital Help Desk, complete the Patient Information and resubmit to the Hospital Help Desk. e. The Treating Doctor will complete the hospitalisation/ treatment information and the hospital will fill up expected cost of treatment. This form is submitted to the Company f. The Company will process the request and call for additional documents / clarifications if the information furnished is inadequate. g. Once all the details are furnished, the Company will process the request as per the terms and conditions as well as the exclusions therein and either approve or reject the request based on the merits. h. In case of emergency hospitalization information to be given within 24 hours after hospitalization i. Cashless facility can be availed only in networked Hospitals. For details of Networked Hospitals, the insured may visit www.starhealth.in or contact the nearest branch or refer to the list of"", ""AYUSH Treatment: AYUSH Treatment refers to the medical and / or hospitalization treatments given under 'Ayurveda, Yoga and Naturopathy, Unani, Siddha and Homeopathy systems' Break in policy means the period of gap that occurs at the end of the existing policy term/instalment premium due date, when the premium due for renewal on a given policy or instalment premium due is not paid on or before the premium renewal date or Grace Period. Cashless facility: Cashless facility means a facility extended by the insurer to the insured where the payments, of the costs of treatment undergone by the insured in accordance with the policy terms and conditions, are directly made to the network provider by the insurer to the extent pre-authorization is approved. Condition Precedent: Condition Precedent means a policy term or condition upon which the Insurer's liability"", ""B. Documents for Cashless Treatment: a. For assistance call 24 hours help-line 044-69006900 or Toll Free No. 1800 425 2255, Senior Citizens may call at 044-40020888 b. Inform the ID number for easy reference c. On admission in the hospital, produce the ID Card issued by the Company at the Hospital"", ""E) Relevant Pre-Hospitalization medical expenses incurred for a period not exceeding 30 days prior to the date of hospitalization, for the disease/illness, injury sustained following an admissible claim under the""]","[""d. Obtain the Pre-authorisation Form from the Hospital Help Desk, complete the Patient Information and resubmit to the Hospital Help Desk. e. The Treating Doctor will complete the hospitalisation/ treatment information and the hospital will fill up expected cost of treatment. This form is submitted to the Company f. The Company will process the request and call for additional documents / clarifications if the information furnished is inadequate. g. Once all the details are furnished, the Company will process the request as per the terms and conditions as well as the exclusions therein and either approve or reject the request based on the merits. h. In case of emergency hospitalization information to be given within 24 hours after hospitalization i. Cashless facility can be availed only in networked Hospitals. For details of Networked Hospitals, the insured may visit www.starhealth.in or contact the nearest branch or refer to the list of"", ""j. KYC (Identity proof with Address) of the proposer, as per AML Guidelines In non-network hospitals payment must be made up-front and then reimbursement will be effected on submission of documents. Note: The Company reserves the right to call for additional documents wherever required. Policy Wordings Classic Group Health Insurance Unique Identification No.: SHAHLGP21239V022021 12""]",4,2,"[""Classic_Group_Health_Insurance_6e05831c03.pdf_85"", ""Classic_Group_Health_Insurance_6e05831c03.pdf_5"", ""Classic_Group_Health_Insurance_6e05831c03.pdf_84"", ""Classic_Group_Health_Insurance_6e05831c03.pdf_29""]","[""Classic_Group_Health_Insurance_6e05831c03.pdf_85"", ""Classic_Group_Health_Insurance_6e05831c03.pdf_86""]",,0.9999999999,1.0,0.7576633346981887,1.0,0.5,1.0,1.0,0.6864611648175816,0.018791455390305887,0.19913419913419914,0.13852813852813853
Q_041,What types of medical expenses does the policy cover during treatment?,"This policy covers a variety of medical and surgical expenses, but the exact coverage depends on whether you are a Platinum policyholder or not. Here’s what is included:

For all policyholders, the policy covers:
- Doctor’s fees for medical consultations and treatments.
- Costs for diagnostic tests like blood tests, X-rays, MRIs, or ultrasounds, as long as they are prescribed by a doctor.
- Medicines, drugs, and consumables needed during treatment, including intravenous fluids, blood transfusions, and injection charges.
- Operation theatre charges for surgeries.
- Prosthetics or devices implanted during surgery.
- Intensive Care Unit (ICU) charges if needed.
- Hospital room charges for accommodation during inpatient stays.
- Medical expenses for procedures like chemotherapy, radiotherapy, or hemodialysis if done as an inpatient for less than 24 hours (called day-care procedures).
- Some pre-hospitalization expenses (medical costs up to 30 days before hospitalization for the same illness, but only if the inpatient claim is accepted).

For Platinum policyholders only, the policy also covers:
- Reasonable and customary fees for doctor consultations to assess health conditions as an outpatient.
- Diagnostic tests prescribed by a doctor, though there may be limits on how much is covered.

The policy does not cover routine eye care (like glasses or laser vision correction), experimental treatments, wellness or non-hospital treatments (like spa or nature cure clinics), or drugs/dressings for take-home use after discharge.","The policy covers doctors’ fees, diagnostic tests, medicines, drugs and consumables, intravenous fluids, blood transfusion, injection administration charges, operation theatre charges, the cost of prosthetics and devices implanted during surgery, and intensive care unit charges.","[""We will cover an Insured Person\u2019s Reasonable & Customary consultation expenses of Medically Necessary consultation with a Doctor, as an out-patient to assess the Insured Person\u2019s health condition for any Illness. We will also pay for any Diagnostic Tests prescribed by the Doctor upto the sub-limits"", ""(a) Doctors\u2019 fees (b) Diagnostics Tests (c) Medicines, drugs and consumables (d) Intravenous fluids, blood transfusion, injection administration charges (e) Operation theatre charges (f) The cost of prosthetics and other devices or equipment if implanted internally during a Surgical Operation. (g) Intensive Care Unit charges"", ""We will cover Medical Expenses incurred due to Illness up to 30 days immediately before an Insured Person\u2019s admission to a Hospital for the same Illness as long as We have accepted an In-patient Hospitalisation claim under 2.1 above. Pre-hospitalization expenses can be claimed as reimbursement only."", ""We will cover Medical Expenses for Day Care Procedures (including Chemotherapy, Radiotherapy, Hemodialysis, any procedure which needs a period of specialized observation or care after completion of the procedure) where such procedures are undertaken by an Insured Person as an In-patient in a Hospital for a continuous period of less than 24 hours. Any procedure undertaken on an out-patient basis in a Hospital will not be covered."", ""We will cover Reasonable and Customary charges for Hospital accommodation."", ""EXCEPTION: We will pay for a Surgical Operation for which the Insured Person is Hospitalised as a result of an Accident and which is undertaken as an In-patient in a Hospital and carried out by a Doctor. x. Drugs and dressings for Out-patient or take-home use Any drugs or surgical dressings that are provided or prescribed in the case of Out-patient Treatment, or for an Insured Person to take home on leaving Hospital, for any condition, except as included in post-hospitalization expenses under clause 2.4 above. xi. Eyesight Treatment to correct refractive errors of the eye, unless required as the result of an Accident. We will not pay for routine eye examinations, contact lenses, spectacles or laser eye sight correction. xii. Experimental treatment Treatment, including medication, which in competent Medical Practitioner\u2019s opinion is experimental or has not generally been proved to be effective. xiii. Health hydros, nature cure, wellness clinics etc. Treatment or services received in health hydros, nature cure clinics or any establishment that is not a Hospital. xiv.""]","[""(a) Doctors\u2019 fees (b) Diagnostics Tests (c) Medicines, drugs and consumables (d) Intravenous fluids, blood transfusion, injection administration charges (e) Operation theatre charges (f) The cost of prosthetics and other devices or equipment if implanted internally during a Surgical Operation. (g) Intensive Care Unit charges""]",6,1,"[""Health Companion-Health Insurance Plan_GEN617.pdf_12"", ""Health Companion-Health Insurance Plan_GEN617.pdf_2"", ""Health Companion-Health Insurance Plan_GEN617.pdf_4"", ""Health Companion-Health Insurance Plan_GEN617.pdf_6"", ""Health Companion-Health Insurance Plan_GEN617.pdf_3"", ""Health Companion-Health Insurance Plan_GEN617.pdf_26""]","[""Health Companion-Health Insurance Plan_GEN617.pdf_2""]",,0.4166666666458333,1.0,0.7930650938969085,0.7647058823529411,0.5,1.0,0.5,0.7864648577046791,0.017813706333885137,0.26053639846743293,0.22222222222222224
Q_042,Does the policy cover hospital accommodation charges?,"Yes, the policy includes reimbursement for room rent during inpatient hospitalization, but only up to the ""Reasonable and Customary charges"" for hospital accommodation. The coverage is also limited to the room rate allowed by the specific insurance plan you have opted for, as shown in the Product Benefits Table. If a higher-priced room is occupied, the policy will only reimburse the amount equivalent to the room rate permitted by your plan or the actual room rate charged, whichever is lower.",The policy covers reasonable and customary charges for hospital accommodation.,"[""We will cover Reasonable and Customary charges for Hospital accommodation."", ""Further where Medical Expenses are linked with room rates, Medical Expenses as applicable to the room that is actually occupied or as per room rates entitlement under the plan opted, whichever is lower, shall be payable. (d) It is hereby agreed and understood that in providing pre-authorisation or accepting a claim for reimbursement under this Policy or making a payment under this Policy, We make no representation and/or give no guarantee and/or assume no responsibility for the appropriateness, quality or effectiveness of the treatment sought or provided. n. Alteration to the Policy This Policy constitutes the complete contract of insurance. Any change in the Policy will only be evidenced by a written endorsement signed and stamped by Us. No one except Us can change"", ""(2) A medical examination by Our doctor or for an investigation as often as We believe this to be necessary. Any expenses related to such examinations or investigations shall be borne by Us. ii. In the event of the Insured Person's death during Hospitalization, written notice accompanied by a copy of the post mortem report (if any) shall be given to Us within 14 days regardless of whether any other notice has been given to Us. We reserve the right to require an autopsy. iii.For the purposes of benefit 2, it is understood and agreed that if a Hospital room as per the rent limit permitted by the insurance plan opted for, as shown in the Product Benefits Table, is unavailable, then We will only be liable to make payment for a Hospital room that is actually occupied or as per entitlement permitted by the plan opted for, whichever is lower. Further where Medical Expenses are linked with room rates, Medical Expenses as applicable to the room that is actually occupied or as per room rates entitlement under the plan opted, whichever is lower, shall be payable.""]","[""We will cover Reasonable and Customary charges for Hospital accommodation.""]",3,1,"[""Health Companion-Health Insurance Plan_GEN617.pdf_3"", ""Health Companion-Health Insurance Plan_GEN617.pdf_83"", ""Health Companion-Health Insurance Plan_GEN617.pdf_82""]","[""Health Companion-Health Insurance Plan_GEN617.pdf_3""]",,0.9999999999666667,1.0,0.8298897546186449,0.8,0.75,1.0,1.0,0.7754600730253262,0.06143498010483918,0.1978021978021978,0.1978021978021978
Q_043,How long before hospitalization are pre-hospitalization medical expenses covered?,"The insurance policy covers medical expenses incurred before hospitalization for the same illness up to 30 days before the insured person is admitted to the hospital. This means if you get sick and visit a doctor or need treatment before being admitted to the hospital for that same illness, the policy will pay for those costs, but only if the hospital stay is later approved by the insurer.","Medical expenses incurred due to illness up to 30 days immediately before an insured person’s admission to a hospital for the same illness are covered, provided the insurer has accepted an inpatient hospitalization claim.","[""We will cover Medical Expenses incurred due to Illness up to 30 days immediately before an Insured Person\u2019s admission to a Hospital for the same Illness as long as We have accepted an In-patient Hospitalisation claim under 2.1 above. Pre-hospitalization expenses can be claimed as reimbursement only.""]","[""We will cover Medical Expenses incurred due to Illness up to 30 days immediately before an Insured Person\u2019s admission to a Hospital for the same Illness as long as We have accepted an In-patient Hospitalisation claim under 2.1 above. Pre-hospitalization expenses can be claimed as reimbursement only.""]",1,1,"[""Health Companion-Health Insurance Plan_GEN617.pdf_4""]","[""Health Companion-Health Insurance Plan_GEN617.pdf_4""]",,0.9999999999,1.0,0.7714214655436713,1.0,0.75,1.0,1.0,0.8663721622672322,0.18410935621658178,0.44660194174757284,0.36893203883495146
Q_044,How long after discharge are post-hospitalization expenses covered?,"The insurance policy covers post-hospitalization medical expenses for up to 60 days after you are discharged from the hospital for the same illness or condition that required hospitalization. This coverage applies only if the hospitalization claim was already accepted by the insurer. Claims for these expenses can only be made as reimbursement, meaning you pay the bills first and then get the money back from the insurer.","Medical expenses incurred due to illness up to 60 days immediately after an insured person’s discharge from hospital for the same illness are covered, provided the insurer has accepted an inpatient hospitalization claim.","[""We will cover Medical Expenses incurred due to Illness up to 60 days immediately after an Insured Person\u2019s discharge from Hospital for the same Illness as long as We have accepted an In-patient Hospitalisation claim under 2.1 above. Post-hospitalization expenses can be claimed as reimbursement only."", ""ii. For any Illness or Accident or medical condition that requires Hospitalization, the Insured Person shall deliver to Us the documents listed below, at his own expense, within 30 days of the Insured Person's discharge from Hospital (when the claim is only in respect of post-hospitalization, within 30 days of the completion of the post-""]","[""We will cover Medical Expenses incurred due to Illness up to 60 days immediately after an Insured Person\u2019s discharge from Hospital for the same Illness as long as We have accepted an In-patient Hospitalisation claim under 2.1 above. Post-hospitalization expenses can be claimed as reimbursement only.""]",2,1,"[""Health Companion-Health Insurance Plan_GEN617.pdf_5"", ""Health Companion-Health Insurance Plan_GEN617.pdf_79""]","[""Health Companion-Health Insurance Plan_GEN617.pdf_5""]",,0.9999999999,1.0,0.7082214620789363,0.6666666666666666,1.0,1.0,1.0,0.8597315837162502,0.18530525309569423,0.4313725490196078,0.3333333333333333
Q_045,Are day care procedures covered even if hospitalization is less than 24 hours?,"Yes, the policy covers outpatient surgical procedures performed as day-care (short-stay) procedures where the insured person is admitted to a hospital for less than 24 hours. These procedures are covered only if they meet the criteria of day-care procedures, such as chemotherapy, radiotherapy, or surgeries requiring observation after the procedure. However, if the procedure is done purely as an outpatient (without admission to the hospital), it will not be covered.","Medical expenses for day care procedures (including chemotherapy, radiotherapy, hemodialysis, or procedures needing specialized observation) are covered when undertaken as an in-patient in a hospital for a continuous period of less than 24 hours. Out-patient procedures are not covered.","[""We will cover Medical Expenses for Day Care Procedures (including Chemotherapy, Radiotherapy, Hemodialysis, any procedure which needs a period of specialized observation or care after completion of the procedure) where such procedures are undertaken by an Insured Person as an In-patient in a Hospital for a continuous period of less than 24 hours. Any procedure undertaken on an out-patient basis in a Hospital will not be covered."", ""b) has qualified nursing staff under its employment round the clock; c) has qualified Doctor (s) in charge round the clock; d) has a fully equipped operation theatre of its own where surgical procedures are carried out e) maintains daily records of patients and will make these accessible to the Insurance company\u2019s authorized personnel. Def. 13. Hospitalisation or Hospitalised means the admission as an In-patient into a Hospital for necessary medical treatment for a continuous minimum period of 24 hours as a consequence of"", ""Illness does not mean and this Policy does not cover any mental illness or sickness or disease (including but not limited to a psychiatric condition, disorganisation of personality or mind, or emotions or behaviour) even if caused by or aggravated by or related to an Accident or Illness. Def. 17. In-patient: Treatment for which the Insured Person has to stay in a hospital for more than 24 hours for a covered event. Def. 18. Insured Person means person named as insured in the Schedule of Insurance Certificate. Any Family member may be added as an Insured Person during the Policy Period if We have accepted his application for insurance and issued an endorsement confirming the addition of such person as an Insured Person.""]","[""We will cover Medical Expenses for Day Care Procedures (including Chemotherapy, Radiotherapy, Hemodialysis, any procedure which needs a period of specialized observation or care after completion of the procedure) where such procedures are undertaken by an Insured Person as an In-patient in a Hospital for a continuous period of less than 24 hours. Any procedure undertaken on an out-patient basis in a Hospital will not be covered.""]",3,1,"[""Health Companion-Health Insurance Plan_GEN617.pdf_6"", ""Health Companion-Health Insurance Plan_GEN617.pdf_102"", ""Health Companion-Health Insurance Plan_GEN617.pdf_105""]","[""Health Companion-Health Insurance Plan_GEN617.pdf_6""]",,0.99999999995,1.0,0.7113434683707293,0.8,0.5,1.0,0.0,0.7808660301714594,0.09633379062152532,0.40350877192982454,0.24561403508771934
Q_046,Under what conditions will domiciliary treatment be covered?,"Your insurance covers home treatment (domiciliary treatment) instead of hospitalization if you need medical care at home for an illness or injury that would normally require a hospital stay. This applies only if the treatment lasts for 3 or more days in a row. The insurance will pay for this care under two main conditions:
First, if a doctor confirms that you cannot safely be moved to a hospital. Second, if there are no available hospital beds for your condition. The treatment must be for the actual illness or injury, not just for recovery, supervision, or other reasons like rehabilitation.

To qualify, the doctor must have originally recommended hospitalization for your condition. You will also need to provide specific documents to claim reimbursement, including bills, receipts, test reports, a doctor’s referral letter confirming the need for hospitalization, and any other relevant medical records.","Medical expenses for treatment at home are covered if treatment continues for an uninterrupted period of 3 days and the condition would otherwise have required hospitalization, provided either the doctor confirms the patient could not be transferred to a hospital or the insured proves that a hospital bed was unavailable.","[""We will cover Medical Expenses for medical treatment taken at home if this continues for an uninterrupted period of 3 days and the condition for which treatment is taken would otherwise have necessitated hospitalization as long as either (i) the attending Doctor confirms that the Insured Person could not be transferred to a Hospital or (ii) the Insured Person satisfies Us that a Hospital bed was unavailable."", ""days, for an illness/disease/injury which in the normal course would require care and treatment at a Hospital but is actually taken while confined at home under any of the following"", ""for receiving eligible treatment of a type that normally requires a stay in Hospital."", ""(2) Original bills, receipts and discharge certificate/card from the Hospital/ Doctor. (3) Original bills from chemists supported by proper prescription. (4) Original investigation test reports and payment receipts. (5) Doctor's referral letter advising hospitalization in non-Accident cases. (6) Details of any other insurance policy that may respond to the claim. (7) First Information Report (FIR) for medico-legal cases. iii. For any medical treatment taken from an Out-Of-Network Hospital We will only pay Medical Expenses which are Reasonable and Customary. (c) For Network and Out-Of-Network Hospitals""]","[""We will cover Medical Expenses for medical treatment taken at home if this continues for an uninterrupted period of 3 days and the condition for which treatment is taken would otherwise have necessitated hospitalization as long as either (i) the attending Doctor confirms that the Insured Person could not be transferred to a Hospital or (ii) the Insured Person satisfies Us that a Hospital bed was unavailable.""]",4,1,"[""Health Companion-Health Insurance Plan_GEN617.pdf_7"", ""Health Companion-Health Insurance Plan_GEN617.pdf_97"", ""Health Companion-Health Insurance Plan_GEN617.pdf_23"", ""Health Companion-Health Insurance Plan_GEN617.pdf_80""]","[""Health Companion-Health Insurance Plan_GEN617.pdf_7""]",,0.99999999995,1.0,0.6845355125708513,1.0,0.75,1.0,1.0,0.8310395040753638,0.026081381615691623,0.3917525773195877,0.20618556701030927
Q_047,Does the policy cover expenses for organ donor treatment?,"This insurance policy does not cover medical expenses related to organ donation. While it mentions covering treatment for the harvesting of the donated organ, it explicitly excludes pre-hospitalization, post-hospitalization, and screening expenses for the donor. This means costs like tests before donation, the actual donation surgery, or care after the surgery are not included.","The policy covers medical expenses for an organ donor’s treatment for harvesting the donated organ, provided the donation conforms to the Transplantation of Human Organs Act 1994 and the insured person has been medically advised to undergo an organ transplant.","[""We will cover Medical Expenses for an organ donor\u2019s treatment for the harvesting of the organ donated"", ""(a) Pre-hospitalisation or post-hospitalization Medical Expenses or screening expenses of the donor or any other medical expenses as a result of the harvesting from the donor (b) Costs directly or indirectly associated with the acquisition of the donor\u2019s organ.""]","[""We will cover Medical Expenses for an organ donor\u2019s treatment for the harvesting of the organ donated"", ""a. The donation conforms to The Transplantation of Human Organs Act 1994 and the organ is for the use of the Insured Person; b. The Insured Person has been medically advised to undergo an organ transplant;""]",2,2,"[""Health Companion-Health Insurance Plan_GEN617.pdf_8"", ""Health Companion-Health Insurance Plan_GEN617.pdf_10""]","[""Health Companion-Health Insurance Plan_GEN617.pdf_8"", ""Health Companion-Health Insurance Plan_GEN617.pdf_9""]",,0.99999999995,0.5,0.8691037334055086,0.125,0.0,1.0,0.5,0.8094617498006644,0.007316864305577217,0.45360824742268047,0.3092783505154639
Q_048,Are any organ donor related expenses excluded from coverage?,"This policy does not explicitly cover reimbursement for all medical expenses related to organ donation procedures or complications. While it states that some treatment costs for the donor during organ harvesting may be covered under certain conditions, it also clearly excludes other related expenses. Specifically, the policy does not pay for pre-hospitalization or post-hospitalization medical expenses, screening expenses, or any costs tied to acquiring the donor’s organ.","The policy does not cover pre-hospitalization or post-hospitalization medical expenses, screening expenses of the donor, or costs directly or indirectly associated with the acquisition of the donor’s organ.","[""(a) Pre-hospitalisation or post-hospitalization Medical Expenses or screening expenses of the donor or any other medical expenses as a result of the harvesting from the donor (b) Costs directly or indirectly associated with the acquisition of the donor\u2019s organ."", ""We will cover Medical Expenses for an organ donor\u2019s treatment for the harvesting of the organ donated"", ""a. The donation conforms to The Transplantation of Human Organs Act 1994 and the organ is for the use of the Insured Person; b. The Insured Person has been medically advised to undergo an organ transplant;""]","[""(a) Pre-hospitalisation or post-hospitalization Medical Expenses or screening expenses of the donor or any other medical expenses as a result of the harvesting from the donor (b) Costs directly or indirectly associated with the acquisition of the donor\u2019s organ.""]",3,1,"[""Health Companion-Health Insurance Plan_GEN617.pdf_10"", ""Health Companion-Health Insurance Plan_GEN617.pdf_8"", ""Health Companion-Health Insurance Plan_GEN617.pdf_9""]","[""Health Companion-Health Insurance Plan_GEN617.pdf_10""]",,0.9999999999,1.0,0.0,0.14285714285714285,1.0,1.0,0.5,0.8610980550061533,0.054910451998606745,0.45544554455445546,0.3762376237623762
Q_049,When will emergency ambulance expenses be covered?,"Under this policy, there is no specific waiting period for emergency ambulance services. The general 30-day waiting period mentioned in the policy does not apply to treatments resulting from an accident. Since emergency ambulance services are typically considered urgent care due to an accident or sudden medical emergency, they are likely covered immediately without waiting.","Ambulance expenses are covered for transferring the insured person by surface transport following an emergency to the nearest hospital with adequate facilities, provided the ambulance service is offered by a healthcare or ambulance service provider and an inpatient hospitalization claim has been accepted.","[""b. 30 Days Initial Waiting Period We will not cover any treatment taken during the first 30 days since the date of commencement of the Policy, unless the treatment needed is the result of an Accident. This waiting period does not apply for""]","[""We will cover Reasonable and Customary ambulance expenses incurred to transfer the Insured Person by surface transport following an Emergency to the nearest Hospital with adequate facilities if: a. The ambulance service is offered by a healthcare or ambulance service provider; b. We have accepted an In-patient Hospitalization claim under the provisions of 2.1 above; In the case of Out-Of-Network Hospitalization of the Insured Person Our maximum liability for ambulance expenses is limited to Rs.2,000/- per event.""]",1,1,"[""Health Companion-Health Insurance Plan_GEN617.pdf_16""]","[""Health Companion-Health Insurance Plan_GEN617.pdf_11""]",,0.0,0.0,0.7142160208936382,0.25,0.0,0.0,0.5,0.6407322827216366,0.004638569955777906,0.30303030303030304,0.1414141414141414
Q_050,What happens if an insured person aged 65 or older makes a claim?,"For individuals aged 65 or older, this health insurance policy covers medical expenses but applies a specific rule for payments. The insurance company will pay 80% of the approved claim amount, while the insured person must cover the remaining 20%. This applies to all claims made by someone 65 or older during the policy period. The policy also states that coverage is only valid if the treatment is reasonable and necessary, and it must be for an illness, accident, or condition that occurs during the policy period. Claims must follow general policy rules, such as meeting eligibility requirements and any limits or exclusions listed in the policy.","If an insured person is 65 years of age or older at the start of the policy year, the insurer will pay only 80% of the assessed claim amount and the remaining balance will be borne by the insured person.","[""If any Insured Person is 65 years of age or over on the date of commencement of the current Policy Year, then it is agreed that We will only pay 80% of any amount We assess for payment or reimbursement in respect of any claim made by that Insured Person and the balance will be borne by the Insured Person."", ""The Policy covers reasonable expenses incurred towards medical treatment taken during the Policy Period for an Illness, Accident or condition described below if this is contracted or sustained by an Insured Person during the Policy Period and subject always to the Sum Insured, any subsidiary limit specified in the Product Benefits Table, the terms, conditions, limitations and exclusions mentioned in the Policy and eligibility as per the insurance plan opted for in the Product Benefits Table and as shown in the"", ""We shall not be liable under this Policy for any claim in connection with or in respect of the following: a. Pre-Existing Conditions Benefits will not be available for Pre-existing Conditions until 48 months of continuous coverage have""]","[""If any Insured Person is 65 years of age or over on the date of commencement of the current Policy Year, then it is agreed that We will only pay 80% of any amount We assess for payment or reimbursement in respect of any claim made by that Insured Person and the balance will be borne by the Insured Person.""]",3,1,"[""Health Companion-Health Insurance Plan_GEN617.pdf_14"", ""Health Companion-Health Insurance Plan_GEN617.pdf_1"", ""Health Companion-Health Insurance Plan_GEN617.pdf_15""]","[""Health Companion-Health Insurance Plan_GEN617.pdf_14""]",,0.9999999999,1.0,0.6599386400256548,0.8,0.75,1.0,1.0,0.8046818458923677,0.01602049695333732,0.39455782312925164,0.2312925170068027
Q_051,How long must you wait before pre-existing conditions are covered under the policy?,The waiting period for pre-existing medical conditions in this policy is 48 months. This means coverage for pre-existing conditions will not be available until the insured person has had continuous coverage with this policy for 48 months.,Benefits for pre-existing conditions are not available until 48 months of continuous coverage have elapsed since the inception of the first policy with the insurer.,"[""completion of the period stated in the Schedule of Insurance Certificate for the Insured Person. It is understood and agreed that the period stated in"", ""Def. 23. Out-patient Treatment means treatment given at a hospital, doctors' consulting room, office or Out-patient clinic where Insured Person are not admitted for Day-Care Procedures or In-patient treatment. Def. 24. Policy means these terms and conditions, any annexure thereto and the Schedule of Insurance Certificate (as amended from time to time), Your statements in the proposal form and the Information Summary Sheet and the policy wording (including endorsements, if any). Def. 25. Policy Period means the period between the date of commencement and the expiry date specified shown in the Schedule of Insurance Certificate. Def. 26. Policy Year means the period of one year commencing on the date of commencement specified in the Schedule of Insurance Certificate or any anniversary thereof. Def. 27. Pre-existing Condition means any condition, ailment or injury or related condition(s) for which the Insured Person had signs or symptoms, and / or were diagnosed, and / or received medical advice/ treatment, within 48 months prior to the first Policy issued by Us. Def. 28. Product Benefits Table means the Product Benefits Table issued by Us and accompanying"", ""We shall not be liable under this Policy for any claim in connection with or in respect of the following: a. Pre-Existing Conditions Benefits will not be available for Pre-existing Conditions until 48 months of continuous coverage have""]","[""We shall not be liable under this Policy for any claim in connection with or in respect of the following: a. Pre-Existing Conditions Benefits will not be available for Pre-existing Conditions until 48 months of continuous coverage have"", ""b. 30 Days Initial Waiting Period We will not cover any treatment taken during the first 30 days since the date of commencement of the Policy, unless the treatment needed is the result of an Accident. This waiting period does not apply for""]",3,2,"[""Health Companion-Health Insurance Plan_GEN617.pdf_48"", ""Health Companion-Health Insurance Plan_GEN617.pdf_108"", ""Health Companion-Health Insurance Plan_GEN617.pdf_15""]","[""Health Companion-Health Insurance Plan_GEN617.pdf_15"", ""Health Companion-Health Insurance Plan_GEN617.pdf_16""]",,0.5833333333041666,1.0,0.8274640713389313,1.0,1.0,1.0,1.0,0.8159315900033064,0.03557124058899452,0.4923076923076924,0.3076923076923077
Q_052,Is treatment during the first 30 days of the policy covered?,The waiting period for pre-existing conditions under this policy is 48 months of continuous coverage. This means that benefits for inpatient hospitalization and outpatient treatment related to pre-existing conditions will not be covered until the insured person has been continuously covered by this policy for at least 48 months. A pre-existing condition is defined as any condition diagnosed or treated within 48 months before the policy starts.,Treatment taken during the first 30 days from the commencement of the policy is not covered unless the treatment is required due to an accident.,"[""completion of the period stated in the Schedule of Insurance Certificate for the Insured Person. It is understood and agreed that the period stated in"", ""Def. 23. Out-patient Treatment means treatment given at a hospital, doctors' consulting room, office or Out-patient clinic where Insured Person are not admitted for Day-Care Procedures or In-patient treatment. Def. 24. Policy means these terms and conditions, any annexure thereto and the Schedule of Insurance Certificate (as amended from time to time), Your statements in the proposal form and the Information Summary Sheet and the policy wording (including endorsements, if any). Def. 25. Policy Period means the period between the date of commencement and the expiry date specified shown in the Schedule of Insurance Certificate. Def. 26. Policy Year means the period of one year commencing on the date of commencement specified in the Schedule of Insurance Certificate or any anniversary thereof. Def. 27. Pre-existing Condition means any condition, ailment or injury or related condition(s) for which the Insured Person had signs or symptoms, and / or were diagnosed, and / or received medical advice/ treatment, within 48 months prior to the first Policy issued by Us. Def. 28. Product Benefits Table means the Product Benefits Table issued by Us and accompanying"", ""We shall not be liable under this Policy for any claim in connection with or in respect of the following: a. Pre-Existing Conditions Benefits will not be available for Pre-existing Conditions until 48 months of continuous coverage have""]","[""b. 30 Days Initial Waiting Period We will not cover any treatment taken during the first 30 days since the date of commencement of the Policy, unless the treatment needed is the result of an Accident. This waiting period does not apply for""]",3,1,"[""Health Companion-Health Insurance Plan_GEN617.pdf_48"", ""Health Companion-Health Insurance Plan_GEN617.pdf_108"", ""Health Companion-Health Insurance Plan_GEN617.pdf_15""]","[""Health Companion-Health Insurance Plan_GEN617.pdf_16""]",,0.0,0.0,0.5780566657667556,0.6,0.0,0.0,1.0,0.5345773734852735,0.027937608272838487,0.23157894736842105,0.1473684210526316
Q_053,What is considered a day care procedure under the policy definition?,"The insurance policy defines day-care procedures as medical treatments that require specialized care or observation after the procedure, but do not need an overnight hospital stay. These include things like chemotherapy, radiotherapy, hemodialysis, or surgeries that need close monitoring for less than 24 hours. The key point is that the procedure must be done as an in-patient (meaning you stay in the hospital) but for a period shorter than 24 hours. If the same procedure is done as an out-patient (without staying in the hospital), it will not be covered.",A day care procedure is a medical or surgical procedure undertaken under general or local anesthesia in a hospital or day care centre in less than 24 hours due to technological advancement and which would otherwise have required hospitalization for more than 24 hours.,"[""We will cover Medical Expenses for Day Care Procedures (including Chemotherapy, Radiotherapy, Hemodialysis, any procedure which needs a period of specialized observation or care after completion of the procedure) where such procedures are undertaken by an Insured Person as an In-patient in a Hospital for a continuous period of less than 24 hours. Any procedure undertaken on an out-patient basis in a Hospital will not be covered."", ""Def. 23. Out-patient Treatment means treatment given at a hospital, doctors' consulting room, office or Out-patient clinic where Insured Person are not admitted for Day-Care Procedures or In-patient treatment. Def. 24. Policy means these terms and conditions, any annexure thereto and the Schedule of Insurance Certificate (as amended from time to time), Your statements in the proposal form and the Information Summary Sheet and the policy wording (including endorsements, if any). Def. 25. Policy Period means the period between the date of commencement and the expiry date specified shown in the Schedule of Insurance Certificate. Def. 26. Policy Year means the period of one year commencing on the date of commencement specified in the Schedule of Insurance Certificate or any anniversary thereof. Def. 27. Pre-existing Condition means any condition, ailment or injury or related condition(s) for which the Insured Person had signs or symptoms, and / or were diagnosed, and / or received medical advice/ treatment, within 48 months prior to the first Policy issued by Us. Def. 28. Product Benefits Table means the Product Benefits Table issued by Us and accompanying"", ""Illness does not mean and this Policy does not cover any mental illness or sickness or disease (including but not limited to a psychiatric condition, disorganisation of personality or mind, or emotions or behaviour) even if caused by or aggravated by or related to an Accident or Illness. Def. 17. In-patient: Treatment for which the Insured Person has to stay in a hospital for more than 24 hours for a covered event. Def. 18. Insured Person means person named as insured in the Schedule of Insurance Certificate. Any Family member may be added as an Insured Person during the Policy Period if We have accepted his application for insurance and issued an endorsement confirming the addition of such person as an Insured Person."", ""Def. 11. Grace Period means the specified period of time immediately following the premium due date during which a payment can be made to renew or continue a policy in force without loss of continuity benefits such as waiting periods and coverage of Pre-existing conditions. Coverage is not available for the period for which no premium is received. Def. 12. Hospital means any institution established for in-patient care and day care treatment of sickness and / or injuries and which has been registered as a hospital with the local authorities, wherever applicable, and is under the supervision of a registered and qualified medical""]","[""\u2022 undertaken under General or Local Anaesthesia in a hospital/day care centre in less than"", ""\u2022 which would have otherwise required a hospitalization of more than 24 hours. Treatment normally taken on an out-patient basis is not included in the scope of this definition. Def. 5. Diagnostic Tests: Investigations, such as X-Ray or blood tests, to find the cause of your symptoms and medical condition Def. 6. Deductible: The amount which, in accordance with the terms of the policy, is deducted from the claim amount that would otherwise have been payable and will therefore be borne by the""]",4,2,"[""Health Companion-Health Insurance Plan_GEN617.pdf_6"", ""Health Companion-Health Insurance Plan_GEN617.pdf_108"", ""Health Companion-Health Insurance Plan_GEN617.pdf_105"", ""Health Companion-Health Insurance Plan_GEN617.pdf_100""]","[""Health Companion-Health Insurance Plan_GEN617.pdf_95"", ""Health Companion-Health Insurance Plan_GEN617.pdf_96""]",,0.0,0.0,0.8349830329482177,1.0,0.25,1.0,1.0,0.7213744393866273,0.01065481129334222,0.3357664233576642,0.24817518248175188
Q_054,How is domiciliary treatment defined in the policy?,"This policy covers medical care provided at home, called domiciliary treatment, under specific conditions. It applies if the treatment lasts for at least 3 days in a row and the medical condition would normally require hospitalization. Coverage is granted if either the doctor confirms the insured person cannot safely be moved to a hospital or if no hospital bed is available. This type of care is treated as part of inpatient hospitalization benefits, meaning it’s covered when hospitalization would otherwise be necessary. However, it does not cover routine nursing or general care that doesn’t require hospitalization, such as rehabilitation or supervision after recovery.","Domiciliary treatment refers to medical treatment exceeding 3 days for an illness, disease, or injury that would normally require hospital care but is taken at home because the patient cannot be moved to a hospital or due to non-availability of hospital rooms.","[""We will cover Medical Expenses for medical treatment taken at home if this continues for an uninterrupted period of 3 days and the condition for which treatment is taken would otherwise have necessitated hospitalization as long as either (i) the attending Doctor confirms that the Insured Person could not be transferred to a Hospital or (ii) the Insured Person satisfies Us that a Hospital bed was unavailable."", ""Insured Person to be in Hospital and could be provided in another establishment that is not a Hospital"", ""for receiving eligible treatment of a type that normally requires a stay in Hospital.""]","[""days, for an illness/disease/injury which in the normal course would require care and treatment at a Hospital but is actually taken while confined at home under any of the following"", ""\u2022 the condition of the patient is such that he/she is not in a condition to be removed to a hospital, or \u2022 the patient takes treatment at home on account of non availability of room in a hospital. Def. 8. Doctor is a medical practitioner who holds a valid registration from the medical council of any state of India and is thereby entitled to practice medicine within its jurisdiction; and is acting within the scope and jurisdiction of his licence. Def. 9. Emergency means a severe illness or injury which results in symptoms which occur suddenly and unexpectedly, and requires immediate care by a Doctor to prevent death or serious long term impairment of the Insured Person\u2019s health. Def. 10. Family means a unit comprising of upto six members who are related to each other in the""]",3,2,"[""Health Companion-Health Insurance Plan_GEN617.pdf_7"", ""Health Companion-Health Insurance Plan_GEN617.pdf_24"", ""Health Companion-Health Insurance Plan_GEN617.pdf_23""]","[""Health Companion-Health Insurance Plan_GEN617.pdf_97"", ""Health Companion-Health Insurance Plan_GEN617.pdf_98""]",,0.9999999999,0.0,0.8951124850422301,0.6363636363636364,0.75,0.75,1.0,0.7915384999277757,0.010921256504601701,0.3783783783783784,0.2837837837837838
Q_055,What does the policy mean by an accident?,"The policy defines an ""accidental injury"" as an unexpected and unintentional event that happens suddenly and is caused by something outside the body. It must be visible and occur while the insurance policy is active. This means the injury should not be planned or expected, like a fall, a car crash, or a sudden trip and fall, but it does not include injuries caused by illness, disease, or events like war, terrorism, or chemical exposure.","An accident means a sudden, unforeseen and involuntary event caused by external and visible means that occurs while the policy is in force.","[""Def. 1. Accident or Accidental means a sudden, unforeseen and involuntary event caused by external and visible means which occurs when the policy is in force."", ""Circumcision unless necessary for the treatment of a disease or necessitated by an Accident. v. Conflict and disaster Treatment for any illness or injury resulting from nuclear or chemical contamination, war, riot, revolution, acts of terrorism or any similar event (other than natural disaster or""]","[""Def. 1. Accident or Accidental means a sudden, unforeseen and involuntary event caused by external and visible means which occurs when the policy is in force.""]",2,1,"[""Health Companion-Health Insurance Plan_GEN617.pdf_93"", ""Health Companion-Health Insurance Plan_GEN617.pdf_19""]","[""Health Companion-Health Insurance Plan_GEN617.pdf_93""]",,0.9999999999,1.0,0.7967621180018529,0.7777777777777778,0.5,1.0,1.0,0.7845651655812971,0.043874551379729745,0.32653061224489793,0.22448979591836737
Q_056,What qualifies as a hospital under the policy?,"A ""covered hospital"" or ""network hospital"" is a hospital that your insurance company has officially agreed to work with. This means the hospital is part of a list of providers where you can get medical treatment and pay less or no extra fees, like cashless services. The list of these hospitals is provided by your insurance company and can change over time. These hospitals must meet certain requirements, such as having qualified doctors and nurses available all the time, a fully equipped operation theater, and proper records for patients.","A hospital is an institution established for in-patient care and day care treatment that is registered with local authorities, supervised by a qualified medical practitioner, has required inpatient beds depending on population, qualified nursing staff and doctors round the clock, a fully equipped operation theatre, and maintains daily patient records accessible to the insurer.","[""medication, or stay in Hospital or part of a stay in Hospital which: a) is required for the medical management of the illness or injury suffered by the insured; b) must not exceed the level of care necessary to provide safe, adequate and appropriate medical care in scope, duration, or intensity; c) must have been prescribed by a Doctor; d) must conform to the professional standards widely accepted in international medical practice or by the medical community in India. Def. 21. Network means all such Hospitals, day care centres or other providers that the We have mutually agreed with, to provide services like cashless access to Policyholders. The list is available with Us and subject to amendment from time to time. Def. 22. Out-Of-Network means any Hospital, day care centre or other provider that is not part of the Network."", ""b) has qualified nursing staff under its employment round the clock; c) has qualified Doctor (s) in charge round the clock; d) has a fully equipped operation theatre of its own where surgical procedures are carried out e) maintains daily records of patients and will make these accessible to the Insurance company\u2019s authorized personnel. Def. 13. Hospitalisation or Hospitalised means the admission as an In-patient into a Hospital for necessary medical treatment for a continuous minimum period of 24 hours as a consequence of""]","[""Def. 11. Grace Period means the specified period of time immediately following the premium due date during which a payment can be made to renew or continue a policy in force without loss of continuity benefits such as waiting periods and coverage of Pre-existing conditions. Coverage is not available for the period for which no premium is received. Def. 12. Hospital means any institution established for in-patient care and day care treatment of sickness and / or injuries and which has been registered as a hospital with the local authorities, wherever applicable, and is under the supervision of a registered and qualified medical"", ""a) has at least 10 inpatient beds, in those towns having a population of less than 10,00,000 and"", ""b) has qualified nursing staff under its employment round the clock; c) has qualified Doctor (s) in charge round the clock; d) has a fully equipped operation theatre of its own where surgical procedures are carried out e) maintains daily records of patients and will make these accessible to the Insurance company\u2019s authorized personnel. Def. 13. Hospitalisation or Hospitalised means the admission as an In-patient into a Hospital for necessary medical treatment for a continuous minimum period of 24 hours as a consequence of""]",2,3,"[""Health Companion-Health Insurance Plan_GEN617.pdf_107"", ""Health Companion-Health Insurance Plan_GEN617.pdf_102""]","[""Health Companion-Health Insurance Plan_GEN617.pdf_100"", ""Health Companion-Health Insurance Plan_GEN617.pdf_101"", ""Health Companion-Health Insurance Plan_GEN617.pdf_102""]",,0.99999999995,1.0,0.6746925586735438,1.0,0.5,1.0,1.0,0.5546658121597174,0.005542808912855185,0.40277777777777773,0.2361111111111111
Q_057,What is the grace period for renewing the policy premium?,"The policy premium must be paid on or before the due date mentioned in your insurance certificate to maintain active coverage. If you miss this due date, you will be given a grace period of 30 days to make the payment. If the premium is not paid within this 30-day grace period, your policy coverage will lapse, and you will not have active coverage during that time. To restart coverage, you may need to apply for a fresh policy, but there will be no guarantee that you will be approved, and any benefits that were supposed to continue will not apply.","The grace period is the specified period immediately following the premium due date during which payment can be made to renew the policy without losing continuity benefits such as waiting periods and coverage of pre-existing conditions, although coverage is not available for the period for which no premium is received.","[""i. Territorial Jurisdiction All benefits are available in India only, and all claims shall be payable in India in Indian Rupees only. j. Policy Disputes Any dispute concerning the interpretation of the terms, conditions, limitations and/or exclusions contained herein shall be governed by Indian law and shall be subject to the jurisdiction of the Indian Courts. k. Renewal of Policy The renewal premium is payable on or before the due date in the amount shown in the Schedule of Insurance Certificate or at such altered rate as may be reviewed and notified by Us before completion of the Policy Period. We are under no obligation to notify You of the renewal date of Your Policy. We will allow a Grace Period of 30 days from the due date of the renewal premium for payment to Us. If the Policy is not renewed within the Grace Period then We may agree to issue a fresh policy subject to Our underwriting criteria and no continuing benefits shall be available from"", ""o. Change of Policy holder If You do not renew the Policy by the due dates specified in the Schedule of Insurance Certificate, any other adult Insured Person may apply to renew the Policy within 30 days of the end of the Policy Period provided that We receive an application and the premium from such Insured Person and evidence satisfactory to Us of the agreement of all other Insured Persons and You (except in case of death). If We accept such application and the premium for the renewed Policy is paid on time, then the Policy shall be treated as having been renewed without a break in cover. Coverage shall not be available for the period for which no premium is received. p. Nominee You can at the inception or at any time before the expiry of the Policy, make a nomination for the purpose of payment of claims, under the Policy in the event of death. Any change of nomination shall be communicated to Us in writing and such change shall be effective only when an endorsement on the Policy is made by Us.""]","[""Def. 11. Grace Period means the specified period of time immediately following the premium due date during which a payment can be made to renew or continue a policy in force without loss of continuity benefits such as waiting periods and coverage of Pre-existing conditions. Coverage is not available for the period for which no premium is received. Def. 12. Hospital means any institution established for in-patient care and day care treatment of sickness and / or injuries and which has been registered as a hospital with the local authorities, wherever applicable, and is under the supervision of a registered and qualified medical""]",2,1,"[""Health Companion-Health Insurance Plan_GEN617.pdf_70"", ""Health Companion-Health Insurance Plan_GEN617.pdf_84""]","[""Health Companion-Health Insurance Plan_GEN617.pdf_100""]",,0.99999999995,0.0,0.0,1.0,0.25,1.0,1.0,0.7173130669282219,0.012088374427371835,0.3398692810457516,0.1699346405228758
Q_058,How can an insured person access cashless hospitalization?,"To get cashless inpatient hospitalization coverage, the insured person must first show their health card at a hospital that is part of the insurance company’s network. Before being admitted for planned treatment, they need to inform the insurance company in writing at least 72 hours ahead. For emergencies, they must notify the company within 48 hours of hospitalization. The insurance company will then approve the treatment in advance (pre-authorization). The treatment must happen within 15 days of approval, and all details like dates, hospital, and procedure must match what was approved. If pre-authorization is not obtained, cashless treatment will not be available. The insurance company will pay the hospital directly if all conditions are met.","Cashless hospitalization can be accessed at a network hospital by producing the health card prior to admission, notifying the insurer at least 72 hours before planned hospitalization or within 48 hours in an emergency, and obtaining pre-authorization for inpatient treatment or day care procedures.","[""i. The health card We provide will enable an Insured Person to access treatment on a cashless basis only at any Network Hospital on the production of the card to the"", ""(1) The Insured Person has notified Us in writing at least 72 Hours before a planned Hospitalization. In an Emergency the Insured Person should notify Us in writing within 48 hours of Hospitalization; and (2) We have pre-authorized the In-patient Treatment or Day Care Procedure. ii. Cashless treatment will not be available if You take treatment in an Out-Of-Network Hospital. iii. For cashless Hospitalization We will make the payment of the amounts assessed to be due directly to the Network Hospital. The treatment must take place within 15 days of the pre-authorization date and pre-authorization is only valid if all the details of the authorized treatment, including dates, Hospital and locations, match with the details of the actual treatment received. iv. If pre-authorisation is not obtained then the cashless facility will not be available""]","[""i. The health card We provide will enable an Insured Person to access treatment on a cashless basis only at any Network Hospital on the production of the card to the"", ""(1) The Insured Person has notified Us in writing at least 72 Hours before a planned Hospitalization. In an Emergency the Insured Person should notify Us in writing within 48 hours of Hospitalization; and (2) We have pre-authorized the In-patient Treatment or Day Care Procedure. ii. Cashless treatment will not be available if You take treatment in an Out-Of-Network Hospital. iii. For cashless Hospitalization We will make the payment of the amounts assessed to be due directly to the Network Hospital. The treatment must take place within 15 days of the pre-authorization date and pre-authorization is only valid if all the details of the authorized treatment, including dates, Hospital and locations, match with the details of the actual treatment received. iv. If pre-authorisation is not obtained then the cashless facility will not be available""]",2,2,"[""Health Companion-Health Insurance Plan_GEN617.pdf_74"", ""Health Companion-Health Insurance Plan_GEN617.pdf_75""]","[""Health Companion-Health Insurance Plan_GEN617.pdf_74"", ""Health Companion-Health Insurance Plan_GEN617.pdf_75""]",,0.99999999995,1.0,0.8218163502725657,1.0,1.0,1.0,1.0,0.8566447630780276,0.024099690578565775,0.42944785276073616,0.26993865030674846
Q_059,What documents are required when submitting a reimbursement claim after hospitalization?,"To submit an inpatient hospitalization reimbursement claim, you need to provide the following original documents at your own expense within 30 days of being discharged from the hospital. These include:
1. A fully completed claim form.
2. The original hospital bill, receipts, and discharge certificate or card issued by the hospital or doctor.
3. Original bills from pharmacies along with a valid prescription for any medicines purchased.
4. Original reports from medical tests or investigations conducted during your stay, along with payment receipts for these tests.
5. A doctor’s referral letter if your hospitalization was not due to an accident.
6. Details of any other insurance policy that might cover part of your claim.
7. A First Information Report (FIR) if your hospitalization was related to a medico-legal case.

If you were treated in a hospital that is not part of the insurance company’s network, they will only reimburse expenses that are considered reasonable and customary.","Required documents include a duly filled claim form, original hospital bills and discharge certificate, original chemist bills with prescriptions, investigation test reports with receipts, doctor’s referral letter for hospitalization in non-accident cases, details of any other insurance policy, and an FIR for medico-legal cases.","[""(2) Original bills, receipts and discharge certificate/card from the Hospital/ Doctor. (3) Original bills from chemists supported by proper prescription. (4) Original investigation test reports and payment receipts. (5) Doctor's referral letter advising hospitalization in non-Accident cases. (6) Details of any other insurance policy that may respond to the claim. (7) First Information Report (FIR) for medico-legal cases. iii. For any medical treatment taken from an Out-Of-Network Hospital We will only pay Medical Expenses which are Reasonable and Customary. (c) For Network and Out-Of-Network Hospitals"", ""ii. For any Illness or Accident or medical condition that requires Hospitalization, the Insured Person shall deliver to Us the documents listed below, at his own expense, within 30 days of the Insured Person's discharge from Hospital (when the claim is only in respect of post-hospitalization, within 30 days of the completion of the post-""]","[""ii. For any Illness or Accident or medical condition that requires Hospitalization, the Insured Person shall deliver to Us the documents listed below, at his own expense, within 30 days of the Insured Person's discharge from Hospital (when the claim is only in respect of post-hospitalization, within 30 days of the completion of the post-"", ""(2) Original bills, receipts and discharge certificate/card from the Hospital/ Doctor. (3) Original bills from chemists supported by proper prescription. (4) Original investigation test reports and payment receipts. (5) Doctor's referral letter advising hospitalization in non-Accident cases. (6) Details of any other insurance policy that may respond to the claim. (7) First Information Report (FIR) for medico-legal cases. iii. For any medical treatment taken from an Out-Of-Network Hospital We will only pay Medical Expenses which are Reasonable and Customary. (c) For Network and Out-Of-Network Hospitals""]",2,2,"[""Health Companion-Health Insurance Plan_GEN617.pdf_80"", ""Health Companion-Health Insurance Plan_GEN617.pdf_79""]","[""Health Companion-Health Insurance Plan_GEN617.pdf_79"", ""Health Companion-Health Insurance Plan_GEN617.pdf_80""]",,0.99999999995,1.0,0.908984087987679,0.8888888888888888,1.0,1.0,1.0,0.7562719704791631,0.010134199244570864,0.3980582524271845,0.33009708737864074
Q_060,Can the insured person cancel the policy during the policy period?,"Yes, the policy allows you to cancel the health insurance contract during the active coverage period. You can do this by giving the insurance company at least 30 days’ written notice before the cancellation takes effect. If you cancel, you will get a refund for the unused portion of your premium, but only if no medical claims have been made under the policy.","The insured person may terminate the policy during the policy period by giving at least 30 days prior written notice, and the insurer will cancel the policy and refund the premium for the remaining period provided no claim has been made.","[""You may terminate this Policy during the Policy Period by giving Us at least 30 days prior written notice. We shall cancel the Policy and refund the premium for the balance of the Policy Period in accordance with the table below provided that no claim has been made under the Policy by or on behalf of any Insured Person."", ""e. Fraudulent claims If a claim is in any way found to be fraudulent, or if any false statement, or declaration is made or used in support of such a claim, or if any fraudulent means or devices are used by the Insured Person or anyone acting on behalf of the Insured Person to obtain any benefit under this Policy, then this Policy shall be void and all claims being processed shall be forfeited for all Insured Persons and all sums paid under this Policy shall be repaid to Us by all Insured Persons who shall be jointly liable for such repayment. f. Free Look Provision You have a period of 15 days from the date of receipt of the Policy document to review the terms and conditions of this Policy. If You have any objections to any of the terms and conditions, You have the option of canceling the Policy stating the reasons for cancellation and You shall be refunded the premium paid by You after adjusting the amounts spent on any medical check-up, stamp duty charges and proportionate risk premium. You can cancel your Policy only if no claims have been made under the Policy."", ""Without prejudice to the above, We may terminate this Policy during the Policy Period by sending 30 days prior written notice to Your address shown in the Schedule of Insurance""]","[""You may terminate this Policy during the Policy Period by giving Us at least 30 days prior written notice. We shall cancel the Policy and refund the premium for the balance of the Policy Period in accordance with the table below provided that no claim has been made under the Policy by or on behalf of any Insured Person.""]",3,1,"[""Health Companion-Health Insurance Plan_GEN617.pdf_64"", ""Health Companion-Health Insurance Plan_GEN617.pdf_46"", ""Health Companion-Health Insurance Plan_GEN617.pdf_67""]","[""Health Companion-Health Insurance Plan_GEN617.pdf_64""]",,0.9999999999,1.0,0.7738664692678027,1.0,0.75,1.0,1.0,0.7720256130979972,0.01844455467190185,0.576923076923077,0.4230769230769231
Q_061,What expenses are covered under room charges during hospitalization?,"Under the inpatient hospitalization coverage, the room rent charges included are limited to a specific percentage of your total insurance sum insured per day. For a regular hospital room, the limit is 1% of your sum insured per day, capped at 5000 rupees. If you are admitted to an intensive care unit (ICU), the limit increases to 2% of your sum insured per day, capped at 10000 rupees. This coverage also includes boarding (food and lodging), nursing care, doctor charges (RMO), and administration fees for treatments like IV fluids, blood transfusions, or injections. These additional charges are covered up to 25% of your total sum insured for the entire illness.","Room, boarding including nursing care, RMO charges, and administration charges for IV fluids/blood transfusion/injection are covered.","[""Room, boarding including nursing care, RMO charges, administration charges for IV 2.1 for any one illness - 25% of fluids/blood transfusion/injection. sum insured Room charges Limit: 1% of sum insured per day subject to maximum of `5,000. If admitted in intensive care unit (ICU) - 2% of sum insured per day subject to maximum of `10,000.""]","[""Room, boarding including nursing care, RMO charges, administration charges for IV 2.1 for any one illness - 25% of fluids/blood transfusion/injection. sum insured Room charges Limit: 1% of sum insured per day subject to maximum of `5,000. If admitted in intensive care unit (ICU) - 2% of sum insured per day subject to maximum of `10,000.""]",1,1,"[""National Mediclaim Policy.pdf_9""]","[""National Mediclaim Policy.pdf_9""]",,0.9999999999,1.0,0.6118643477134551,0.75,0.5,1.0,1.0,0.6352347697200844,0.01982256626710344,0.28125,0.23437499999999997
Q_062,How much of the sum insured can be used for medical practitioner fees?,"For consultation charges under outpatient services, the insurance policy caps reimbursement for fees charged by doctors, specialists, or consultants at 25% of the total sum insured for any one illness. This means if your policy’s sum insured is, for example, 100000, the maximum the insurer will reimburse for consultation fees related to a single medical issue is 25000.","Surgeon, anaesthetist, medical practitioner, consultants, and specialist’s fees are covered up to 25% of the sum insured for any one illness.","[""Surgeon, anaesthetist, medical practitioner, consultants, specialist\u2019s fees. 2.2 for any one illness -25% of sum insured""]","[""Surgeon, anaesthetist, medical practitioner, consultants, specialist\u2019s fees. 2.2 for any one illness -25% of sum insured""]",1,1,"[""National Mediclaim Policy.pdf_10""]","[""National Mediclaim Policy.pdf_10""]",,0.9999999999,1.0,0.5058880096747546,0.6666666666666666,0.5,1.0,1.0,0.6597100112124803,0.22553917613063715,0.37037037037037035,0.271604938271605
Q_063,Are ambulance charges reimbursed under the policy?,"Yes, the policy covers ambulance service charges, but only up to 1% of the total sum insured for the insured person. This coverage applies to reimbursement of ambulance charges, meaning the insured person can claim this amount after paying the bill, subject to the policy’s terms and conditions.","Ambulance charges are reimbursed up to 1% of the sum insured subject to a maximum of ₹2,000 in a policy period.","[""i. Anaesthesia, blood, oxygen, operation theatre charges 2.3 for any one illness- 50% of ii. Surgical appliances sum insured iii. Medicines, drugs iv. Diagnostic test v. Pacemaker, artificial limbs, stent and implant vi. Dialysis vii. Chemotherapy viii. Radiotherapy ix. Hospitalisation expense for organ donor\u2019s treatment during the course of organ transplant provided that a. The donation conforms to The Transplantation of Human Organs Act 1994 and the organ is for the use of the insured person b. The insured person has been medically advised to undergo an organ transplant x. Reimbursement of ambulance charges - 1% of sum insured subject to a"", ""Now the policy witnesses that, subject to the terms, definition, exclusions and conditions contained herein or endorsed or otherwise expressed hereon, the company undertakes that if during the policy period stated in the schedule or during the continuance of the policy by renewal, any insured person shall contract any disease or suffer any illness (herein after called disease) or sustain any bodily injury due to an accident (herein after called injury) and if such disease or injury shall require any such insured person, upon the advice of a duly qualified medical practitioner to be hospitalised for treatment at any hospital/nursing home (herein after called hospital) in India as an inpatient, the company will pay to the hospital or reimburse the insured person, the amount of such expenses described below, reasonably, customarily and necessarily incurred in respect thereof by or on behalf of such insured person but not exceeding the sum insured for the insured person in respect of all such"", ""day AMBULANCE COLLAR Not Payable not Payable / Post Bite AMBULANCE EQUIPMENT Not Payable Vaccination Payable MICROSHEILD Not Payable PART OF HOSPITAL'S OWN COSTS AND NOT PAYABLE ABDOMINAL BINDER Essential and should AHD Not Payable - Part of be paid at least Hospital's internal Cost specifically for cases ALCOHOL SWABES Not Payable - Part of who have undergone Hospital's internal Cost surgery of lumbar SCRUB SOLUTION/STERILLIUM Not Payable - Part of spine. Hospital's internal Cost""]","[""i. Anaesthesia, blood, oxygen, operation theatre charges 2.3 for any one illness- 50% of ii. Surgical appliances sum insured iii. Medicines, drugs iv. Diagnostic test v. Pacemaker, artificial limbs, stent and implant vi. Dialysis vii. Chemotherapy viii. Radiotherapy ix. Hospitalisation expense for organ donor\u2019s treatment during the course of organ transplant provided that a. The donation conforms to The Transplantation of Human Organs Act 1994 and the organ is for the use of the insured person b. The insured person has been medically advised to undergo an organ transplant x. Reimbursement of ambulance charges - 1% of sum insured subject to a"", ""Ayurveda and Homeopathy Expenses incurred for Ayurveda and Homeopathy treatment are admissible up to 20% of the sum insured for any one illness. Sub limit (as mentioned in 2.1, 2.2, and 2.3) will not apply in case of i. Hospitalisation in a preferred provider network (PPN) ii. Ayurveda and Homeopathy treatment""]",3,2,"[""National Mediclaim Policy.pdf_11"", ""National Mediclaim Policy.pdf_8"", ""National Mediclaim Policy.pdf_168""]","[""National Mediclaim Policy.pdf_11"", ""National Mediclaim Policy.pdf_12""]",,0.9999999999,0.0,0.8519835887110262,0.8,0.75,1.0,1.0,0.7889954803451117,0.23050898626566638,0.39436619718309857,0.3380281690140845
Q_064,Is Ayurveda treatment covered in this policy?,"Yes, the policy does provide coverage for Ayurvedic treatment expenses, but with certain limits. You will be covered up to 20% of the total sum insured for any one illness, and there is a maximum cap of 2,000 rupees per policy period. This coverage applies even if you are not hospitalized, unlike other treatments that may have additional restrictions.",Expenses incurred for Ayurveda and Homeopathy treatment are admissible up to 20% of the sum insured for any one illness.,"[""Ayurveda and Homeopathy Expenses incurred for Ayurveda and Homeopathy treatment are admissible up to 20% of the sum insured for any one illness. Sub limit (as mentioned in 2.1, 2.2, and 2.3) will not apply in case of i. Hospitalisation in a preferred provider network (PPN) ii. Ayurveda and Homeopathy treatment"", ""3.1 Accident means a sudden, unforeseen and involuntary event caused by external, visible and violent means. 3.2 Alternative treatment means forms of treatments other than \""Allopathy\"" or \""modem medicine\"" and includes Ayurveda, Unani, Sidha and Homeopathy in the Indian context. 3.3 Any one illness means continuous period of illness and it includes relapse within 45 days from the date of last consultation with the hospital/nursing home where treatment has been taken. 3.4 Break in policy occurs at the end of the existing policy period when the premium due on a given policy is not paid on or before the renewal date or within 30 days of grace period. 3.5 Cashless facility means a facility extended by the company to the insured person where the payment of the cost of treatment undergone by the insured person in accordance with the policy terms and conditions, is directly made to the network provider by the company to the extent of pre-authorization approval 3.6 Contract means the prospectus, proposal, policy, policy schedule, and declaration given by the insured person.""]","[""Ayurveda and Homeopathy Expenses incurred for Ayurveda and Homeopathy treatment are admissible up to 20% of the sum insured for any one illness. Sub limit (as mentioned in 2.1, 2.2, and 2.3) will not apply in case of i. Hospitalisation in a preferred provider network (PPN) ii. Ayurveda and Homeopathy treatment""]",2,1,"[""National Mediclaim Policy.pdf_12"", ""National Mediclaim Policy.pdf_17""]","[""National Mediclaim Policy.pdf_12""]",,0.99999999995,1.0,0.8974318192591118,0.6666666666666666,0.5,1.0,0.5,0.7851243356799323,0.0221209733246487,0.4,0.325
Q_065,How does the cumulative bonus work if I don’t make a claim?,"When you don’t file any claims during the waiting period and keep renewing your policy without any breaks, your insurance coverage grows over time. Specifically, your sum insured (the maximum amount the insurer will pay for a claim) increases by 5% for every claim-free year. This bonus keeps adding up until it reaches a maximum of 50% of your original sum insured. For example, if your original coverage was 10 lakh rupees, after 10 claim-free years, your coverage could increase to 15 lakh rupees (5% increase each year, capped at 50%). Additionally, after four consecutive claim-free policy periods, you also get a one-time reimbursement for a health checkup, up to 1% of the average sum insured during those four years.","The sum insured (excluding cumulative bonus) increases by 5% for each claim-free policy period, provided the policy is continuously renewed without a break, subject to a maximum of 50% of the sum insured.","[""Sum insured (excluding CB) will be increased by 5% in respect of each claim free policy period (no claims are reported), provided the policy is continuously renewed with the company without a break subject to maximum of 50% of the sum insured (excluding"", ""Expenses of health checkup will be reimbursed once at the end of a block of four continuous policy periods provided no claims are reported during the block and the policy has been continuously renewed with the company without a break. Expenses payable is a maximum of 1% of the average sum insured (excluding CB) of the block. Claim for health checkup benefits may be lodged at least 45 days before the expiry of the fifth policy period.""]","[""Sum insured (excluding CB) will be increased by 5% in respect of each claim free policy period (no claims are reported), provided the policy is continuously renewed with the company without a break subject to maximum of 50% of the sum insured (excluding"", ""In case of claim under the policy in respect of insured person who has earned the CB, the increased percentage (CB) will be reduced by 5% of sum insured (excluding CB) on the next renewal. However sum insured (excluding CB) will be maintained and not be reduced.""]",2,2,"[""National Mediclaim Policy.pdf_14"", ""National Mediclaim Policy.pdf_16""]","[""National Mediclaim Policy.pdf_14"", ""National Mediclaim Policy.pdf_15""]",,0.9999999999,1.0,0.48702906824320263,0.8,0.75,1.0,1.0,0.8136402403438177,0.012360765763978342,0.3522012578616352,0.22641509433962262
Q_066,What happens to the cumulative bonus if I make a claim after earning it?,"If you have earned a cumulative bonus (CB) and then file a valid claim during the policy period, the bonus percentage that was added to your coverage will be reduced by 5% of your original sum insured (the base amount you’re insured for, not including the bonus) when your policy renews. However, your original sum insured (the base amount) will stay the same and won’t decrease.","If a claim is made, the increased cumulative bonus will be reduced by 5% of the sum insured (excluding CB) on the next renewal, while the base sum insured remains unchanged.","[""In case of claim under the policy in respect of insured person who has earned the CB, the increased percentage (CB) will be reduced by 5% of sum insured (excluding CB) on the next renewal. However sum insured (excluding CB) will be maintained and not be reduced."", ""Sum insured (excluding CB) will be increased by 5% in respect of each claim free policy period (no claims are reported), provided the policy is continuously renewed with the company without a break subject to maximum of 50% of the sum insured (excluding""]","[""In case of claim under the policy in respect of insured person who has earned the CB, the increased percentage (CB) will be reduced by 5% of sum insured (excluding CB) on the next renewal. However sum insured (excluding CB) will be maintained and not be reduced.""]",2,1,"[""National Mediclaim Policy.pdf_15"", ""National Mediclaim Policy.pdf_14""]","[""National Mediclaim Policy.pdf_15""]",,0.9999999999,1.0,0.8553768767476436,1.0,1.0,1.0,1.0,0.8743448465010469,0.163068370967022,0.4444444444444445,0.3434343434343434
Q_067,When can I claim reimbursement for a health checkup?,"Under this policy, you can claim reimbursement for a preventive health check-up only after completing four continuous policy periods without making any other claims. The claim must be submitted at least 45 days before the end of the fifth policy period. The reimbursement covers a maximum of 1% of the average sum insured (the total amount covered under the policy, excluding any cashless benefits) for that block of four years.",Health checkup expenses are reimbursed once at the end of a block of four continuous policy periods provided no claims were reported and the policy was continuously renewed without a break.,"[""Expenses of health checkup will be reimbursed once at the end of a block of four continuous policy periods provided no claims are reported during the block and the policy has been continuously renewed with the company without a break. Expenses payable is a maximum of 1% of the average sum insured (excluding CB) of the block. Claim for health checkup benefits may be lodged at least 45 days before the expiry of the fifth policy period."", ""In the event of a claim lodged as per clause 5.9 of the policy and the original documents having been submitted to the other insurer, the company may accept the documents listed under clause 5.5.4 of the policy and claim settlement advice duly certified by the other insurer subject to satisfaction of the company. Type of claim Time limit for submission of documents to company/TPA Reimbursement of hospitalisation and pre hospitalisation Within 15 days of date of discharge from hospital expenses Reimbursement of post hospitalisation expenses Within 15 days from completion of post hospitalisation treatment Reimbursement of health checkup expenses (as per Good At least 45 days before the expiry of the fifth policy period.""]","[""Expenses of health checkup will be reimbursed once at the end of a block of four continuous policy periods provided no claims are reported during the block and the policy has been continuously renewed with the company without a break. Expenses payable is a maximum of 1% of the average sum insured (excluding CB) of the block. Claim for health checkup benefits may be lodged at least 45 days before the expiry of the fifth policy period.""]",2,1,"[""National Mediclaim Policy.pdf_16"", ""National Mediclaim Policy.pdf_74""]","[""National Mediclaim Policy.pdf_16""]",,0.99999999995,1.0,0.7956672309789646,0.75,0.5,1.0,1.0,0.7844655950179231,0.08474857657829803,0.35294117647058826,0.19607843137254904
Q_068,What qualifies as an accident under this policy?,"The policy defines a ""sudden and unforeseen event"" resulting in bodily injury as an **accident**. This means it must be a sudden, unexpected, and unintended event caused by an external, visible, and violent force. For example, a car crash, a fall, or a sudden injury from an accident at work would qualify. The injury must be immediate and require urgent medical attention, such as hospitalization.","An accident means a sudden, unforeseen and involuntary event caused by external, visible and violent means.","[""3.1 Accident means a sudden, unforeseen and involuntary event caused by external, visible and violent means. 3.2 Alternative treatment means forms of treatments other than \""Allopathy\"" or \""modem medicine\"" and includes Ayurveda, Unani, Sidha and Homeopathy in the Indian context. 3.3 Any one illness means continuous period of illness and it includes relapse within 45 days from the date of last consultation with the hospital/nursing home where treatment has been taken. 3.4 Break in policy occurs at the end of the existing policy period when the premium due on a given policy is not paid on or before the renewal date or within 30 days of grace period. 3.5 Cashless facility means a facility extended by the company to the insured person where the payment of the cost of treatment undergone by the insured person in accordance with the policy terms and conditions, is directly made to the network provider by the company to the extent of pre-authorization approval 3.6 Contract means the prospectus, proposal, policy, policy schedule, and declaration given by the insured person."", ""Now the policy witnesses that, subject to the terms, definition, exclusions and conditions contained herein or endorsed or otherwise expressed hereon, the company undertakes that if during the policy period stated in the schedule or during the continuance of the policy by renewal, any insured person shall contract any disease or suffer any illness (herein after called disease) or sustain any bodily injury due to an accident (herein after called injury) and if such disease or injury shall require any such insured person, upon the advice of a duly qualified medical practitioner to be hospitalised for treatment at any hospital/nursing home (herein after called hospital) in India as an inpatient, the company will pay to the hospital or reimburse the insured person, the amount of such expenses described below, reasonably, customarily and necessarily incurred in respect thereof by or on behalf of such insured person but not exceeding the sum insured for the insured person in respect of all such""]","[""3.1 Accident means a sudden, unforeseen and involuntary event caused by external, visible and violent means. 3.2 Alternative treatment means forms of treatments other than \""Allopathy\"" or \""modem medicine\"" and includes Ayurveda, Unani, Sidha and Homeopathy in the Indian context. 3.3 Any one illness means continuous period of illness and it includes relapse within 45 days from the date of last consultation with the hospital/nursing home where treatment has been taken. 3.4 Break in policy occurs at the end of the existing policy period when the premium due on a given policy is not paid on or before the renewal date or within 30 days of grace period. 3.5 Cashless facility means a facility extended by the company to the insured person where the payment of the cost of treatment undergone by the insured person in accordance with the policy terms and conditions, is directly made to the network provider by the company to the extent of pre-authorization approval 3.6 Contract means the prospectus, proposal, policy, policy schedule, and declaration given by the insured person.""]",2,1,"[""National Mediclaim Policy.pdf_17"", ""National Mediclaim Policy.pdf_8""]","[""National Mediclaim Policy.pdf_17""]",,0.9999999999,1.0,0.8602965253235041,0.4444444444444444,0.5,1.0,1.0,0.7310128935332816,0.028423265381137038,0.345679012345679,0.3209876543209877
Q_069,What is considered a pre-existing disease in this policy?,"This policy defines a pre-existing medical condition as any health issue, symptom, diagnosis, or treatment you had for a specific illness or injury within 48 months (about 4 years) before your insurance coverage starts. This includes conditions like hypertension (high blood pressure), diabetes, or any other health problem you were aware of or treated for during that time. Once you get coverage, the policy considers these conditions as part of your ongoing health coverage for the full 48-month period. If a new problem arises from your pre-existing condition (like complications from diabetes), it will also be treated as part of that pre-existing condition.

The policy does not exclude pre-existing conditions entirely, but it may have specific rules about coverage or waiting periods for claims related to these conditions. For example, if you switch insurers, you can transfer the time you’ve already been covered for pre-existing conditions, which may help reduce waiting periods in the future.","A pre-existing disease is any condition, ailment, injury or related condition for which the insured person had signs or symptoms or was diagnosed or received medical advice or treatment within 48 months prior to the first policy issued by the company.","[""All pre-existing diseases when the cover incepts for the first time until 48 months of continuous coverage has elapsed. Any complication arising from pre-existing ailment/disease/injuries will be considered as a part of the pre existing health condition or disease. To illustrate if a person is suffering from either hypertension or diabetes or both at the time of taking the policy, then policy shall"", ""3.26 Pre-existing disease means any condition, ailment or injury or related condition(s) for which the insured person had signs or symptoms and/or was diagnosed and/or received medical advice/ treatment within 48 months prior to the first policy issued by the company. 3.27 Portability means transfer by an individual health insurance policy holder (including family cover) of the credit gained for pre-existing conditions and time bound exclusions if the policy holder chooses to switch from one insurer to another. 3.28 Qualified nurse means a person who holds a valid registration from the Nursing Council of India or the Nursing Council of any state in India. 3.29 Reasonable and Customary charges means the charges for services or supplies, which are the standard charges for the specific provider and consistent with the prevailing charges in the geographical area for identical or similar services, taking into account the nature of the illness / injury involved. 3.30 Sum insured means the sum insured and the cumulative bonus accrued in respect of each insured person as mentioned in the schedule. The sum insured represents maximum liability for each insured person for any and all benefits claimed during the policy period.""]","[""3.26 Pre-existing disease means any condition, ailment or injury or related condition(s) for which the insured person had signs or symptoms and/or was diagnosed and/or received medical advice/ treatment within 48 months prior to the first policy issued by the company. 3.27 Portability means transfer by an individual health insurance policy holder (including family cover) of the credit gained for pre-existing conditions and time bound exclusions if the policy holder chooses to switch from one insurer to another. 3.28 Qualified nurse means a person who holds a valid registration from the Nursing Council of India or the Nursing Council of any state in India. 3.29 Reasonable and Customary charges means the charges for services or supplies, which are the standard charges for the specific provider and consistent with the prevailing charges in the geographical area for identical or similar services, taking into account the nature of the illness / injury involved. 3.30 Sum insured means the sum insured and the cumulative bonus accrued in respect of each insured person as mentioned in the schedule. The sum insured represents maximum liability for each insured person for any and all benefits claimed during the policy period.""]",2,1,"[""National Mediclaim Policy.pdf_35"", ""National Mediclaim Policy.pdf_31""]","[""National Mediclaim Policy.pdf_31""]",,0.99999999995,1.0,0.7548070018840777,0.75,0.5,1.0,1.0,0.7794968691054481,0.0519440638349931,0.28431372549019607,0.1372549019607843
Q_070,What does the policy mean by waiting period?,"The policy states that the waiting period for pre-existing conditions lasts for 48 months (or 4 years) of continuous coverage. This means that if you have a health issue before taking out the policy, it will not be covered for the first 4 years of having continuous insurance with this company. After that period, the condition will be covered. The policy also mentions that any complications from that pre-existing condition will be treated as part of the same pre-existing condition and will follow the same waiting period.

For specific benefit waiting periods, the policy does not explicitly mention a separate waiting period for general medical benefits like outpatient treatment or hospital stays in the provided chunks. However, it does mention a 30-day waiting period for expenses incurred before hospitalization (pre-hospitalization expenses). This means that if you get sick or injured and need to go to the hospital, any medical costs from the 30 days leading up to your hospital stay may not be fully covered unless specified otherwise in the policy.","Waiting period means the period from the inception of the first policy during which specified diseases or treatments are not covered, and after completion they will be covered provided the policy has been continuously renewed without a break.","[""All pre-existing diseases when the cover incepts for the first time until 48 months of continuous coverage has elapsed. Any complication arising from pre-existing ailment/disease/injuries will be considered as a part of the pre existing health condition or disease. To illustrate if a person is suffering from either hypertension or diabetes or both at the time of taking the policy, then policy shall"", ""3.20 Network provider means hospitals or health care providers enlisted by the company or by a TPA and the company together to provide medical services to an insured person on payment by a cashless facility. 3.21 Out Patient Department (OPD) treatment means treatment in which the insured person visits a clinic / hospital or associated facility like a consultation room for diagnosis and treatment based on the advice of a medical practitioner and the insured person is not admitted as a day care patient or in-patient. 3.22 Policy period means period of one year as mentioned in the schedule for which the policy is issued. 3.23 Preferred provider network (PPN) means a network of hospitals which have agreed to a cashless packaged pricing for certain procedures for the insured person. The list is available with the company/TPA and subject to amendment from time to time. Reimbursement of expenses incurred in PPN for the procedures (as listed under PPN package) shall be subject to the rates applicable to PPN package pricing. 3.24 Pre hospitalisation means medical expenses incurred 30 days immediately before the insured person is hospitalised,""]","[""3.32 Third Party Administrator (TPA) means any entity, licenced under the IRDA (Third Party Administrators - Health Services) Regulations, 2001 by the Authority, and is engaged, for a fee by the company for the purpose of providing health services. 3.33 Unproven/ Experimental treatment means treatment, including drug experimental therapy, which is not based on established medical practice in India, is experimental or unproven. 3.34 Waiting period means a period from the inception of the first policy during which specified diseases/treatment is not covered. On completion of the period, diseases/treatment will be covered provided the policy has been continuously renewed without any break.""]",2,1,"[""National Mediclaim Policy.pdf_35"", ""National Mediclaim Policy.pdf_27""]","[""National Mediclaim Policy.pdf_33""]",,0.9999999999,0.0,0.7679160401949918,0.75,0.25,0.0,1.0,0.6842399134356263,0.011396179095048375,0.2429906542056075,0.14018691588785046
Q_071,How much room rent is allowed per day and what is the ICU limit?,"Under this policy’s inpatient hospitalization coverage, the daily room rent limit is set at 1% of your total insurance sum insured, with a maximum cap of 5000 rupees per day for a regular hospital room. If you are admitted to an Intensive Care Unit (ICU), the daily limit increases to 2% of your sum insured, but it cannot exceed 10000 rupees per day.","Room charges are limited to 1% of the sum insured per day subject to a maximum of ₹5,000, and ICU charges are limited to 2% of the sum insured per day subject to a maximum of ₹10,000.","[""Room, boarding including nursing care, RMO charges, administration charges for IV 2.1 for any one illness - 25% of fluids/blood transfusion/injection. sum insured Room charges Limit: 1% of sum insured per day subject to maximum of `5,000. If admitted in intensive care unit (ICU) - 2% of sum insured per day subject to maximum of `10,000.""]","[""Room, boarding including nursing care, RMO charges, administration charges for IV 2.1 for any one illness - 25% of fluids/blood transfusion/injection. sum insured Room charges Limit: 1% of sum insured per day subject to maximum of `5,000. If admitted in intensive care unit (ICU) - 2% of sum insured per day subject to maximum of `10,000.""]",1,1,"[""National Mediclaim Policy.pdf_9""]","[""National Mediclaim Policy.pdf_9""]",,0.9999999999,1.0,0.691335137714892,1.0,1.0,1.0,1.0,0.8195390685180353,0.06047772798717191,0.4854368932038835,0.34951456310679613
Q_072,"If I undergo an organ transplant, will the donor’s hospital expenses be covered?","Yes, the policy will cover the donor’s inpatient hospitalization and related medical expenses during an organ transplant procedure, but only under specific conditions. The coverage applies if the organ donation follows the rules of The Transplantation of Human Organs Act 1994 and the organ is meant for the insured person who is medically advised to undergo the transplant.",Hospitalisation expenses for the organ donor’s treatment during organ transplant are covered provided the donation conforms to the Transplantation of Human Organs Act 1994 and the insured person has been medically advised to undergo an organ transplant.,"[""i. Anaesthesia, blood, oxygen, operation theatre charges 2.3 for any one illness- 50% of ii. Surgical appliances sum insured iii. Medicines, drugs iv. Diagnostic test v. Pacemaker, artificial limbs, stent and implant vi. Dialysis vii. Chemotherapy viii. Radiotherapy ix. Hospitalisation expense for organ donor\u2019s treatment during the course of organ transplant provided that a. The donation conforms to The Transplantation of Human Organs Act 1994 and the organ is for the use of the insured person b. The insured person has been medically advised to undergo an organ transplant x. Reimbursement of ambulance charges - 1% of sum insured subject to a""]","[""i. Anaesthesia, blood, oxygen, operation theatre charges 2.3 for any one illness- 50% of ii. Surgical appliances sum insured iii. Medicines, drugs iv. Diagnostic test v. Pacemaker, artificial limbs, stent and implant vi. Dialysis vii. Chemotherapy viii. Radiotherapy ix. Hospitalisation expense for organ donor\u2019s treatment during the course of organ transplant provided that a. The donation conforms to The Transplantation of Human Organs Act 1994 and the organ is for the use of the insured person b. The insured person has been medically advised to undergo an organ transplant x. Reimbursement of ambulance charges - 1% of sum insured subject to a""]",1,1,"[""National Mediclaim Policy.pdf_11""]","[""National Mediclaim Policy.pdf_11""]",,0.9999999999,1.0,0.8033195498100326,1.0,1.0,1.0,1.0,0.8686979558075969,0.04386842628025093,0.6185567010309277,0.4948453608247423
Q_073,What conditions must be met for pre-hospitalisation expenses to be covered?,"To get reimbursement for pre-hospitalization expenses under this policy, you must meet two main conditions. First, the expenses must be for medical treatment related to the same illness or injury that later required your hospitalization. Second, these expenses must have been incurred within 30 days before your hospital stay. The claim must be submitted within 15 days of your discharge from the hospital. You will need to provide original bills, payment receipts, medical records, prescriptions, and certificates from your doctor or surgeon confirming the diagnosis and treatment. If you have already submitted these documents to another insurance company, the current insurer may accept copies certified by that insurer.",Pre-hospitalisation expenses incurred up to 30 days before hospitalisation are covered provided they are for the same condition for which hospitalisation was required and the in-patient hospitalisation claim is admissible.,"[""3.20 Network provider means hospitals or health care providers enlisted by the company or by a TPA and the company together to provide medical services to an insured person on payment by a cashless facility. 3.21 Out Patient Department (OPD) treatment means treatment in which the insured person visits a clinic / hospital or associated facility like a consultation room for diagnosis and treatment based on the advice of a medical practitioner and the insured person is not admitted as a day care patient or in-patient. 3.22 Policy period means period of one year as mentioned in the schedule for which the policy is issued. 3.23 Preferred provider network (PPN) means a network of hospitals which have agreed to a cashless packaged pricing for certain procedures for the insured person. The list is available with the company/TPA and subject to amendment from time to time. Reimbursement of expenses incurred in PPN for the procedures (as listed under PPN package) shall be subject to the rates applicable to PPN package pricing. 3.24 Pre hospitalisation means medical expenses incurred 30 days immediately before the insured person is hospitalised,"", ""i. such medical expenses are incurred for the same condition for which the insured person\u2019s hospitalisation was required, and ii. the in-patient hospitalisation claim for such hospitalisation is admissible by the insurance company NNaattiioonnaall MMeeddiiccllaaiimm PPoolliiccyy 3 IRDA/NL-HLT/NI/P-H/V.I/17/13-14"", ""The claim is to be supported with the following documents and submitted within the prescribed time limit. i. Completed claim form ii. Original bills, payment receipts, medical history of the patient recorded, discharge certificate/ summary from the hospital etc. iii. Original cash-memo from the hospital (s)/chemist (s) supported by proper prescription iv. Original payment receipt, investigation test reports etc. supported by the prescription from attending medical practitioner v. Attending medical practitioner\u2019s certificate regarding diagnosis and bill receipts etc. vi. Surgeon\u2019s original certificate stating diagnosis and nature of operation performed along with bills/receipts etc. vii. Any other document required by company/TPA"", ""In the event of a claim lodged as per clause 5.9 of the policy and the original documents having been submitted to the other insurer, the company may accept the documents listed under clause 5.5.4 of the policy and claim settlement advice duly certified by the other insurer subject to satisfaction of the company. Type of claim Time limit for submission of documents to company/TPA Reimbursement of hospitalisation and pre hospitalisation Within 15 days of date of discharge from hospital expenses Reimbursement of post hospitalisation expenses Within 15 days from completion of post hospitalisation treatment Reimbursement of health checkup expenses (as per Good At least 45 days before the expiry of the fifth policy period.""]","[""3.20 Network provider means hospitals or health care providers enlisted by the company or by a TPA and the company together to provide medical services to an insured person on payment by a cashless facility. 3.21 Out Patient Department (OPD) treatment means treatment in which the insured person visits a clinic / hospital or associated facility like a consultation room for diagnosis and treatment based on the advice of a medical practitioner and the insured person is not admitted as a day care patient or in-patient. 3.22 Policy period means period of one year as mentioned in the schedule for which the policy is issued. 3.23 Preferred provider network (PPN) means a network of hospitals which have agreed to a cashless packaged pricing for certain procedures for the insured person. The list is available with the company/TPA and subject to amendment from time to time. Reimbursement of expenses incurred in PPN for the procedures (as listed under PPN package) shall be subject to the rates applicable to PPN package pricing. 3.24 Pre hospitalisation means medical expenses incurred 30 days immediately before the insured person is hospitalised,"", ""i. such medical expenses are incurred for the same condition for which the insured person\u2019s hospitalisation was required, and ii. the in-patient hospitalisation claim for such hospitalisation is admissible by the insurance company""]",4,2,"[""National Mediclaim Policy.pdf_27"", ""National Mediclaim Policy.pdf_30"", ""National Mediclaim Policy.pdf_73"", ""National Mediclaim Policy.pdf_74""]","[""National Mediclaim Policy.pdf_27"", ""National Mediclaim Policy.pdf_28""]",,0.9999999999666667,1.0,0.8441290797427232,1.0,0.5,1.0,1.0,0.7607870657105507,0.011389135796244699,0.2411347517730497,0.14184397163120568
Q_074,When are post-hospitalisation expenses covered under the policy?,"The insurance policy covers post-inpatient hospitalization expenses for up to 60 days after you are discharged from the hospital. This coverage applies only if the expenses are for the same medical condition that required your hospital stay, and you file the claim within 15 days from when your post-hospitalization treatment ends.",Post-hospitalisation expenses incurred within 60 days after discharge are covered provided they relate to the same condition for which hospitalisation occurred and the in-patient hospitalisation claim is admissible.,"[""3.25 Post hospitalisation means medical expenses incurred 60 days immediately after the insured person is discharged from"", ""i. such medical expenses are incurred for the same condition for which the insured person\u2019s hospitalisation was required, and ii. the in-patient hospitalisation claim for such hospitalisation is admissible by the insurance company NNaattiioonnaall MMeeddiiccllaaiimm PPoolliiccyy 3 IRDA/NL-HLT/NI/P-H/V.I/17/13-14"", ""In the event of a claim lodged as per clause 5.9 of the policy and the original documents having been submitted to the other insurer, the company may accept the documents listed under clause 5.5.4 of the policy and claim settlement advice duly certified by the other insurer subject to satisfaction of the company. Type of claim Time limit for submission of documents to company/TPA Reimbursement of hospitalisation and pre hospitalisation Within 15 days of date of discharge from hospital expenses Reimbursement of post hospitalisation expenses Within 15 days from completion of post hospitalisation treatment Reimbursement of health checkup expenses (as per Good At least 45 days before the expiry of the fifth policy period.""]","[""3.25 Post hospitalisation means medical expenses incurred 60 days immediately after the insured person is discharged from"", ""i. such medical expenses are incurred for the same condition for which the insured person\u2019s hospitalisation was required, and ii. the in-patient hospitalisation claim for such hospitalisation is admissible by the insurance company NNaattiioonnaall MMeeddiiccllaaiimm PPoolliiccyy 3 IRDA/NL-HLT/NI/P-H/V.I/17/13-14""]",3,2,"[""National Mediclaim Policy.pdf_29"", ""National Mediclaim Policy.pdf_30"", ""National Mediclaim Policy.pdf_74""]","[""National Mediclaim Policy.pdf_29"", ""National Mediclaim Policy.pdf_30""]",,0.99999999995,1.0,0.7806913809799544,1.0,0.75,1.0,1.0,0.7844386527561844,0.056891541473991086,0.40963855421686746,0.3132530120481928
Q_075,What are the rules for hospitalization duration to qualify for coverage?,"To qualify for coverage under this policy, you generally need to be admitted as an inpatient in a hospital for at least 24 continuous hours. This means you must stay overnight in the hospital after being formally admitted by a doctor for treatment. There are a few exceptions where a shorter stay may be accepted, such as for specific surgeries or procedures listed in the policy (like day care surgeries) or for advanced medical treatments that require less than 24 hours of hospitalization. However, for these shorter stays, you must get prior approval from the insurance company or their authorized representative (TPA).","Hospitalisation means admission as an inpatient for a minimum of 24 consecutive hours, except for specified day care procedures or surgeries requiring less than 24 hours due to medical advancement and with prior approval where required.","[""iv. has a fully equipped operation theatre of its own where surgical procedures are carried out v. maintains daily records of patients and will make these accessible to the Insurance Company\u2019s authorized personnel. Hospital shall not include an establishment which is a rest home or convalescent home for the addicted, detoxification centre, sanatorium, home for the aged, mentally disturbed, remodeling clinic or similar institution. 3.12 Hospitalisation means admission in a hospital as an inpatient for a minimum period of 24 consecutive hours except for specified procedure/ treatment, where such admission could be for a period of less than 24 consecutive hours. Relaxation to 24 hours minimum duration for hospitalisation is allowed in i. Day care procedures/surgeries (as listed in Appendix -I) where such treatment is taken by an insured person in a hospital/day care centre (but not the outpatient department of a hospital). ii. Any other surgeries/procedures (not listed in Appendix -I) which due to advancement of medical science require hospitalisation for less than 24 hours and for which prior approval from company/TPA is mandatory."", ""Any other surgeries/procedures (not listed in Appendix -I) which due to advancement of medical science require hospitalisation for less than 24 hours and for which prior approval from company/TPA is mandatory. 3.13 I D card means the card issued to the insured person by the TPA for availing cashless facility in the network provider. 3.14 In-patient means an insured person who is admitted in hospital upon the written advice of a duly qualified medical practitioner for more than 24 continuous hours, for the treatment of covered disease/ injury during the policy period.""]","[""iv. has a fully equipped operation theatre of its own where surgical procedures are carried out v. maintains daily records of patients and will make these accessible to the Insurance Company\u2019s authorized personnel. Hospital shall not include an establishment which is a rest home or convalescent home for the addicted, detoxification centre, sanatorium, home for the aged, mentally disturbed, remodeling clinic or similar institution. 3.12 Hospitalisation means admission in a hospital as an inpatient for a minimum period of 24 consecutive hours except for specified procedure/ treatment, where such admission could be for a period of less than 24 consecutive hours. Relaxation to 24 hours minimum duration for hospitalisation is allowed in i. Day care procedures/surgeries (as listed in Appendix -I) where such treatment is taken by an insured person in a hospital/day care centre (but not the outpatient department of a hospital). ii. Any other surgeries/procedures (not listed in Appendix -I) which due to advancement of medical science require hospitalisation for less than 24 hours and for which prior approval from company/TPA is mandatory.""]",2,1,"[""National Mediclaim Policy.pdf_22"", ""National Mediclaim Policy.pdf_23""]","[""National Mediclaim Policy.pdf_22""]",,0.99999999995,1.0,0.580080472427791,1.0,0.75,1.0,1.0,0.7611555663256605,0.04579765955524223,0.39130434782608703,0.2608695652173913
Q_076,Are diseases diagnosed within the first 30 days covered by the policy?,"No, the policy does not provide coverage for pre-existing medical conditions diagnosed within the first 30 days after the policy starts. This is because the policy explicitly excludes coverage for any disease contracted during this initial 30-day waiting period, as stated in Section 4.2. However, if the condition was already known before the policy started (even if diagnosed within the first 30 days), it would be considered a pre-existing condition and would be covered after the initial waiting period for pre-existing diseases (48 months of continuous coverage) has passed, as mentioned in Section 4.1.","Diseases contracted during the first 30 days from the inception of the first policy are not covered, except when hospitalisation occurs due to injuries caused by an accident after the policy inception.","[""All pre-existing diseases when the cover incepts for the first time until 48 months of continuous coverage has elapsed. Any complication arising from pre-existing ailment/disease/injuries will be considered as a part of the pre existing health condition or disease. To illustrate if a person is suffering from either hypertension or diabetes or both at the time of taking the policy, then policy shall"", ""Any disease contracted by the insured person during the first 30 days from the inception of the first policy. This shall not apply in case the insured person is hospitalised for injuries, suffered in an accident which occurred after inception of the first policy.""]","[""Any disease contracted by the insured person during the first 30 days from the inception of the first policy. This shall not apply in case the insured person is hospitalised for injuries, suffered in an accident which occurred after inception of the first policy.""]",2,1,"[""National Mediclaim Policy.pdf_35"", ""National Mediclaim Policy.pdf_39""]","[""National Mediclaim Policy.pdf_39""]",,0.49999999995,1.0,0.8207790100434472,0.5714285714285714,0.25,1.0,1.0,0.7813482980222677,0.10147912030627942,0.25757575757575757,0.16666666666666666
Q_077,What are the waiting periods for certain treatments like cataract or joint replacement?,"For cataract surgery and total joint replacement, the policy does not explicitly state a separate waiting period beyond the general rules for pre-existing diseases. If either condition was already present when you first took out the policy, it is considered a pre-existing condition. This means coverage for these surgeries may not be available for at least 48 months of continuous coverage, unless the condition was caused by an accident or injury that happened after the policy started. The 30-day waiting period mentioned in the policy only applies to diseases contracted during the first 30 days of the policy, not to pre-existing conditions like cataracts or joint issues that existed before the policy began.","Cataract and several listed conditions have a two-year waiting period, while treatment for joint replacement due to degenerative conditions has a four-year waiting period.","[""Any disease contracted by the insured person during the first 30 days from the inception of the first policy. This shall not apply in case the insured person is hospitalised for injuries, suffered in an accident which occurred after inception of the first policy."", ""All pre-existing diseases when the cover incepts for the first time until 48 months of continuous coverage has elapsed. Any complication arising from pre-existing ailment/disease/injuries will be considered as a part of the pre existing health condition or disease. To illustrate if a person is suffering from either hypertension or diabetes or both at the time of taking the policy, then policy shall"", ""i. Day care treatment will include above day care procedures ii. Any surgery/procedure (not listed above) which due to advancement of medical science requires hospitalisation for less than 24 hours will require prior approval from company/TPA. iii. The standard exclusions and waiting periods are applicable to all of the above day care procedures / surgeries depending on the medical condition / disease under treatment. Only 24 hours hospitalisation is not mandatory.""]","[""i. One year waiting period a. Benign ENT disorders b. Tonsillectomy/Adenoidectomy/Mastoidectomy/Tympanoplasty ii. Two years waiting period a. Cataract k. Pilonidal sinus b. Benign prostatic hypertrophy l. Gout and Rheumatism c. Hernia m. Hypertension and related complications d. Hydrocele n. Diabetes and related complications e. Congenital internal disease o. Calculus diseases f. Fissure/Fistula in anus p. Surgery of gall bladder and bile duct excluding malignancy g. Piles (Haemorrhoids) q. Surgery of genito-urinary system excluding malignancy h. Sinusitis and related disorders r. Surgery for prolapsed intervertebral disc unless arising from accident i. Polycystic ovarian disease s. Surgery of varicose vein j. Non-infective arthritis t. Hysterectomy iii. Four years waiting period a. Treatment for joint replacement due to degenerative conditions b. Age related osteoarthritis and osteoporosis""]",3,1,"[""National Mediclaim Policy.pdf_39"", ""National Mediclaim Policy.pdf_35"", ""National Mediclaim Policy.pdf_137""]","[""National Mediclaim Policy.pdf_41""]",,0.0,0.0,0.0,0.8333333333333334,0.25,0.0,0.75,0.7584909458399929,0.048675483916500534,0.1958041958041958,0.13986013986013987
Q_078,"If I plan a hospital admission, when should I inform the insurer for cashless treatment?","For planned hospitalizations, you must inform the insurance company’s TPA (Third-Party Administrator) at least 72 hours before the insured person is admitted to a network hospital. If the hospitalization is unexpected or an emergency, you need to inform the TPA within 24 hours of admission.","For planned hospitalisation the TPA must be informed at least 72 hours prior to admission, and in case of emergency hospitalisation the TPA must be informed within 24 hours of admission.","[""In case of planned hospitalisation At least 72 hours prior to the insured person\u2019s admission to network provider/PPN In case of emergency hospitalisation Within 24 hours of the insured person\u2019s admission to network provider/PPN""]","[""In case of planned hospitalisation At least 72 hours prior to the insured person\u2019s admission to network provider/PPN In case of emergency hospitalisation Within 24 hours of the insured person\u2019s admission to network provider/PPN""]",1,1,"[""National Mediclaim Policy.pdf_69""]","[""National Mediclaim Policy.pdf_69""]",,0.9999999999,1.0,0.6099162425874235,1.0,1.0,1.0,1.0,0.8384325216023729,0.09924116086627922,0.5128205128205128,0.43589743589743596
Q_079,What documents are required to submit a reimbursement claim?,"To submit a reimbursement claim under this insurance policy, you need to provide specific documents that prove your medical expenses and treatment. First, you must fill out and submit a completed claim form. Next, you need to attach original copies of all bills and payment receipts related to your hospital stay, including the hospital’s discharge summary or certificate. If you paid cash at the hospital or pharmacy, include the original cash memo along with a prescription from your doctor. For any tests, investigations, or medicines, submit the original payment receipts and test reports, also supported by a prescription from your doctor.

If you had surgery, you must include an original certificate from the surgeon stating the diagnosis, type of operation, and the bills or receipts related to it. Additionally, your doctor should provide a certificate confirming your diagnosis and the bills you paid. If the company or the Third-Party Administrator (TPA) asks for any extra documents, those must also be submitted.

You must submit these documents within 15 days of being discharged from the hospital for hospitalization-related expenses or within 15 days after completing post-hospitalization treatment for those costs. Make sure to inform the company or TPA in writing (via letter, email, or fax) about your claim, including details like your policy number and treatment plan, as soon as possible.

If you’ve already submitted these documents to another insurance company, the company may accept copies of the required documents along with a certified claim settlement advice from that insurer, provided they are satisfied with the details.","The claim must include a completed claim form, original bills and payment receipts, discharge summary, prescriptions, investigation reports, medical practitioner’s certificate, surgeon’s certificate if applicable, and any other document required by the company or TPA.","[""The claim is to be supported with the following documents and submitted within the prescribed time limit. i. Completed claim form ii. Original bills, payment receipts, medical history of the patient recorded, discharge certificate/ summary from the hospital etc. iii. Original cash-memo from the hospital (s)/chemist (s) supported by proper prescription iv. Original payment receipt, investigation test reports etc. supported by the prescription from attending medical practitioner v. Attending medical practitioner\u2019s certificate regarding diagnosis and bill receipts etc. vi. Surgeon\u2019s original certificate stating diagnosis and nature of operation performed along with bills/receipts etc. vii. Any other document required by company/TPA"", ""In case of a claim, the insured person/insured person\u2019s representative shall intimate the TPA (if claim is processed by TPA)/company (if claim is processed by the company) in writing by letter, e-mail, fax providing all relevant information relating to claim including plan of treatment, policy number etc. within the prescribed time limit."", ""In the event of a claim lodged as per clause 5.9 of the policy and the original documents having been submitted to the other insurer, the company may accept the documents listed under clause 5.5.4 of the policy and claim settlement advice duly certified by the other insurer subject to satisfaction of the company. Type of claim Time limit for submission of documents to company/TPA Reimbursement of hospitalisation and pre hospitalisation Within 15 days of date of discharge from hospital expenses Reimbursement of post hospitalisation expenses Within 15 days from completion of post hospitalisation treatment Reimbursement of health checkup expenses (as per Good At least 45 days before the expiry of the fifth policy period.""]","[""The claim is to be supported with the following documents and submitted within the prescribed time limit. i. Completed claim form ii. Original bills, payment receipts, medical history of the patient recorded, discharge certificate/ summary from the hospital etc. iii. Original cash-memo from the hospital (s)/chemist (s) supported by proper prescription iv. Original payment receipt, investigation test reports etc. supported by the prescription from attending medical practitioner v. Attending medical practitioner\u2019s certificate regarding diagnosis and bill receipts etc. vi. Surgeon\u2019s original certificate stating diagnosis and nature of operation performed along with bills/receipts etc. vii. Any other document required by company/TPA""]",3,1,"[""National Mediclaim Policy.pdf_73"", ""National Mediclaim Policy.pdf_68"", ""National Mediclaim Policy.pdf_74""]","[""National Mediclaim Policy.pdf_73""]",,0.8333333332916666,1.0,0.9075854589677559,1.0,0.75,1.0,1.0,0.7518118877067888,0.010320486740498912,0.22147651006711414,0.174496644295302
Q_080,How long does the insurer take to settle or reject a claim after receiving documents?,"The insurance company has 30 days from receiving all required documents or investigation reports to either approve or deny your claim. If they approve it, they will offer you a settlement within that time. If they deny it, they must inform you in writing within the same 30-day period. Once you accept the settlement offer, the payment will be made within 7 days.","The company will offer settlement within 30 days of receiving final documents or investigation report, and once the insured person accepts the offer, payment will be made within 7 days.","[""NNaattiioonnaall MMeeddiiccllaaiimm PPoolliiccyy 7 IRDA/NL-HLT/NI/P-H/V.I/17/13-14 i. On receipt of the final document(s) or investigation report (if any), as the case may be, the company shall within a period of 30 days offer a settlement of the claim to the insured person. ii. If the company, for any reasons, decides to reject a claim under the policy, shall communicate to the insured person in writing and within a period of 30 days from the receipt of the final document(s) or investigation report (if any), as the case may be. iii. Upon acceptance of an offer of settlement as stated above by the insured person, the payment of the amount due shall be made within 7 days from the date of acceptance of the offer by the company. iv. In the cases of delay in the payment, the company shall pay interest at a rate which is 2% above the bank rate prevalent at the beginning of the financial year in which the claim is reviewed.""]","[""NNaattiioonnaall MMeeddiiccllaaiimm PPoolliiccyy 7 IRDA/NL-HLT/NI/P-H/V.I/17/13-14 i. On receipt of the final document(s) or investigation report (if any), as the case may be, the company shall within a period of 30 days offer a settlement of the claim to the insured person. ii. If the company, for any reasons, decides to reject a claim under the policy, shall communicate to the insured person in writing and within a period of 30 days from the receipt of the final document(s) or investigation report (if any), as the case may be. iii. Upon acceptance of an offer of settlement as stated above by the insured person, the payment of the amount due shall be made within 7 days from the date of acceptance of the offer by the company. iv. In the cases of delay in the payment, the company shall pay interest at a rate which is 2% above the bank rate prevalent at the beginning of the financial year in which the claim is reviewed.""]",1,1,"[""National Mediclaim Policy.pdf_75""]","[""National Mediclaim Policy.pdf_75""]",,0.9999999999,1.0,0.6601463702429647,1.0,1.0,1.0,1.0,0.8364122971811537,0.053989360961154816,0.5531914893617021,0.425531914893617
Q_081,What does “Any one illness” mean in this policy?,"This policy defines a single medical condition or illness as either an acute or chronic health issue that requires medical treatment. An acute condition is one that is expected to improve quickly with treatment, like a short-term infection or injury, while a chronic condition is one that lasts longer and may require ongoing care, such as diabetes or high blood pressure. The policy does not explicitly state a single coverage limit for one condition in the provided chunks, but it does mention that if the total claim amount for a condition exceeds the sum insured (the maximum amount the policy will pay for covered medical expenses) during the policy term, the policy may not cover the full amount. This means the policy’s coverage for a single condition is tied to the overall sum insured for that policy year, and you cannot claim more than that amount for one condition.",Any one illness means a continuous period of illness and includes relapse within 45 days from the date of last consultation with the hospital or nursing home where treatment was taken.,"[""Disclosure to information norm: The policy shall be void and Illness: Illness means a sickness or a disease or pathological all premium paid thereon shall be forfeited to the Company condition leading to the impairment of normal physiological in the event of misrepresentation, mis-description or non- function and requires medical treatment; disclosure of any material fact by the Policy Holder. (a) Acute condition - Acute condition is a disease, illness or Domiciliary Hospitalization: Domiciliary hospitalization injury that is likely to respond quickly to treatment which means medical treatment for an illness / disease / injury aims to return the person to his or her state of health which in the normal course would require care and immediately before suffering the disease / illness / treatment at a hospital but is actually taken while confined injury which leads to full recovery at home under any of the following circumstances: (b) Chronic condition - A chronic condition is defined as i) the condition of the patient is such that he / she is not in a disease, illness, or injury that has one or more of the a condition to be removed to a hospital, or following characteristics; ii) the patient takes treatment at home on account of 1."", ""iii. If the amount to be claimed exceeds the Sum year and risk coverage for such policy years has not"", ""once during the life time of the policy, if the same has Note: If the Pre-Existing Disease/s falls under the list of been prescribed by the treating Medical Practitioner specific disease waiting period (Exclusion No. 2 - Code Post Hospitalization for the same condition for which the Excl 02), the longer among the Pre-Existing Disease and""]","[""i. Having at least 5 in-patient beds; S T A N D A R D D E F I N I T I O N S ii. Having qualified AYUSH Medical Practitioner in charge round the clock; Accident: An accident means sudden, unforeseen and iii. Having dedicated AYUSH therapy sections as involuntary event caused by external, visible and violent means. required and / or has equipped operation theatre where surgical procedures are to be carried out; Any one illness: Any one illness means continuous period of illness and includes relapse within 45 days from the date iv. Maintaining daily records of the patients and making of last consultation with the Hospital / Nursing Home where them accessible to the insurance company\u2019s treatment was taken. authorized representative.""]",3,1,"[""Policy_Super_Star_V_3_80e5dd8988.pdf_14"", ""Policy_Super_Star_V_3_80e5dd8988.pdf_298"", ""Policy_Super_Star_V_3_80e5dd8988.pdf_221""]","[""Policy_Super_Star_V_3_80e5dd8988.pdf_2""]",,0.0,0.0,0.0,0.8,0.0,0.5,1.0,0.5243377140847472,0.015211203253752605,0.12087912087912088,0.054945054945054944
Q_082,How is co-payment defined in the policy?,"The mandatory out-of-pocket contribution, or co-payment, is calculated as a specified percentage of the total cost of covered medical services or procedures that the insurance company agrees to pay (called the ""admissible claims amount""). This percentage is fixed in the policy and applies to eligible expenses. For example, if the policy states a 10% co-payment and the admissible claim amount for a procedure is $1000, you would pay $100. This co-payment does not reduce the total coverage limit (Sum Insured) of your policy. Emergency care is also subject to this co-payment rule, but it does not affect the amount covered for emergencies.","Co-payment means a cost sharing requirement under a health insurance policy where the policyholder or insured bears a specified percentage of the admissible claims amount, and it does not reduce the Sum Insured.","[""Co-Payment: Co-payment means a cost sharing Emergency Care: Emergency care means management requirement under a health insurance policy that for an illness or injury which results in symptoms which provides that the policyholder / insured will bear a occur suddenly and unexpectedly, and requires immediate specified percentage of the admissible claims amount. A care by a medical practitioner to prevent death or serious co-payment does not reduce the Sum Insured. long term impairment of the insured person\u2019s health. Cumulative Bonus: Cumulative Bonus means any increase Grace Period: \u201cGrace period\u201d means the specified period or addition in the Sum Insured granted by the insurer of time, immediately following the premium due date without an associated increase in premium. during which premium payment can be made to renew or"", ""ii. Voluntary Co-payment if chosen by the Insured \u2022 This opinion is given based only on the medical Person(s) shall be applicable on Section II (1 to 11) records submitted without examining the patient, iii. Voluntary co-payment will not be available in case \u2022 The second opinion should be only for medical voluntary deductible has been opted reasons and not for medico-legal purposes. iv. Once opted, the insured can not reduce the \u2022 Any liability due to any errors or omission or co-payment percentage (or) opt out of this optional consequences of any action taken in reliance of the cover. second opinion provided by the Medical Practitioner"", ""8. Continuous Passive motion devices in case of Knee (c) Optional Cover 10. Voluntary Co-payment or Replacement Optional Cover 11. Voluntary Deductible if opted by the Insured Person shall be applicable under this""]","[""Co-Payment: Co-payment means a cost sharing Emergency Care: Emergency care means management requirement under a health insurance policy that for an illness or injury which results in symptoms which provides that the policyholder / insured will bear a occur suddenly and unexpectedly, and requires immediate specified percentage of the admissible claims amount. A care by a medical practitioner to prevent death or serious co-payment does not reduce the Sum Insured. long term impairment of the insured person\u2019s health. Cumulative Bonus: Cumulative Bonus means any increase Grace Period: \u201cGrace period\u201d means the specified period or addition in the Sum Insured granted by the insurer of time, immediately following the premium due date without an associated increase in premium. during which premium payment can be made to renew or""]",3,1,"[""Policy_Super_Star_V_3_80e5dd8988.pdf_9"", ""Policy_Super_Star_V_3_80e5dd8988.pdf_217"", ""Policy_Super_Star_V_3_80e5dd8988.pdf_225""]","[""Policy_Super_Star_V_3_80e5dd8988.pdf_9""]",,0.99999999995,1.0,0.6356505397181785,0.3333333333333333,1.0,1.0,1.0,0.6981837494480706,0.1323015214373772,0.35211267605633806,0.2535211267605634
Q_083,What does the policy mean by emergency care?,"Emergency medical care in this policy is defined as medical attention that happens suddenly and unexpectedly, causing symptoms that require immediate treatment to either prevent death or avoid serious long-term harm to your health. This includes situations where urgent medical help is needed right away for life-threatening or severe conditions. The policy covers this care fully without reducing the total amount of insurance coverage (Sum Insured), but you may still have to pay a co-payment, which is a fixed percentage of the total cost of the treatment.",Emergency care means management for an illness or injury which results in symptoms that occur suddenly and unexpectedly and requires immediate care by a medical practitioner to prevent death or serious long-term impairment of the insured person’s health.,"[""Co-Payment: Co-payment means a cost sharing Emergency Care: Emergency care means management requirement under a health insurance policy that for an illness or injury which results in symptoms which provides that the policyholder / insured will bear a occur suddenly and unexpectedly, and requires immediate specified percentage of the admissible claims amount. A care by a medical practitioner to prevent death or serious co-payment does not reduce the Sum Insured. long term impairment of the insured person\u2019s health. Cumulative Bonus: Cumulative Bonus means any increase Grace Period: \u201cGrace period\u201d means the specified period or addition in the Sum Insured granted by the insurer of time, immediately following the premium due date without an associated increase in premium. during which premium payment can be made to renew or"", ""accepted in international medical practice or by the Injury: Injury means accidental physical bodily harm medical community in India. excluding illness or disease solely and directly caused by external, violent, visible and evident means which is verified Migration: Migration means a facility provided to and certified by a Medical Practitioner. policyholders (including all members under family cover Inpatient Care: Inpatient care means treatment for which and group policies), to transfer the credits gained for pre- the insured person has to stay in a hospital for more than existing diseases and specific waiting periods from one 24 hours for a covered event. health insurance policy to another with the same insurer. Intensive Care Unit: Intensive care unit means an Network Provider: Network Provider means hospitals or identified section, ward or wing of a hospital which is health care providers enlisted by an insurer, TPA or jointly under the constant supervision of a dedicated medical by an Insurer and TPA to provide medical services to an practitioner(s), and which is specially equipped for the insured by a cashless facility. continuous monitoring and treatment of patients who are in a critical condition, or require life support facilities and New Born Baby: Newborn baby means baby born during where the level of care and supervision is considerably""]","[""Co-Payment: Co-payment means a cost sharing Emergency Care: Emergency care means management requirement under a health insurance policy that for an illness or injury which results in symptoms which provides that the policyholder / insured will bear a occur suddenly and unexpectedly, and requires immediate specified percentage of the admissible claims amount. A care by a medical practitioner to prevent death or serious co-payment does not reduce the Sum Insured. long term impairment of the insured person\u2019s health. Cumulative Bonus: Cumulative Bonus means any increase Grace Period: \u201cGrace period\u201d means the specified period or addition in the Sum Insured granted by the insurer of time, immediately following the premium due date without an associated increase in premium. during which premium payment can be made to renew or""]",2,1,"[""Policy_Super_Star_V_3_80e5dd8988.pdf_9"", ""Policy_Super_Star_V_3_80e5dd8988.pdf_20""]","[""Policy_Super_Star_V_3_80e5dd8988.pdf_9""]",,0.9999999999,1.0,0.8548811794649561,0.8571428571428571,1.0,1.0,1.0,0.7976911744023942,0.08466690179260182,0.41538461538461535,0.27692307692307694
Q_084,What is considered OPD treatment under this policy?,"This insurance policy covers outpatient department (OPD) treatment services, which include consultation charges, diagnostic tests, and some pharmaceutical expenses under specific conditions. OPD treatment refers to visits to a clinic or hospital where you receive medical advice, diagnosis, or treatment without being admitted as an inpatient or day care patient. Consultation fees with doctors like surgeons, anesthetists, or specialists are covered as part of OPD services. Diagnostic tests such as blood tests, X-rays, imaging, dialysis, chemotherapy, or radiotherapy are also included if required during OPD visits. However, the policy explicitly states that it does not cover OPD treatment if you are admitted as a day care or inpatient. Additionally, high-end diagnostic tests are payable on an OPD basis if needed as part of your treatment.

Pharmaceutical expenses are covered only for medicines and drugs prescribed by a medical practitioner during OPD visits, but the policy does not specify whether these are fully covered or limited in any way. The coverage for these services is generally up to the sum insured specified in your policy schedule.","OPD treatment means the insured visits a clinic, hospital, or associated facility like a consultation room for diagnosis and treatment based on the advice of a medical practitioner, and the insured is not admitted as a day care or in-patient.","[""ICU Charges: ICU (Intensive Care Unit) Charges means the process of intimating a claim to the insurer or TPA through amount charged by a Hospital towards ICU expenses which shall include the expenses for ICU bed, general medical any of the recognized modes of communication. support services provided to any ICU patient including OPD treatment: OPD treatment means the one in which the monitoring devices, critical care nursing and intensivist Insured visits a clinic / hospital or associated facility like charges. a consultation room for diagnosis and treatment based Medical Advice: Medical Advice means any consultation or on the advice of a Medical Practitioner. The Insured is not advice from a Medical Practitioner including the issuance admitted as a day care or in-patient. of any prescription or follow-up prescription."", ""Policy Period / Policy year: Policy period / Policy year (iii) Surgeon, Anesthetist, Medical Practitioner, means a year following the commencement date and its Consultants, Specialist Fees subsequent annual anniversary (iv) Anesthesia, blood, oxygen, operation theatre Policy term: Policy term means the period between the charges, surgical appliances, medicines and drugs, commencement date and expiry date specified in the diagnostic materials and X-ray, diagnostic imaging schedule modalities, dialysis, chemotherapy, radiotherapy, cost of pacemaker, stent and similar expenses. Sum Insured: Sum Insured means the Sum Insured Opted for and for which the premium is paid. 2. Day Care Treatment: We will cover the Medical Expenses incurred in respect of All Day Care Treatments Shared Accommodation: Shared Accommodation means of the Insured Person during the Policy Period up to a room with two or more patient beds in a Hospital. the Sum Insured as specified in the Policy Schedule if such Day Care treatment requires hospitalization as an General Ward / Economy Ward: General Ward / Economy in-patient for less than 24 hours. Ward means room with three or more patient beds in a Hospital. 3."", ""of opting this optional cover (whichever is later) and 7. High-end Diagnostics: The following diagnostics tests its continuous renewal thereof with the Company. are payable on OPD basis if required as a part of a""]","[""ICU Charges: ICU (Intensive Care Unit) Charges means the process of intimating a claim to the insurer or TPA through amount charged by a Hospital towards ICU expenses which shall include the expenses for ICU bed, general medical any of the recognized modes of communication. support services provided to any ICU patient including OPD treatment: OPD treatment means the one in which the monitoring devices, critical care nursing and intensivist Insured visits a clinic / hospital or associated facility like charges. a consultation room for diagnosis and treatment based Medical Advice: Medical Advice means any consultation or on the advice of a Medical Practitioner. The Insured is not advice from a Medical Practitioner including the issuance admitted as a day care or in-patient. of any prescription or follow-up prescription.""]",3,1,"[""Policy_Super_Star_V_3_80e5dd8988.pdf_22"", ""Policy_Super_Star_V_3_80e5dd8988.pdf_36"", ""Policy_Super_Star_V_3_80e5dd8988.pdf_181""]","[""Policy_Super_Star_V_3_80e5dd8988.pdf_22""]",,0.9999999999,1.0,0.7891765810396641,0.8181818181818182,0.5,1.0,1.0,0.7615543010776366,0.020227175789877448,0.32110091743119273,0.1651376146788991
Q_085,How does the policy define hospitalization?,"The insurance policy defines inpatient hospitalization coverage as treatment where the insured person must stay in a hospital for more than 24 hours due to illness or injury. This coverage applies only if the hospitalization is medically necessary for managing the condition or injury. The hospital must be registered under local laws, have qualified doctors, and be equipped to provide proper care. The policy also specifies that the hospital must maintain patient records and allow access to these records for the insurance company.",Hospitalization means admission in a hospital for a minimum period of 24 consecutive inpatient care hours except for specified procedures or treatments where admission could be for less than 24 consecutive hours.,"[""ii) has qualified medical practitioner/s in charge; period, if the premium is paid in instalments during the iii) has fully equipped operation theatre of its own where policy period surgical procedures are carried out; Hospital: A hospital means any institution established iv) maintains daily records of patients and will make these for in-patient care and day care treatment of illness and accessible to the insurance company\u2019s authorized / or injuries and which has been registered as a hospital personnel. with the local authorities under Clinical Establishments Day Care Treatment: Day care treatment means medical (Registration and Regulation) Act 2010 or under enactments treatment, and / or surgical procedure which is: specified under the Schedule of Section 56(1) of the said act i."", ""i) is required for the medical management of the illness or ii. The In-patient Hospitalization claim for such Hospitalization injury suffered by the insured; is admissible by the Insurance Company SUPER STAR | UIN : SHAHLIP25036V012425 | POL / SS / V.4 / 2025 3 / 3 8"", ""accepted in international medical practice or by the Injury: Injury means accidental physical bodily harm medical community in India. excluding illness or disease solely and directly caused by external, violent, visible and evident means which is verified Migration: Migration means a facility provided to and certified by a Medical Practitioner. policyholders (including all members under family cover Inpatient Care: Inpatient care means treatment for which and group policies), to transfer the credits gained for pre- the insured person has to stay in a hospital for more than existing diseases and specific waiting periods from one 24 hours for a covered event. health insurance policy to another with the same insurer. Intensive Care Unit: Intensive care unit means an Network Provider: Network Provider means hospitals or identified section, ward or wing of a hospital which is health care providers enlisted by an insurer, TPA or jointly under the constant supervision of a dedicated medical by an Insurer and TPA to provide medical services to an practitioner(s), and which is specially equipped for the insured by a cashless facility. continuous monitoring and treatment of patients who are in a critical condition, or require life support facilities and New Born Baby: Newborn baby means baby born during where the level of care and supervision is considerably""]","[""surgical procedures are carried out; insurer will not be liable for a specified rupee amount in case of indemnity policies and for a specified number of v) maintains daily records of patients and makes these days / hours in case of hospital cash policies which will accessible to the insurance company\u2019s authorized apply before any benefits are payable by the insurer. A personnel; deductible does not reduce the Sum Insured. Hospitalization: Hospitalization means admission in a Dental Treatment: Dental treatment means a treatment Hospital for a minimum period of 24 consecutive \u2018Inpatient related to teeth or structures supporting teeth including Care\u2019 hours except for specified procedures / treatments, examinations, fillings (where appropriate), crowns, where such admission could be for a period of less than 24 extractions and surgery. consecutive hours. Disclosure to information norm: The policy shall be void and Illness: Illness means a sickness or a disease or pathological all premium paid thereon shall be forfeited to the Company condition leading to the impairment of normal physiological in the event of misrepresentation, mis-description or non- function and requires medical treatment; disclosure of any material fact by the Policy Holder.""]",3,1,"[""Policy_Super_Star_V_3_80e5dd8988.pdf_11"", ""Policy_Super_Star_V_3_80e5dd8988.pdf_26"", ""Policy_Super_Star_V_3_80e5dd8988.pdf_20""]","[""Policy_Super_Star_V_3_80e5dd8988.pdf_13""]",,0.3333333333,1.0,0.7282354436674389,1.0,0.5,1.0,1.0,0.7339311415614078,0.09448462041387691,0.29565217391304344,0.191304347826087
Q_086,What is meant by deductible in this health insurance policy?,"The annual deductible in this health insurance policy is the total amount of eligible hospital-related expenses you must pay out of pocket each year before the insurance company starts covering costs. For example, if your deductible is set at ₹50,000, you will pay the first ₹50,000 of hospital bills yourself. Only after reaching this amount will the insurance company begin sharing the costs for covered medical treatments like surgery, doctor fees, or hospital stays. This applies to all hospital-related expenses combined in one policy year.","Deductible means a cost sharing requirement where the insurer will not be liable for a specified rupee amount in indemnity policies or a specified number of days or hours in hospital cash policies before any benefits are payable, and it does not reduce the Sum Insured.","[""Aggregate Deductible: The aggregate of admissible Instalment: Instalment means frequency of Premium hospitalisation expenses in a policy year up to which the amount paid through Monthly / Quarterly / Half-yearly Company is not liable. mode by the Policy Holder / Insured Associated medical expenses: Associated medical In-patient treatment: In-patient treatment means an expenses means medical expenses such as Professional Insured Person who is admitted to Hospital and stays there fees, OT charges, Procedure charges, etc., which vary based for a minimum period of 24 hours for the sole purpose of on the room category occupied by the insured person whilst receiving treatment. SUPER STAR | UIN : SHAHLIP25036V012425 | POL / SS / V.4 / 2025 4 / 3 8"", ""\u2022 Utilizing this facility alone will not amount to making Person will be liable to bear the specified Deductible""]","[""ii) has qualified medical practitioner/s in charge; period, if the premium is paid in instalments during the iii) has fully equipped operation theatre of its own where policy period surgical procedures are carried out; Hospital: A hospital means any institution established iv) maintains daily records of patients and will make these for in-patient care and day care treatment of illness and accessible to the insurance company\u2019s authorized / or injuries and which has been registered as a hospital personnel. with the local authorities under Clinical Establishments Day Care Treatment: Day care treatment means medical (Registration and Regulation) Act 2010 or under enactments treatment, and / or surgical procedure which is: specified under the Schedule of Section 56(1) of the said act i. Undertaken under General or Local Anesthesia in a or complies with all minimum criteria asunder: hospital / day care centre in less than 24 hrs because of i) has qualified nursing staff under its employment round technological advancement, and the clock; ii. which would have otherwise required hospitalization of ii) has at least 10 in-patient beds in towns having a more than 24hours population of less than 10,00,000 and at least 15 in- patient beds in all other places; Treatment normally taken on an out-patient basis is not included in the scope of this definition iii) has qualified medical practitioner(s) in charge round the clock; Deductible: Deductible means a cost sharing requirement iv) has a fully equipped operation theatre of its own where"", ""surgical procedures are carried out; insurer will not be liable for a specified rupee amount in case of indemnity policies and for a specified number of v) maintains daily records of patients and makes these days / hours in case of hospital cash policies which will accessible to the insurance company\u2019s authorized apply before any benefits are payable by the insurer. A personnel; deductible does not reduce the Sum Insured. Hospitalization: Hospitalization means admission in a Dental Treatment: Dental treatment means a treatment Hospital for a minimum period of 24 consecutive \u2018Inpatient related to teeth or structures supporting teeth including Care\u2019 hours except for specified procedures / treatments, examinations, fillings (where appropriate), crowns, where such admission could be for a period of less than 24 extractions and surgery. consecutive hours. Disclosure to information norm: The policy shall be void and Illness: Illness means a sickness or a disease or pathological all premium paid thereon shall be forfeited to the Company condition leading to the impairment of normal physiological in the event of misrepresentation, mis-description or non- function and requires medical treatment; disclosure of any material fact by the Policy Holder.""]",2,2,"[""Policy_Super_Star_V_3_80e5dd8988.pdf_35"", ""Policy_Super_Star_V_3_80e5dd8988.pdf_218""]","[""Policy_Super_Star_V_3_80e5dd8988.pdf_12"", ""Policy_Super_Star_V_3_80e5dd8988.pdf_13""]",,0.0,0.0,0.7449313158036248,0.0,0.25,0.5,0.0,0.6672907390722369,0.010847298329574245,0.26666666666666666,0.11851851851851852
Q_087,What does the policy say about the grace period for premium payment?,"The grace period for paying premiums without losing coverage is 30 days. This means if you miss the due date for your premium payment, you have 30 days to pay it and keep your policy active.","Grace period means the specified period immediately following the premium due date during which the premium payment can be made to renew or continue the policy without loss of continuity benefits, and the grace period is fifteen days for monthly premium payment mode and thirty days for all other cases.","[""i) At the end of the policy period, the policy shall iv. No interest will be charged lf the installment terminate and can be renewed within the Grace premium is not paid on due date. Period of 30 days. v. ln case of installment premium due not received ii) While coverage is not available during the Grace within the grace period, the policy will get cancelled."", ""In the likelihood of this product being withdrawn in future, the Company will intimate the Policyholder about viii. For premium paid in instalments during the policy the same 90 days prior to expiry of the policy. period, coverage is available during the grace i. A one-time option to renew the existing product, period also if renewal falls within the 90 days from the date of"", ""ii. For Quarterly and Half yearly instalment option: lnsured person may also approach the grievance cell Grace Period of 30 days would be given to pay the instalment premium due for the policy. at any of the company\u2019s branches with the details of grievance. If lnsured person is not satisfied with iii. The Policyholder will get the accrued continuity the redressal of grievance through one of the above"", ""Co-Payment: Co-payment means a cost sharing Emergency Care: Emergency care means management requirement under a health insurance policy that for an illness or injury which results in symptoms which provides that the policyholder / insured will bear a occur suddenly and unexpectedly, and requires immediate specified percentage of the admissible claims amount. A care by a medical practitioner to prevent death or serious co-payment does not reduce the Sum Insured. long term impairment of the insured person\u2019s health. Cumulative Bonus: Cumulative Bonus means any increase Grace Period: \u201cGrace period\u201d means the specified period or addition in the Sum Insured granted by the insurer of time, immediately following the premium due date without an associated increase in premium. during which premium payment can be made to renew or""]","[""Co-Payment: Co-payment means a cost sharing Emergency Care: Emergency care means management requirement under a health insurance policy that for an illness or injury which results in symptoms which provides that the policyholder / insured will bear a occur suddenly and unexpectedly, and requires immediate specified percentage of the admissible claims amount. A care by a medical practitioner to prevent death or serious co-payment does not reduce the Sum Insured. long term impairment of the insured person\u2019s health. Cumulative Bonus: Cumulative Bonus means any increase Grace Period: \u201cGrace period\u201d means the specified period or addition in the Sum Insured granted by the insurer of time, immediately following the premium due date without an associated increase in premium. during which premium payment can be made to renew or"", ""Day Care Centre: A day care centre means any institution established for day care treatment of illness and / or injuries pertaining to waiting periods and coverage of pre-existing or a medical setup with a hospital and which has been diseases. Coverage need not be available during the period registered with the local authorities, wherever applicable, for which no premium is received. The grace period for and is under supervision of a registered and qualified payment of the premium for all types of insurance policies medical practitioner AND must comply with all minimum shall be: fifteen days where premium payment mode is criterion as under- monthly and thirty days in all other cases. i) has qualified nursing staff under its employment;""]",4,2,"[""Policy_Super_Star_V_3_80e5dd8988.pdf_308"", ""Policy_Super_Star_V_3_80e5dd8988.pdf_312"", ""Policy_Super_Star_V_3_80e5dd8988.pdf_322"", ""Policy_Super_Star_V_3_80e5dd8988.pdf_9""]","[""Policy_Super_Star_V_3_80e5dd8988.pdf_9"", ""Policy_Super_Star_V_3_80e5dd8988.pdf_10""]",,0.999999999975,0.5,0.7875432859811285,1.0,0.5,1.0,1.0,0.7622452695466596,0.0031798961190932467,0.4418604651162791,0.23255813953488372
Q_088,How is a newborn baby defined in the policy?,"The insurance policy covers a newborn infant under the dependent child provisions if the baby is born after the policy has been issued and is in force. The newborn will be automatically covered immediately after birth, with no waiting period for hospital-related expenses due to illness, injury, or accidents. This coverage lasts until the end of the policy term. The policy does not impose a waiting period for subsequent deliveries, meaning if you have more children later, they will also be covered right away. However, congenital defects (conditions present at birth) are covered up to the full sum insured (policy amount) for the first year, with no additional sub-limit. The newborn’s coverage is subject to the approval of the underwriters, and the sum insured for the newborn may be enhanced based on their discretion. The newborn must be under 25 years old to qualify as a dependent child.",Newborn baby means a baby born during the policy period and aged up to 90 days.,"[""pregnancy period, in case if we accept such proposal v) E nhancement of sum insured is subject to underwriters\u2019 and issued the policy, the New Born will be covered approval immediately after its birth covered till end of the policy vi) The above mentioned sub-limt will not apply for year (for congenital defects up to the sum insured) up"", ""Note: iii) Maximum up to 4 deliveries are payable after taking this i) Benefit under this section is subject to a waiting period optional cover and payable while the policy is in force. of 24 months from the date of first commencement iv) Pre-hospitalization and Post Hospitalization expenses of Super Star Policy / from the time of opting this are not covered under this optional cover. optional cover (whichever is later) and its continuous New Born Cover: Hospitalization expenses for treatment renewal thereof with the Company. of new born is covered up to the limits (including for ii) There is no waiting period for subsequent deliveries twins/ triplets/ quadruplets) specified below incurred iii) Maximum up to 4 deliveries are payable after taking this in a hospital/ nursing home for Any disease, illness or optional cover and payable while the policy is in force accidental injuries are payable from Day 1 of its birth till iv) Pre-hospitalization and Post Hospitalization expenses the expiry date of the policy. are not covered under this optional cover. Limit of liability New Born Cover: Hospitalization expenses for treatment Sum Insured (Rs.)"", ""Family: Family includes Insured Person, spouse / live in a period up to 36 months from the commencement of a partner, dependent children between 91 days and 25 years"", ""for the New Born baby cover. Laparoscopy with Ovarian Drilling and such other iv) In the subsequent years, the New Born Baby will be similar surgery / procedures covered up to the Sum Insured (without any underwriting""]","[""accepted in international medical practice or by the Injury: Injury means accidental physical bodily harm medical community in India. excluding illness or disease solely and directly caused by external, violent, visible and evident means which is verified Migration: Migration means a facility provided to and certified by a Medical Practitioner. policyholders (including all members under family cover Inpatient Care: Inpatient care means treatment for which and group policies), to transfer the credits gained for pre- the insured person has to stay in a hospital for more than existing diseases and specific waiting periods from one 24 hours for a covered event. health insurance policy to another with the same insurer. Intensive Care Unit: Intensive care unit means an Network Provider: Network Provider means hospitals or identified section, ward or wing of a hospital which is health care providers enlisted by an insurer, TPA or jointly under the constant supervision of a dedicated medical by an Insurer and TPA to provide medical services to an practitioner(s), and which is specially equipped for the insured by a cashless facility. continuous monitoring and treatment of patients who are in a critical condition, or require life support facilities and New Born Baby: Newborn baby means baby born during where the level of care and supervision is considerably"", ""more sophisticated and intensive than in the ordinary and otherwards. Non-Network Provider: Non-Network means any hospital, Note: Such facility must be separate and apart from daycare centre or other provider that is not part of the surgical recovery room and from rooms\u2019 beds and wards network. customarily used for patient confinement.""]",4,2,"[""Policy_Super_Star_V_3_80e5dd8988.pdf_178"", ""Policy_Super_Star_V_3_80e5dd8988.pdf_169"", ""Policy_Super_Star_V_3_80e5dd8988.pdf_31"", ""Policy_Super_Star_V_3_80e5dd8988.pdf_176""]","[""Policy_Super_Star_V_3_80e5dd8988.pdf_20"", ""Policy_Super_Star_V_3_80e5dd8988.pdf_21""]",,0.49999999995,0.0,0.7299074065198562,0.8181818181818182,0.25,1.0,1.0,0.6760044930300686,0.03652945772536269,0.13173652694610777,0.09580838323353293
Q_089,What does the policy mean by a pre-existing disease?,"In this health insurance plan, a pre-existing medical condition is defined as any health issue, ailment, injury, or disease that was either diagnosed by a doctor or treated by a medical practitioner no more than 36 months (or 3 years) before the policy started. This includes situations where you received medical advice or treatment for the condition during that timeframe. The policy also clarifies that if the same condition would have been covered by another insurer or recommended by doctors in the same area, it would still be considered a pre-existing condition.","Pre-existing disease means any condition, ailment, injury or disease that was diagnosed by a physician not more than 36 months prior to the commencement of the policy or for which medical advice or treatment was recommended or received from a physician within 36 months prior to the policy start date.","[""ICU Charges: ICU (Intensive Care Unit) Charges means the process of intimating a claim to the insurer or TPA through amount charged by a Hospital towards ICU expenses which shall include the expenses for ICU bed, general medical any of the recognized modes of communication. support services provided to any ICU patient including OPD treatment: OPD treatment means the one in which the monitoring devices, critical care nursing and intensivist Insured visits a clinic / hospital or associated facility like charges. a consultation room for diagnosis and treatment based Medical Advice: Medical Advice means any consultation or on the advice of a Medical Practitioner. The Insured is not advice from a Medical Practitioner including the issuance admitted as a day care or in-patient. of any prescription or follow-up prescription. Pre-Existing Disease: Pre-existing disease (PED) means Medical Expenses: Medical Expenses means those expenses that an Insured Person has necessarily and any condition, ailment, injury or disease: actually incurred for medical treatment on account of a) that is / are diagnosed by a physician not more than Illness or Accident on the advice of a Medical Practitioner, as 36 months prior to the date of commencement of the long as these are no more than would have been payable if policy issued by the insurer; or the Insured Person had not been insured and no more than b) for which medical advice or treatment was other hospitals or doctors in the same locality would have recommended by, or received from, a physician, charged for the same medical treatment. not more than 36 months prior to the date of Medical Practitioner: Medical Practitioner means a person""]","[""ICU Charges: ICU (Intensive Care Unit) Charges means the process of intimating a claim to the insurer or TPA through amount charged by a Hospital towards ICU expenses which shall include the expenses for ICU bed, general medical any of the recognized modes of communication. support services provided to any ICU patient including OPD treatment: OPD treatment means the one in which the monitoring devices, critical care nursing and intensivist Insured visits a clinic / hospital or associated facility like charges. a consultation room for diagnosis and treatment based Medical Advice: Medical Advice means any consultation or on the advice of a Medical Practitioner. The Insured is not advice from a Medical Practitioner including the issuance admitted as a day care or in-patient. of any prescription or follow-up prescription. Pre-Existing Disease: Pre-existing disease (PED) means Medical Expenses: Medical Expenses means those expenses that an Insured Person has necessarily and any condition, ailment, injury or disease: actually incurred for medical treatment on account of a) that is / are diagnosed by a physician not more than Illness or Accident on the advice of a Medical Practitioner, as 36 months prior to the date of commencement of the long as these are no more than would have been payable if policy issued by the insurer; or the Insured Person had not been insured and no more than b) for which medical advice or treatment was other hospitals or doctors in the same locality would have recommended by, or received from, a physician, charged for the same medical treatment. not more than 36 months prior to the date of Medical Practitioner: Medical Practitioner means a person"", ""who holds a valid registration from the Medical Council of any State or Medical Council of India or Council for Indian Pre-hospitalization Medical Expenses: Pre-hospitalization Medicine or for Homeopathy set up by the Government Medical Expenses means medical expenses incurred during of India or a State Government and is thereby entitled to pre-defined number of days preceding the hospitalization practice medicine within its jurisdiction and is acting within""]",1,2,"[""Policy_Super_Star_V_3_80e5dd8988.pdf_23""]","[""Policy_Super_Star_V_3_80e5dd8988.pdf_23"", ""Policy_Super_Star_V_3_80e5dd8988.pdf_24""]",,0.9999999999,1.0,0.739214242086096,0.6666666666666666,0.75,1.0,1.0,0.8483781804256461,0.1694720685291804,0.45517241379310347,0.33103448275862063
Q_090,How does the policy define injury?,"In this insurance policy, a covered injury is defined as an accidental physical harm to your body. It must be caused by something sudden and visible, like a fall, accident, or external force. It does not include illnesses or diseases that develop over time, such as infections or chronic conditions. The injury must also be recognized as valid by medical professionals in India.","Injury means accidental physical bodily harm excluding illness or disease, solely and directly caused by external, violent, visible and evident means and verified and certified by a medical practitioner.","[""accepted in international medical practice or by the Injury: Injury means accidental physical bodily harm medical community in India. excluding illness or disease solely and directly caused by external, violent, visible and evident means which is verified Migration: Migration means a facility provided to and certified by a Medical Practitioner. policyholders (including all members under family cover Inpatient Care: Inpatient care means treatment for which and group policies), to transfer the credits gained for pre- the insured person has to stay in a hospital for more than existing diseases and specific waiting periods from one 24 hours for a covered event. health insurance policy to another with the same insurer.""]","[""accepted in international medical practice or by the Injury: Injury means accidental physical bodily harm medical community in India. excluding illness or disease solely and directly caused by external, violent, visible and evident means which is verified Migration: Migration means a facility provided to and certified by a Medical Practitioner. policyholders (including all members under family cover Inpatient Care: Inpatient care means treatment for which and group policies), to transfer the credits gained for pre- the insured person has to stay in a hospital for more than existing diseases and specific waiting periods from one 24 hours for a covered event. health insurance policy to another with the same insurer. Intensive Care Unit: Intensive care unit means an Network Provider: Network Provider means hospitals or identified section, ward or wing of a hospital which is health care providers enlisted by an insurer, TPA or jointly under the constant supervision of a dedicated medical by an Insurer and TPA to provide medical services to an practitioner(s), and which is specially equipped for the insured by a cashless facility. continuous monitoring and treatment of patients who are in a critical condition, or require life support facilities and New Born Baby: Newborn baby means baby born during where the level of care and supervision is considerably""]",1,1,"[""Policy_Super_Star_V_3_80e5dd8988.pdf_19""]","[""Policy_Super_Star_V_3_80e5dd8988.pdf_20""]",,0.9999999999,1.0,0.7647602907578741,0.6666666666666666,0.5,1.0,1.0,0.699268401881028,0.0234733334965899,0.32608695652173914,0.1956521739130435
Q_091,What conditions must be met for pre-hospitalization medical expenses to be covered?,"For reimbursement of pre-hospitalization outpatient consultation charges under the policy’s pre-existing condition clause, the insurer typically requires that the consultation happened no more than 36 months before the policy started. This applies to any medical advice or treatment related to a pre-existing disease. The policy does not explicitly outline specific documentation requirements for these charges, but generally, you would need to submit proof of the consultation, such as a prescription or medical report from a qualified doctor, along with the claim form. The consultation must be for a condition that was diagnosed or treated before the policy began, and it should be reasonable and necessary for the treatment of that condition.",Pre-hospitalization medical expenses are those incurred during the pre-defined number of days preceding hospitalization provided the expenses are incurred for the same condition for which the insured person’s hospitalization was required and the inpatient hospitalization claim for such hospitalization is admissible by the insurance company.,"[""ICU Charges: ICU (Intensive Care Unit) Charges means the process of intimating a claim to the insurer or TPA through amount charged by a Hospital towards ICU expenses which shall include the expenses for ICU bed, general medical any of the recognized modes of communication. support services provided to any ICU patient including OPD treatment: OPD treatment means the one in which the monitoring devices, critical care nursing and intensivist Insured visits a clinic / hospital or associated facility like charges. a consultation room for diagnosis and treatment based Medical Advice: Medical Advice means any consultation or on the advice of a Medical Practitioner. The Insured is not advice from a Medical Practitioner including the issuance admitted as a day care or in-patient. of any prescription or follow-up prescription. Pre-Existing Disease: Pre-existing disease (PED) means Medical Expenses: Medical Expenses means those expenses that an Insured Person has necessarily and any condition, ailment, injury or disease: actually incurred for medical treatment on account of a) that is / are diagnosed by a physician not more than Illness or Accident on the advice of a Medical Practitioner, as 36 months prior to the date of commencement of the long as these are no more than would have been payable if policy issued by the insurer; or the Insured Person had not been insured and no more than b) for which medical advice or treatment was other hospitals or doctors in the same locality would have recommended by, or received from, a physician, charged for the same medical treatment. not more than 36 months prior to the date of Medical Practitioner: Medical Practitioner means a person"", ""Note: iii) Maximum up to 4 deliveries are payable after taking this i) Benefit under this section is subject to a waiting period optional cover and payable while the policy is in force. of 24 months from the date of first commencement iv) Pre-hospitalization and Post Hospitalization expenses of Super Star Policy / from the time of opting this are not covered under this optional cover. optional cover (whichever is later) and its continuous New Born Cover: Hospitalization expenses for treatment renewal thereof with the Company. of new born is covered up to the limits (including for ii) There is no waiting period for subsequent deliveries twins/ triplets/ quadruplets) specified below incurred iii) Maximum up to 4 deliveries are payable after taking this in a hospital/ nursing home for Any disease, illness or optional cover and payable while the policy is in force accidental injuries are payable from Day 1 of its birth till iv) Pre-hospitalization and Post Hospitalization expenses the expiry date of the policy. are not covered under this optional cover. Limit of liability New Born Cover: Hospitalization expenses for treatment Sum Insured (Rs.)""]","[""who holds a valid registration from the Medical Council of any State or Medical Council of India or Council for Indian Pre-hospitalization Medical Expenses: Pre-hospitalization Medicine or for Homeopathy set up by the Government Medical Expenses means medical expenses incurred during of India or a State Government and is thereby entitled to pre-defined number of days preceding the hospitalization practice medicine within its jurisdiction and is acting within"", ""its scope and jurisdiction of license. i. Such Medical Expenses are incurred for the same Medically Necessary Treatment: Medically necessary condition for which the Insured Person\u2019s Hospitalization treatment means any treatment, tests, medication, or stay was required, and"", ""i) is required for the medical management of the illness or ii. The In-patient Hospitalization claim for such Hospitalization injury suffered by the insured; is admissible by the Insurance Company SUPER STAR | UIN : SHAHLIP25036V012425 | POL / SS / V.4 / 2025 3 / 3 8""]",2,3,"[""Policy_Super_Star_V_3_80e5dd8988.pdf_23"", ""Policy_Super_Star_V_3_80e5dd8988.pdf_169""]","[""Policy_Super_Star_V_3_80e5dd8988.pdf_24"", ""Policy_Super_Star_V_3_80e5dd8988.pdf_25"", ""Policy_Super_Star_V_3_80e5dd8988.pdf_26""]",,0.99999999995,0.0,0.6820029579460974,0.4444444444444444,0.0,0.0,0.5,0.6326410109528184,0.011570192467676925,0.26993865030674846,0.14723926380368096
Q_092,Under what circumstances is domiciliary hospitalization covered?,"The domiciliary hospitalization benefit covers medical treatment for certain conditions when you recover at home instead of in a hospital. This applies to two main types of conditions: acute and chronic.

For acute conditions, these are illnesses or injuries that get better quickly with treatment. Coverage applies if you would normally need hospital care but instead receive treatment at home under these specific situations:
Mild asthma or COPD (chronic obstructive pulmonary disease) flare-ups that can be managed with home nebulization
Acute gastritis or gastroenteritis (stomach flu)
Intravenous (IV) chemotherapy when advised by a doctor
Palliative cancer care that requires medical assistance at home
Acute vertigo (sudden dizziness)
Diabetic foot infections or cellulitis (skin infection)

For chronic conditions, coverage applies if you need ongoing or long-term monitoring at home, such as regular consultations, tests, or check-ups, and you don’t need to be in a hospital.","Domiciliary hospitalization refers to medical treatment for an illness, disease or injury that would normally require hospital care but is taken at home when the patient cannot be moved to a hospital or when treatment is taken at home due to non-availability of a hospital room.","[""Disclosure to information norm: The policy shall be void and Illness: Illness means a sickness or a disease or pathological all premium paid thereon shall be forfeited to the Company condition leading to the impairment of normal physiological in the event of misrepresentation, mis-description or non- function and requires medical treatment; disclosure of any material fact by the Policy Holder. (a) Acute condition - Acute condition is a disease, illness or Domiciliary Hospitalization: Domiciliary hospitalization injury that is likely to respond quickly to treatment which means medical treatment for an illness / disease / injury aims to return the person to his or her state of health which in the normal course would require care and immediately before suffering the disease / illness / treatment at a hospital but is actually taken while confined injury which leads to full recovery at home under any of the following circumstances: (b) Chronic condition - A chronic condition is defined as i) the condition of the patient is such that he / she is not in a disease, illness, or injury that has one or more of the a condition to be removed to a hospital, or following characteristics; ii) the patient takes treatment at home on account of 1."", ""(a) Acute condition - Acute condition is a disease, illness or Domiciliary Hospitalization: Domiciliary hospitalization injury that is likely to respond quickly to treatment which means medical treatment for an illness / disease / injury aims to return the person to his or her state of health which in the normal course would require care and immediately before suffering the disease / illness / treatment at a hospital but is actually taken while confined injury which leads to full recovery at home under any of the following circumstances: (b) Chronic condition - A chronic condition is defined as i) the condition of the patient is such that he / she is not in a disease, illness, or injury that has one or more of the a condition to be removed to a hospital, or following characteristics; ii) the patient takes treatment at home on account of 1. It needs ongoing or long-term monitoring through non-availability of room in a hospital consultations, examinations, check-ups, and / or tests SUPER STAR | UIN : SHAHLIP25036V012425 | POL / SS / V.4 / 2025 2 / 3 8"", ""hospital for better medical treatment c) Asthma and COPD -Mild Exacerbations needing or Home Nebulization iii. for transportation of the insured person from the d) Acute Gastritis / Gastroenteritis hospital where treatment is taken to their place of e) I.V. Chemotherapy [Where advised by the doctor] residence (if it is in same city) provided the requirement f) Palliative Cancer care requiring medical assistance of an ambulance to the residence is certified by the medical practitioner. g) Acute Vertigo h) Diabetic foot and Cellulitis""]","[""Disclosure to information norm: The policy shall be void and Illness: Illness means a sickness or a disease or pathological all premium paid thereon shall be forfeited to the Company condition leading to the impairment of normal physiological in the event of misrepresentation, mis-description or non- function and requires medical treatment; disclosure of any material fact by the Policy Holder. (a) Acute condition - Acute condition is a disease, illness or Domiciliary Hospitalization: Domiciliary hospitalization injury that is likely to respond quickly to treatment which means medical treatment for an illness / disease / injury aims to return the person to his or her state of health which in the normal course would require care and immediately before suffering the disease / illness / treatment at a hospital but is actually taken while confined injury which leads to full recovery at home under any of the following circumstances: (b) Chronic condition - A chronic condition is defined as i) the condition of the patient is such that he / she is not in a disease, illness, or injury that has one or more of the a condition to be removed to a hospital, or following characteristics; ii) the patient takes treatment at home on account of 1."", ""(a) Acute condition - Acute condition is a disease, illness or Domiciliary Hospitalization: Domiciliary hospitalization injury that is likely to respond quickly to treatment which means medical treatment for an illness / disease / injury aims to return the person to his or her state of health which in the normal course would require care and immediately before suffering the disease / illness / treatment at a hospital but is actually taken while confined injury which leads to full recovery at home under any of the following circumstances: (b) Chronic condition - A chronic condition is defined as i) the condition of the patient is such that he / she is not in a disease, illness, or injury that has one or more of the a condition to be removed to a hospital, or following characteristics; ii) the patient takes treatment at home on account of 1. It needs ongoing or long-term monitoring through non-availability of room in a hospital consultations, examinations, check-ups, and / or tests SUPER STAR | UIN : SHAHLIP25036V012425 | POL / SS / V.4 / 2025 2 / 3 8""]",3,2,"[""Policy_Super_Star_V_3_80e5dd8988.pdf_14"", ""Policy_Super_Star_V_3_80e5dd8988.pdf_15"", ""Policy_Super_Star_V_3_80e5dd8988.pdf_47""]","[""Policy_Super_Star_V_3_80e5dd8988.pdf_14"", ""Policy_Super_Star_V_3_80e5dd8988.pdf_15""]",,0.9999999999666667,1.0,0.8369961614396552,1.0,0.25,1.0,1.0,0.6783226385337335,0.028240278054594378,0.3384615384615384,0.24615384615384614
Q_093,When are post-hospitalization medical expenses payable?,The insurance policy does not explicitly state a specific timeline within which the insurer will reimburse post-inpatient hospitalization medical expenses. The provided text mentions post-hospitalization medical expenses but does not specify how long the insurer will cover these costs or the timeframe for reimbursement.,Post-hospitalization medical expenses are those incurred during a pre-defined number of days immediately after discharge from the hospital provided the expenses are for the same condition for which the insured person was hospitalized and the inpatient hospitalization claim is admissible by the insurance company.,"[""Portability: Portability means a facility provided to the health undergoing treatment in some of the hospitals. If Policy insurance policyholders (including all members under Holder chooses a higher room category above the eligibility family cover), to transfer the credits gained for, pre-existing defined in policy, then proportionate deduction will apply diseases and specific waiting periods from one insurer to on the Associated Medical Expenses in addition to the another insurer. difference in room rent. Such associated medical expenses do not include Cost of pharmacy and consumables, Cost Post-hospitalization Medical Expenses: Post-hospitalization of implants and medical devices and Cost of diagnostics. Medical Expenses means medical expenses incurred during pre-defined number of days immediately after the insured Assisted Reproduction Treatment: Assisted Reproduction person is discharged from the hospital provided that: Treatment means Intra UterineInsemination (IUI), i.""]","[""Portability: Portability means a facility provided to the health undergoing treatment in some of the hospitals. If Policy insurance policyholders (including all members under Holder chooses a higher room category above the eligibility family cover), to transfer the credits gained for, pre-existing defined in policy, then proportionate deduction will apply diseases and specific waiting periods from one insurer to on the Associated Medical Expenses in addition to the another insurer. difference in room rent. Such associated medical expenses do not include Cost of pharmacy and consumables, Cost Post-hospitalization Medical Expenses: Post-hospitalization of implants and medical devices and Cost of diagnostics. Medical Expenses means medical expenses incurred during pre-defined number of days immediately after the insured Assisted Reproduction Treatment: Assisted Reproduction person is discharged from the hospital provided that: Treatment means Intra UterineInsemination (IUI), i."", ""Medical Expenses means medical expenses incurred during pre-defined number of days immediately after the insured Assisted Reproduction Treatment: Assisted Reproduction person is discharged from the hospital provided that: Treatment means Intra UterineInsemination (IUI), i. Such Medical Expenses are for the same condition for which Intra-Cytoplasmic Sperm Injection (ICSI), In-Vitro the insured person\u2019s hospitalization was required, and Fertilisation(IVF) and TESA / TESE (Testicular / Epididymal ii. The inpatient hospitalization claim for such Sperm Aspiration / Extraction) hospitalization is admissible by the insurance company.""]",1,2,"[""Policy_Super_Star_V_3_80e5dd8988.pdf_27""]","[""Policy_Super_Star_V_3_80e5dd8988.pdf_27"", ""Policy_Super_Star_V_3_80e5dd8988.pdf_28""]",,0.9999999999,1.0,0.0,1.0,0.0,1.0,0.5,0.6934513172789747,0.017844942545539352,0.391304347826087,0.21739130434782608
Q_094,What criteria must a hospital meet under the policy definition?,"To qualify as an ""In-Network"" healthcare provider under this insurance policy, a hospital or clinic must meet specific requirements. First, it must be registered as a hospital with local authorities under the Clinical Establishments (Registration and Regulation) Act 2010 or a similar law. The facility must have qualified doctors in charge and be equipped to perform surgical procedures, including having its own fully functional operation theater. It should also provide in-patient care or day care treatment for illnesses or injuries. Additionally, the hospital must keep daily records of patients and allow authorized personnel from the insurance company to access these records.","A hospital must be established for inpatient care and day care treatment of illness or injuries, be registered with local authorities under the Clinical Establishments Act or relevant law, have qualified nursing staff, qualified medical practitioners in charge, a fully equipped operation theatre, and maintain daily patient records accessible to the insurer’s authorized personnel.","[""ii) has qualified medical practitioner/s in charge; period, if the premium is paid in instalments during the iii) has fully equipped operation theatre of its own where policy period surgical procedures are carried out; Hospital: A hospital means any institution established iv) maintains daily records of patients and will make these for in-patient care and day care treatment of illness and accessible to the insurance company\u2019s authorized / or injuries and which has been registered as a hospital personnel. with the local authorities under Clinical Establishments Day Care Treatment: Day care treatment means medical (Registration and Regulation) Act 2010 or under enactments treatment, and / or surgical procedure which is: specified under the Schedule of Section 56(1) of the said act i."", ""accepted in international medical practice or by the Injury: Injury means accidental physical bodily harm medical community in India. excluding illness or disease solely and directly caused by external, violent, visible and evident means which is verified Migration: Migration means a facility provided to and certified by a Medical Practitioner. policyholders (including all members under family cover Inpatient Care: Inpatient care means treatment for which and group policies), to transfer the credits gained for pre- the insured person has to stay in a hospital for more than existing diseases and specific waiting periods from one 24 hours for a covered event. health insurance policy to another with the same insurer. Intensive Care Unit: Intensive care unit means an Network Provider: Network Provider means hospitals or identified section, ward or wing of a hospital which is health care providers enlisted by an insurer, TPA or jointly under the constant supervision of a dedicated medical by an Insurer and TPA to provide medical services to an practitioner(s), and which is specially equipped for the insured by a cashless facility. continuous monitoring and treatment of patients who are in a critical condition, or require life support facilities and New Born Baby: Newborn baby means baby born during where the level of care and supervision is considerably""]","[""ii) has qualified medical practitioner/s in charge; period, if the premium is paid in instalments during the iii) has fully equipped operation theatre of its own where policy period surgical procedures are carried out; Hospital: A hospital means any institution established iv) maintains daily records of patients and will make these for in-patient care and day care treatment of illness and accessible to the insurance company\u2019s authorized / or injuries and which has been registered as a hospital personnel. with the local authorities under Clinical Establishments Day Care Treatment: Day care treatment means medical (Registration and Regulation) Act 2010 or under enactments treatment, and / or surgical procedure which is: specified under the Schedule of Section 56(1) of the said act i."", ""ii) has qualified medical practitioner/s in charge; period, if the premium is paid in instalments during the iii) has fully equipped operation theatre of its own where policy period surgical procedures are carried out; Hospital: A hospital means any institution established iv) maintains daily records of patients and will make these for in-patient care and day care treatment of illness and accessible to the insurance company\u2019s authorized / or injuries and which has been registered as a hospital personnel. with the local authorities under Clinical Establishments Day Care Treatment: Day care treatment means medical (Registration and Regulation) Act 2010 or under enactments treatment, and / or surgical procedure which is: specified under the Schedule of Section 56(1) of the said act i. Undertaken under General or Local Anesthesia in a or complies with all minimum criteria asunder: hospital / day care centre in less than 24 hrs because of i) has qualified nursing staff under its employment round technological advancement, and the clock; ii. which would have otherwise required hospitalization of ii) has at least 10 in-patient beds in towns having a more than 24hours population of less than 10,00,000 and at least 15 in- patient beds in all other places; Treatment normally taken on an out-patient basis is not included in the scope of this definition iii) has qualified medical practitioner(s) in charge round the clock; Deductible: Deductible means a cost sharing requirement iv) has a fully equipped operation theatre of its own where""]",2,2,"[""Policy_Super_Star_V_3_80e5dd8988.pdf_11"", ""Policy_Super_Star_V_3_80e5dd8988.pdf_20""]","[""Policy_Super_Star_V_3_80e5dd8988.pdf_11"", ""Policy_Super_Star_V_3_80e5dd8988.pdf_12""]",,0.9999999999,0.8333333333333334,0.6761205864687255,0.875,0.75,1.0,1.0,0.7354015228508022,0.008081908116180586,0.5696202531645569,0.31645569620253167
Q_095,When does the insurer cover hospitalization expenses under this policy?,"I apologize, but I encountered an error while generating the answer. Please try rephrasing your question.","If during the policy period the insured person sustains bodily injury or contracts a disease or illness requiring hospitalization for medical or surgical treatment at a hospital or nursing home in India on the advice of a qualified medical practitioner, the company will indemnify the expenses reasonably and necessarily incurred up to the sum insured.","[""vii. The coverage is available only for treatments taken Code Excl 02 in India A. Expenses related to the treatment of the listed Note (applicable to Section-III Optional Covers): In Conditions, surgeries / treatments shall be excluded case if Insured opted optional cover/s which has a until the expiry of 24 months of continuous coverage waiting period, the waiting period will be calculated after the date of inception of the first policy with"", ""Basic Cover diseases, then the longer of the two waiting periods Organ Donor Expenses shall apply. Cumulative Bonus D. The waiting period for listed conditions shall apply"", ""once during the life time of the policy, if the same has Note: If the Pre-Existing Disease/s falls under the list of been prescribed by the treating Medical Practitioner specific disease waiting period (Exclusion No. 2 - Code Post Hospitalization for the same condition for which the Excl 02), the longer among the Pre-Existing Disease and"", ""Items as per List I will become payable If there is an i) This cover is available only If Delivery Expenses admissible claim under the policy for In-patient / Day Claim is paid under this policy (or) if Mother is Care Treatment. covered under this policy for a continuous period of (Exclusion No. 33 - Code Excl 37) as stated under this 12 months without break"", ""Disclosure to information norm: The policy shall be void and Illness: Illness means a sickness or a disease or pathological all premium paid thereon shall be forfeited to the Company condition leading to the impairment of normal physiological in the event of misrepresentation, mis-description or non- function and requires medical treatment; disclosure of any material fact by the Policy Holder. (a) Acute condition - Acute condition is a disease, illness or Domiciliary Hospitalization: Domiciliary hospitalization injury that is likely to respond quickly to treatment which means medical treatment for an illness / disease / injury aims to return the person to his or her state of health which in the normal course would require care and immediately before suffering the disease / illness / treatment at a hospital but is actually taken while confined injury which leads to full recovery at home under any of the following circumstances: (b) Chronic condition - A chronic condition is defined as i) the condition of the patient is such that he / she is not in a disease, illness, or injury that has one or more of the a condition to be removed to a hospital, or following characteristics; ii) the patient takes treatment at home on account of 1."", ""Note: iii) Maximum up to 4 deliveries are payable after taking this i) Benefit under this section is subject to a waiting period optional cover and payable while the policy is in force. of 24 months from the date of first commencement iv) Pre-hospitalization and Post Hospitalization expenses of Super Star Policy / from the time of opting this are not covered under this optional cover. optional cover (whichever is later) and its continuous New Born Cover: Hospitalization expenses for treatment renewal thereof with the Company. of new born is covered up to the limits (including for ii) There is no waiting period for subsequent deliveries twins/ triplets/ quadruplets) specified below incurred iii) Maximum up to 4 deliveries are payable after taking this in a hospital/ nursing home for Any disease, illness or optional cover and payable while the policy is in force accidental injuries are payable from Day 1 of its birth till iv) Pre-hospitalization and Post Hospitalization expenses the expiry date of the policy. are not covered under this optional cover. Limit of liability New Born Cover: Hospitalization expenses for treatment Sum Insured (Rs.)"", ""its scope and jurisdiction of license. i. Such Medical Expenses are incurred for the same Medically Necessary Treatment: Medically necessary condition for which the Insured Person\u2019s Hospitalization treatment means any treatment, tests, medication, or stay was required, and"", ""ii) has qualified medical practitioner/s in charge; period, if the premium is paid in instalments during the iii) has fully equipped operation theatre of its own where policy period surgical procedures are carried out; Hospital: A hospital means any institution established iv) maintains daily records of patients and will make these for in-patient care and day care treatment of illness and accessible to the insurance company\u2019s authorized / or injuries and which has been registered as a hospital personnel. with the local authorities under Clinical Establishments Day Care Treatment: Day care treatment means medical (Registration and Regulation) Act 2010 or under enactments treatment, and / or surgical procedure which is: specified under the Schedule of Section 56(1) of the said act i."", ""Policy Period / Policy year: Policy period / Policy year (iii) Surgeon, Anesthetist, Medical Practitioner, means a year following the commencement date and its Consultants, Specialist Fees subsequent annual anniversary (iv) Anesthesia, blood, oxygen, operation theatre Policy term: Policy term means the period between the charges, surgical appliances, medicines and drugs, commencement date and expiry date specified in the diagnostic materials and X-ray, diagnostic imaging schedule modalities, dialysis, chemotherapy, radiotherapy, cost of pacemaker, stent and similar expenses. Sum Insured: Sum Insured means the Sum Insured Opted for and for which the premium is paid. 2. Day Care Treatment: We will cover the Medical Expenses incurred in respect of All Day Care Treatments Shared Accommodation: Shared Accommodation means of the Insured Person during the Policy Period up to a room with two or more patient beds in a Hospital. the Sum Insured as specified in the Policy Schedule if such Day Care treatment requires hospitalization as an General Ward / Economy Ward: General Ward / Economy in-patient for less than 24 hours. Ward means room with three or more patient beds in a Hospital. 3."", ""grounds of non-disclosure, misrepresentation, except not made any claim, the Policyholder has the option to on grounds of established fraud. This period of sixty cancel his/her policy. This option is available in case of continuous months is called as moratorium period. policies with a term of one year or more. The moratorium would be applicable for the sums insured of the first policy. Wherever, the sum insured The Policyholder shall be entitled to a refund of is enhanced, completion of sixty continuous months the premium paid subject only to a deduction of a would be applicable from the date of enhancement of proportionate risk premium for the period of cover and sums insured only on the enhanced limits. the expenses, if any incurred by the Insurer on medical 12. Premium Payment in Instalments: lf the Policyholder examination of the proposer and stamp duty charges has opted for Payment of Premium on an installment"", ""usual place of residence recorded in the policy we will Person has opted for this optional cover, Insured will pay up to Rs.10,000/- per occurrence for an immediate get an additional Cumulative Bonus of 100% of expiring family member (other than travel companion) for or renewed Annual Sum Insured (whichever is lower) travel towards the place where the hospital is located at the end of each Policy Year irrespective of a claim provided if the hospitalization claim is admissible under in the Policy Year, provided that the Policy has been"", ""ICU Charges: ICU (Intensive Care Unit) Charges means the process of intimating a claim to the insurer or TPA through amount charged by a Hospital towards ICU expenses which shall include the expenses for ICU bed, general medical any of the recognized modes of communication. support services provided to any ICU patient including OPD treatment: OPD treatment means the one in which the monitoring devices, critical care nursing and intensivist Insured visits a clinic / hospital or associated facility like charges. a consultation room for diagnosis and treatment based Medical Advice: Medical Advice means any consultation or on the advice of a Medical Practitioner. The Insured is not advice from a Medical Practitioner including the issuance admitted as a day care or in-patient. of any prescription or follow-up prescription. Pre-Existing Disease: Pre-existing disease (PED) means Medical Expenses: Medical Expenses means those expenses that an Insured Person has necessarily and any condition, ailment, injury or disease: actually incurred for medical treatment on account of a) that is / are diagnosed by a physician not more than Illness or Accident on the advice of a Medical Practitioner, as 36 months prior to the date of commencement of the long as these are no more than would have been payable if policy issued by the insurer; or the Insured Person had not been insured and no more than b) for which medical advice or treatment was other hospitals or doctors in the same locality would have recommended by, or received from, a physician, charged for the same medical treatment. not more than 36 months prior to the date of Medical Practitioner: Medical Practitioner means a person"", ""with the specified critical illness / in case of death of 0 5,00,000 (NCB) the insured due to Accident, the premium waiver will"", ""3. This optional cover is applicable for the person Physical function already impaired of Sum specifically mentioned in the Schedule prior to accident Insured"", ""reserves the right to change the list by adding (i) Only the Initial waiting period of 30 days is or deleting the hospitals at its discretion. You are applicable for this benefit. requested to please visit our website www.starhealth. (ii) Premium for this optional cover will be collected in to find the updated list. for five years, If there is an admissible claim (ii) This optional cover will not be available for insured within the five years, we will deduct the balance""]","[""h) Stereotactic radio surgeries Company agrees as under. i) Bronchical Thermoplasty, If during the period stated in the Policy Schedule the j) Vaporisation of the prostate (Green laser treatment insured person sustains bodily injury or contracts any or holmium laser treatment) disease or suffer from any illness and if such disease or k) IONM-(Intra Operative Neuro Monitoring) injury shall require the Insured person, upon the advice of l) Stem cell therapy: Hematopoietic stem cells for bone a duly qualified Medical Practitioner to incur Hospitalization"", ""expenses for Medical / Surgical treatment at any Nursing Home / Hospital in India as an In-patient, the Company 6. AYUSH Treatment: Medical expenses for Inpatient will indemnify the Insured Person such expenses as are Hospitalization incurred on treatment under Ayurveda, Yoga and Naturopathy, Unani, Sidha and Homeopathy"", ""systems of medicines in a AYUSH Hospital is payable up but not exceeding the sum insured/ annual sum insured/ to the sum insured.""]",15,3,"[""Policy_Super_Star_V_3_80e5dd8988.pdf_241"", ""Policy_Super_Star_V_3_80e5dd8988.pdf_245"", ""Policy_Super_Star_V_3_80e5dd8988.pdf_221"", ""Policy_Super_Star_V_3_80e5dd8988.pdf_157"", ""Policy_Super_Star_V_3_80e5dd8988.pdf_14"", ""Policy_Super_Star_V_3_80e5dd8988.pdf_169"", ""Policy_Super_Star_V_3_80e5dd8988.pdf_25"", ""Policy_Super_Star_V_3_80e5dd8988.pdf_11"", ""Policy_Super_Star_V_3_80e5dd8988.pdf_36"", ""Policy_Super_Star_V_3_80e5dd8988.pdf_317"", ""Policy_Super_Star_V_3_80e5dd8988.pdf_229"", ""Policy_Super_Star_V_3_80e5dd8988.pdf_23"", ""Policy_Super_Star_V_3_80e5dd8988.pdf_66"", ""Policy_Super_Star_V_3_80e5dd8988.pdf_197"", ""Policy_Super_Star_V_3_80e5dd8988.pdf_155""]","[""Policy_Super_Star_V_3_80e5dd8988.pdf_41"", ""Policy_Super_Star_V_3_80e5dd8988.pdf_42"", ""Policy_Super_Star_V_3_80e5dd8988.pdf_43""]",,0.8232618391634459,1.0,0.0,0.0,0.0,0.75,0.0,0.08065018327871257,0.0009471179948844912,0.02816901408450704,0.02816901408450704
Q_096,What expenses are covered under in-patient treatment?,"Under this policy, the sum insured covers the following inpatient hospitalization-related benefits up to the amount specified in the policy schedule:

Room rent and boarding expenses are fully covered for any room type, including intensive care unit (ICU) charges, as long as the insured person is admitted for at least 24 hours. This includes nursing expenses and shared or general ward accommodations. The coverage applies to all medical expenses related to the stay, such as surgeon fees, anesthesia, operation theatre charges, surgical appliances, medicines, diagnostic tests (like X-rays), dialysis, chemotherapy, radiotherapy, and costs for devices like pacemakers or stents.

The policy also covers ambulance expenses for transporting the insured person to or between hospitals if medically necessary.","In-patient treatment covers medical expenses incurred during hospitalization including room rent, boarding and nursing expenses provided by the hospital or nursing home, and intensive care unit charges up to the sum insured specified in the policy schedule.","[""Medical Expenses incurred in respect of Hospitalization incurred for the following are payable:- of the Insured Person during the Policy Period, up to the i. for transportation of the insured person by private Sum Insured specified in the Policy Schedule against ambulance service to go to hospital when this is this In-Patient treatment: needed for medical reasons (i) Room Rent (Any Room), Boarding, Nursing Expenses or as provided by the Hospital / Nursing Home ii. for transportation of the insured person by private (ii) Intensive Care Unit (ICU) Charges ambulance service from one hospital to another SUPER STAR | UIN : SHAHLIP25036V012425 | POL / SS / V.4 / 2025 5 / 3 8"", ""Policy Period / Policy year: Policy period / Policy year (iii) Surgeon, Anesthetist, Medical Practitioner, means a year following the commencement date and its Consultants, Specialist Fees subsequent annual anniversary (iv) Anesthesia, blood, oxygen, operation theatre Policy term: Policy term means the period between the charges, surgical appliances, medicines and drugs, commencement date and expiry date specified in the diagnostic materials and X-ray, diagnostic imaging schedule modalities, dialysis, chemotherapy, radiotherapy, cost of pacemaker, stent and similar expenses. Sum Insured: Sum Insured means the Sum Insured Opted for and for which the premium is paid. 2. Day Care Treatment: We will cover the Medical Expenses incurred in respect of All Day Care Treatments Shared Accommodation: Shared Accommodation means of the Insured Person during the Policy Period up to a room with two or more patient beds in a Hospital. the Sum Insured as specified in the Policy Schedule if such Day Care treatment requires hospitalization as an General Ward / Economy Ward: General Ward / Economy in-patient for less than 24 hours. Ward means room with three or more patient beds in a Hospital. 3."", ""Aggregate Deductible: The aggregate of admissible Instalment: Instalment means frequency of Premium hospitalisation expenses in a policy year up to which the amount paid through Monthly / Quarterly / Half-yearly Company is not liable. mode by the Policy Holder / Insured Associated medical expenses: Associated medical In-patient treatment: In-patient treatment means an expenses means medical expenses such as Professional Insured Person who is admitted to Hospital and stays there fees, OT charges, Procedure charges, etc., which vary based for a minimum period of 24 hours for the sole purpose of on the room category occupied by the insured person whilst receiving treatment. SUPER STAR | UIN : SHAHLIP25036V012425 | POL / SS / V.4 / 2025 4 / 3 8""]","[""Medical Expenses incurred in respect of Hospitalization incurred for the following are payable:- of the Insured Person during the Policy Period, up to the i. for transportation of the insured person by private Sum Insured specified in the Policy Schedule against ambulance service to go to hospital when this is this In-Patient treatment: needed for medical reasons (i) Room Rent (Any Room), Boarding, Nursing Expenses or as provided by the Hospital / Nursing Home ii. for transportation of the insured person by private (ii) Intensive Care Unit (ICU) Charges ambulance service from one hospital to another SUPER STAR | UIN : SHAHLIP25036V012425 | POL / SS / V.4 / 2025 5 / 3 8""]",3,1,"[""Policy_Super_Star_V_3_80e5dd8988.pdf_46"", ""Policy_Super_Star_V_3_80e5dd8988.pdf_36"", ""Policy_Super_Star_V_3_80e5dd8988.pdf_35""]","[""Policy_Super_Star_V_3_80e5dd8988.pdf_46""]",,0.9999999999666667,1.0,0.7115408323133522,0.8888888888888888,0.5,1.0,1.0,0.8392551181573855,0.12968350221779937,0.3694267515923567,0.17834394904458598
Q_097,What types of treatments are included under assisted reproduction treatment?,"This policy covers certain assisted reproductive technologies and procedures under its infertility treatment benefits and maternity-related interventions. Specifically, it includes treatments like artificial insemination (including intrauterine insemination or IUI), in-vitro fertilization (IVF), zygote intrafallopian transfer (ZIFT), gamete intrafallopian transfer (GIFT), and intracytoplasmic sperm injection (ICSI). It also covers testicular or epididymal sperm aspiration/extraction (TESA/TESE). These procedures are covered as part of assisted reproduction services, but some exclusions may apply, such as charges for artificial records or telephone services. The policy also allows for limited hospital-related expenses after discharge if they are related to the same condition that required hospitalization for these treatments.","Assisted reproduction treatment includes Intra Uterine Insemination (IUI), Intra-Cytoplasmic Sperm Injection (ICSI), In-Vitro Fertilisation (IVF), and TESA or TESE procedures involving testicular or epididymal sperm aspiration or extraction.","[""b. Assisted Reproduction services including artificial record charges, telephone charges and such other insemination and advanced reproductive charges - Code Excl 34 technologies such as IVF, ZIFT, GIFT, ICSI"", ""Medical Expenses means medical expenses incurred during pre-defined number of days immediately after the insured Assisted Reproduction Treatment: Assisted Reproduction person is discharged from the hospital provided that: Treatment means Intra UterineInsemination (IUI), i. Such Medical Expenses are for the same condition for which Intra-Cytoplasmic Sperm Injection (ICSI), In-Vitro the insured person\u2019s hospitalization was required, and Fertilisation(IVF) and TESA / TESE (Testicular / Epididymal ii. The inpatient hospitalization claim for such Sperm Aspiration / Extraction) hospitalization is admissible by the insurance company."", ""5. Treatment undergone for second or subsequent \u201cTable of Benefits \u2013 B1\u201d, depending upon the degree of pregnancies except where the child from the first disablement provided that; delivery / previous deliveries is/are not alive at the a) The disablement occurs within 12 Calendar months time of treatment from the date of the Accident 6. Payment for services rendered to a surrogate b) The disablement is confirmed and claimed for, prior 7. Costs associated with cryopreservation and storage to the expiry of a period of 60 days since occurrence of sperm, eggs and embryos of the disablement SUPER STAR | UIN : SHAHLIP25036V012425 | POL / SS / V.4 / 2025 14 / 3 8""]","[""Portability: Portability means a facility provided to the health undergoing treatment in some of the hospitals. If Policy insurance policyholders (including all members under Holder chooses a higher room category above the eligibility family cover), to transfer the credits gained for, pre-existing defined in policy, then proportionate deduction will apply diseases and specific waiting periods from one insurer to on the Associated Medical Expenses in addition to the another insurer. difference in room rent. Such associated medical expenses do not include Cost of pharmacy and consumables, Cost Post-hospitalization Medical Expenses: Post-hospitalization of implants and medical devices and Cost of diagnostics. Medical Expenses means medical expenses incurred during pre-defined number of days immediately after the insured Assisted Reproduction Treatment: Assisted Reproduction person is discharged from the hospital provided that: Treatment means Intra UterineInsemination (IUI), i."", ""Medical Expenses means medical expenses incurred during pre-defined number of days immediately after the insured Assisted Reproduction Treatment: Assisted Reproduction person is discharged from the hospital provided that: Treatment means Intra UterineInsemination (IUI), i. Such Medical Expenses are for the same condition for which Intra-Cytoplasmic Sperm Injection (ICSI), In-Vitro the insured person\u2019s hospitalization was required, and Fertilisation(IVF) and TESA / TESE (Testicular / Epididymal ii. The inpatient hospitalization claim for such Sperm Aspiration / Extraction) hospitalization is admissible by the insurance company.""]",3,2,"[""Policy_Super_Star_V_3_80e5dd8988.pdf_271"", ""Policy_Super_Star_V_3_80e5dd8988.pdf_28"", ""Policy_Super_Star_V_3_80e5dd8988.pdf_193""]","[""Policy_Super_Star_V_3_80e5dd8988.pdf_27"", ""Policy_Super_Star_V_3_80e5dd8988.pdf_28""]",,0.49999999995,1.0,0.7436670801300219,0.7692307692307693,0.5,1.0,1.0,0.745138386005229,0.008750983231832283,0.35036496350364965,0.2335766423357664
Q_098,What requirements must be met for home care treatment to be allowed?,"To qualify for coverage of skilled home healthcare services under the policy’s home nursing benefits, the treatment must be medically necessary and provided at home instead of a hospital. The insured person must have a continuous treatment plan approved by a doctor, with daily monitoring and records kept. The treatment should not be experimental or unproven. The policy also requires that the care is part of an ongoing treatment plan linked to a hospital or day care center, and the doctor must confirm the need for home care in writing.","Home care treatment is allowed when a medical practitioner advises the insured to undergo treatment at home, there is continuous monitoring of the patient’s health status by a medical practitioner throughout the treatment period, and a daily monitoring chart with treatment records signed by the treating doctor is maintained.","[""home care treatment : home care treatment means renewed without any break. treatment availed by the insured person at home, which surgery or surgical procedure : surgery or surgical in normal course would require care and treatment at a procedure means manual and / or operative procedure ( s ) hospital but is actually taken at home provided that : required for treatment of an illness or injury, correction of a ) the medical practitioner advices the insured person to deformities and defects, diagnosis and cure of diseases, undergo treatment at home relief from suffering and prolongation of life, performed in a b ) there is a continuous active line of treatment with hospital or day care centre by a medical practitioner. monitoring of the health status by a medical practitioner unproven / experimental treatment : unproven / for each day through the duration of the home care experimental treatment means the treatment including treatment drug experimental therapy which is not based on c ) daily monitoring chart including records of treatment established medical practice in india, is treatment administered duly signed by the treating doctor is experimental or unproven. maintained s p e c i f i c d e f i n i t i o n s insured person : insured"", ""i. Custodial care either at home or in a nursing facility for personal care such as help with activities of daily clinics, spas or similar establishments or private living such as bathing, dressing, moving around either beds registered as a nursing home attached to such by skilled nurses or assistant or nonskilled persons establishments or where admission is arranged wholly ii. Any services for people who are terminally ill to address or partly for domestic reasons \u2013 Code Excl 13 physical, social, emotional and spiritual needs""]","[""home care treatment : home care treatment means renewed without any break. treatment availed by the insured person at home, which surgery or surgical procedure : surgery or surgical in normal course would require care and treatment at a procedure means manual and / or operative procedure ( s ) hospital but is actually taken at home provided that : required for treatment of an illness or injury, correction of a ) the medical practitioner advices the insured person to deformities and defects, diagnosis and cure of diseases, undergo treatment at home relief from suffering and prolongation of life, performed in a b ) there is a continuous active line of treatment with hospital or day care centre by a medical practitioner. monitoring of the health status by a medical practitioner unproven / experimental treatment : unproven / for each day through the duration of the home care experimental treatment means the treatment including treatment drug experimental therapy which is not based on c ) daily monitoring chart including records of treatment established medical practice in india, is treatment administered duly signed by the treating doctor is experimental or unproven. maintained s p e c i f i c d e f i n i t i o n s insured person : insured"", ""a) The Medical practitioner advises the Insured person Person can obtain a Second Medical Opinion from a to undergo treatment at home Doctor in the Company\u2019s network of Medical Practitioners b) There is a continuous active line of treatment practicing in India. All the medical records provided by with monitoring of the health status by a medical the Insured Person will be submitted to the Doctor chosen practitioner for each day through the duration of the by him / her online and the medical opinion will be made home care treatment available directly to the Insured by the Doctor.""]",2,2,"[""Policy_Super_Star_V_3_80e5dd8988.pdf_33"", ""Policy_Super_Star_V_3_80e5dd8988.pdf_265""]","[""Policy_Super_Star_V_3_80e5dd8988.pdf_33"", ""Policy_Super_Star_V_3_80e5dd8988.pdf_55""]",,0.9999999999,1.0,0.6719910382877231,0.7142857142857143,0.5,1.0,1.0,0.6881931636896513,0.020656310227389625,0.41134751773049644,0.21276595744680848
Q_099,When are AYUSH treatment expenses payable under the policy?,"Under your health insurance policy, **AYUSH treatment-related consultation charges, inpatient hospitalization expenses, and pharmaceutical costs** are eligible for reimbursement under specific conditions and after a waiting period. AYUSH treatments include Ayurveda, Yoga and Naturopathy, Unani, Siddha, and Homeopathy.

First, the coverage applies only if the treatment is for an **inpatient stay** at a registered hospital or nursing home that has dedicated AYUSH therapy sections, an operation theatre (if surgical procedures are involved), and maintains proper patient records. Day care treatments (non-inpatient) under AYUSH are not covered unless they require hospitalization for less than 24 hours, but even then, they are subject to prior approval for Yoga and Naturopathy treatments.

For **inpatient hospitalization expenses**, the policy covers medical and surgical costs, including medicines, drugs, and other related charges, as long as the treatment is for a covered condition. However, there is a **24-month waiting period** for treatments related to specified conditions (including AYUSH inpatient treatments) if the insured person has opted for optional covers with their own waiting periods. This waiting period starts from the date of the first policy inception, not the current policy’s start date.

Additionally, Yoga and Naturopathy treatments require **prior approval** from the insurer before expenses are reimbursed.","Medical expenses for inpatient hospitalization incurred on treatment under Ayurveda, Yoga and Naturopathy, Unani, Siddha and Homeopathy systems in an AYUSH hospital are payable up to the sum insured.","[""expenses for Medical / Surgical treatment at any Nursing Home / Hospital in India as an In-patient, the Company 6. AYUSH Treatment: Medical expenses for Inpatient will indemnify the Insured Person such expenses as are Hospitalization incurred on treatment under Ayurveda, Yoga and Naturopathy, Unani, Sidha and Homeopathy"", ""vii. The coverage is available only for treatments taken Code Excl 02 in India A. Expenses related to the treatment of the listed Note (applicable to Section-III Optional Covers): In Conditions, surgeries / treatments shall be excluded case if Insured opted optional cover/s which has a until the expiry of 24 months of continuous coverage waiting period, the waiting period will be calculated after the date of inception of the first policy with"", ""Having dedicated AYUSH therapy sections as involuntary event caused by external, visible and violent means. required and / or has equipped operation theatre where surgical procedures are to be carried out; Any one illness: Any one illness means continuous period of illness and includes relapse within 45 days from the date iv. Maintaining daily records of the patients and making of last consultation with the Hospital / Nursing Home where them accessible to the insurance company\u2019s treatment was taken. authorized representative. AYUSH Day Care Centre: AYUSH Day Care Centre means AYUSH Treatment: AYUSH treatment refers to the medical and includes Community Health Centre (CHC), Primary and / or hospitalization treatments given under Ayurveda, Health Centre (PHC), Dispensary, Clinic, Polyclinic or Yoga and Naturopathy, Unani, Siddha and Homeopathy any such health centre which is registered with the local systems. authorities, wherever applicable and having facilities for Break in policy: Break in policy means the period of gap carrying out treatment procedures and medical or surgical that occurs at the end of the existing policy term/instalment / para-surgical interventions or both under the supervision premium due date, when the premium due for renewal on of registered AYUSH Medical Practitioner (s) on day care a given policy or instalment premium due is not paid on or basis without in-patient services and must comply with all before the premium renewal date or Grace Period."", ""Policy Period / Policy year: Policy period / Policy year (iii) Surgeon, Anesthetist, Medical Practitioner, means a year following the commencement date and its Consultants, Specialist Fees subsequent annual anniversary (iv) Anesthesia, blood, oxygen, operation theatre Policy term: Policy term means the period between the charges, surgical appliances, medicines and drugs, commencement date and expiry date specified in the diagnostic materials and X-ray, diagnostic imaging schedule modalities, dialysis, chemotherapy, radiotherapy, cost of pacemaker, stent and similar expenses. Sum Insured: Sum Insured means the Sum Insured Opted for and for which the premium is paid. 2. Day Care Treatment: We will cover the Medical Expenses incurred in respect of All Day Care Treatments Shared Accommodation: Shared Accommodation means of the Insured Person during the Policy Period up to a room with two or more patient beds in a Hospital. the Sum Insured as specified in the Policy Schedule if such Day Care treatment requires hospitalization as an General Ward / Economy Ward: General Ward / Economy in-patient for less than 24 hours. Ward means room with three or more patient beds in a Hospital. 3."", ""treatment will be payable subject to prior approval from""]","[""expenses for Medical / Surgical treatment at any Nursing Home / Hospital in India as an In-patient, the Company 6. AYUSH Treatment: Medical expenses for Inpatient will indemnify the Insured Person such expenses as are Hospitalization incurred on treatment under Ayurveda, Yoga and Naturopathy, Unani, Sidha and Homeopathy"", ""systems of medicines in a AYUSH Hospital is payable up but not exceeding the sum insured/ annual sum insured/ to the sum insured.""]",5,2,"[""Policy_Super_Star_V_3_80e5dd8988.pdf_42"", ""Policy_Super_Star_V_3_80e5dd8988.pdf_241"", ""Policy_Super_Star_V_3_80e5dd8988.pdf_3"", ""Policy_Super_Star_V_3_80e5dd8988.pdf_36"", ""Policy_Super_Star_V_3_80e5dd8988.pdf_44""]","[""Policy_Super_Star_V_3_80e5dd8988.pdf_42"", ""Policy_Super_Star_V_3_80e5dd8988.pdf_43""]",,0.9999999999666667,1.0,0.8310525224995661,0.6923076923076923,0.5,1.0,1.0,0.798886875073923,0.03407192589506109,0.18803418803418803,0.15384615384615385
Q_100,When does the automatic restoration of sum insured occur and how can it be used?,"This policy allows the sum insured (the maximum amount the insurer will pay for your medical claims in a year) to be automatically restored (brought back to its original amount) after you use part of it for hospitalization due to illness or injury. This happens automatically whenever you partially or fully use the sum insured for a valid claim. For example, if your sum insured is 10,00,000 and you use 5,00,000 for a claim, the remaining 5,00,000 will be restored to bring the total back to 10,00,000. This restoration can happen multiple times, up to 100% of the original sum insured each time, as long as you meet the conditions for a valid claim. The restored amount can be used again for future hospitalizations or treatments covered under the policy. However, if you are diagnosed with a critical illness (listed in Annexure - I) or die due to an accident, the restored sum insured cannot be carried forward to the next policy year. Also, this automatic restoration does not apply to policies with unlimited sum insured.","The sum insured is restored automatically when it is partially or fully utilized, up to 100% each time, and the restored amount can be used for a subsequent hospitalization.","[""different illness) provides automatic restoration of sum insured subject"", ""\u2022 The unutilized restored sum insured cannot be who is also an insured is diagnosed (first diagnosis) with any of the critical illness specified under Annexure - I (or) carried forward to the next policy year. in case of Death of insured due to Accident, Premium will \u2022 This benefit is not applicable to policies with be waived off during renewal for the next one policy year Unlimited Sum insured. and such premium waiver will be given up to the expiring sum insured and optional covers (if opted) once in a life Unlimited Restoration \u2013 illustration"", ""10,00,000 15,00,000 \u2022 Sum Insured will be restored unlimited number of 2nd amount times and maximum up to 100% each time, which Claim Will the restoration can be utilized for a subsequent hospitalization. kick in? 10,00,000 10,00,000 \u2022 The restoration will trigger immediately upon partial Yes, Why \u2013 Since (Restored (Restored / full utilization of the sum insured, which can be there is full utilization Sum Insured) Sum Insured) utilized for a subsequent hospitalization. of Sum Insured. 10,00,000 10,00,000 \u2022 On partial utilization of the Sum Insured, it will be Available amount for next restored up to extent of utilization. (SI is Restored (SI Restored"", ""\u2022 The Restored Sum Insured can be used for all \u2022 Utilizing this facility alone will not amount to making claims including for modern treatment, but for a"", ""shall be allowed to examine the Insured Person in case bonus (if applicable), automatic restoration of any alleged injury or diseases requiring Hospitalization benefit (if applicable) is for each of the year, when and as often as the same may reasonably be without any carry over benefit thereof. The said required on behalf of the Company at Company\u2019s cost. benefits / covers available for the 2nd or 3rd or 4th or 5th year cannot be utilized in the 1st year itself. 21. M idterm Inclusion of Newly Married Spouse, Legally The terms, conditions and exceptions that appear adopted child and New Born baby is Permissible on in the Policy or in any Endorsement are part of the payment of proportionate premium subject to the contract, must be complied with and applies to""]","[""different illness) provides automatic restoration of sum insured subject"", ""10,00,000 15,00,000 \u2022 Sum Insured will be restored unlimited number of 2nd amount times and maximum up to 100% each time, which Claim Will the restoration can be utilized for a subsequent hospitalization. kick in? 10,00,000 10,00,000 \u2022 The restoration will trigger immediately upon partial Yes, Why \u2013 Since (Restored (Restored / full utilization of the sum insured, which can be there is full utilization Sum Insured) Sum Insured) utilized for a subsequent hospitalization. of Sum Insured. 10,00,000 10,00,000 \u2022 On partial utilization of the Sum Insured, it will be Available amount for next restored up to extent of utilization. (SI is Restored (SI Restored""]",5,2,"[""Policy_Super_Star_V_3_80e5dd8988.pdf_74"", ""Policy_Super_Star_V_3_80e5dd8988.pdf_62"", ""Policy_Super_Star_V_3_80e5dd8988.pdf_75"", ""Policy_Super_Star_V_3_80e5dd8988.pdf_58"", ""Policy_Super_Star_V_3_80e5dd8988.pdf_335""]","[""Policy_Super_Star_V_3_80e5dd8988.pdf_74"", ""Policy_Super_Star_V_3_80e5dd8988.pdf_75""]",,0.3333333333,1.0,0.7520397282450367,0.9090909090909091,0.75,1.0,1.0,0.8456970534329711,0.024821791390540887,0.2358490566037736,0.1981132075471698
