question_id,user_input,response,reference,retrieved_contexts,reference_contexts,retrieved_contexts_count,reference_contexts_count,retrieved_context_ids,reference_context_ids,errors,context_precision,context_recall,response_relevancy,faithfulness,answer_accuracy,context_relevance,response_groundedness,semantic_similarity,bleu_score,rouge1,rougeL
Q_001,What does the policy mean by an accident?,"Accidental bodily injury means accidental physical bodily harm excluding illness or disease solely and directly caused by external, violent, visible and evident means which is verified and certified by a Medical Practitioner.","An Accident means sudden, unforeseen and involuntary event caused by external, visible and violent means.","[""Injury means Accidental physical bodily harm excluding Illness or disease solely and directly caused by external, violent, visible and evident means which is verified and certified by a Medical Practitioner."", ""An Accident means sudden, unforeseen and involuntary event caused by external, visible and violent means.""]","[""An Accident means sudden, unforeseen and involuntary event caused by external, visible and violent means.""]",2,1,"[""BAJHLIP23020V012223.pdf_25"", ""BAJHLIP23020V012223.pdf_2""]","[""BAJHLIP23020V012223.pdf_2""]",,0.49999999995,1.0,0.6417796556386063,1.0,0.5,1.0,1.0,0.6192895747807322,0.10939951745121487,0.3829787234042553,0.3404255319148936
Q_002,What is considered “any one illness” under this policy?,"Expenses related to the treatment of a single disease or condition listed under specified disease/procedure waiting period shall be excluded until the expiry of 24 months of continuous coverage after the date of inception of the first Global Health Care Policy. This exclusion does not apply if claims arise due to an Accident. If the disease or condition also falls under the waiting period for pre-existing diseases, the pre-existing waiting period rules will apply.",Any one Illness means continuous Period of Illness and it includes relapse within 45 days from the date of last consultation with the Hospital/Nursing Home where treatment was taken.,"[""a. Expenses related to the treatment of the listed Conditions, surgeries/treatments shall be excluded until the expiry of 24 months of continuous coverage after the date of inception of the first Global Health Care Policy with Us. This exclusion shall not be applicable for claims arising due to an Accident. b. In case of enhancement of Sum Insured the exclusion shall apply afresh to the extent of Sum Insured increase. c. If any of the specified disease/procedure falls under the waiting period specified for Pre-Existing diseases,"", ""a. Expenses related to the treatment of the listed Conditions, surgeries/treatments shall be excluded until the expiry of 24 months of continuous coverage after the date of inception of the first Global Health Care Policy with Us. This exclusion shall not be applicable for claims arising due to an Accident. b. In case of enhancement of Sum Insured the exclusion shall apply afresh to the extent of Sum Insured increase. c. If any of the specified disease/procedure falls under the waiting period specified for Pre-Existing diseases,""]","[""Any one Illness means continuous Period of Illness and it includes relapse within 45 days from the date of last consultation with the Hospital/Nursing Home where treatment was taken.""]",2,1,"[""BAJHLIP23020V012223.pdf_209"", ""BAJHLIP23020V012223.pdf_251""]","[""BAJHLIP23020V012223.pdf_3""]",,0.99999999995,0.0,0.5472102024114757,1.0,0.0,0.0,1.0,0.44672597213156096,0.04053984634069604,0.14953271028037385,0.11214953271028039
Q_003,What is a cashless facility in this insurance policy?,"The cashless hospitalization facility operates as follows:
1. Cashless treatment is available only at Network Hospitals. Pre-authorization must be obtained by intimating the insurer in writing 48 hours before planned hospitalization or immediately within 24 hours for emergencies.
2. For planned treatment, submit a request for pre-authorization via written form. Upon approval, present the authorization letter, ID card, and any specified documentation to the Network Hospital at admission.
3. The insurer directly pays the Network Hospital for covered expenses under Section AI-Inpatient Hospitalization Treatment. Original bills and treatment evidence remain with the hospital.
4. Pre-authorization does not guarantee full coverage; the insurer reviews claims and determines coverage based on policy terms.
5. In emergencies, written intimation must be given within 24 hours.
6. Coverage is up to the Sum Insured for inpatient hospitalization.",Cashless Facility means a facility extended by the Insurer to the Insured where the payments of the costs of treatment undergone by the Insured are directly made to the Network Provider by the Insurer to the extent pre-authorization is approved.,"[""Cashless Facility means a facility extended by the Insurer to the Insured where the payments, of the costs of treatment undergone by the Insured in accordance with the Policy terms and conditions, are directly made to the Network Provider by the Insurer to the extent pre-authorization is approved."", ""A. Cashless Claims Procedure: Cashless treatment is only available at Network Hospitals. In order to avail of cashless treatment, the following"", ""If the procedure above is followed, You will not be required to directly pay for the bill amount in the Network Hospital that We are liable under Section AI-Inpatient Hospitalization Treatment above and the original bills and evidence of treatment in respect of the same shall be left with the Network Hospital. Pre-authorisation does not guarantee that all costs and expenses will be covered. We reserve the right to review each claim for Medical Expenses and accordingly coverage will be determined according to the terms and conditions of this Policy. iv. In case any treatment or procedure is to be taken on an Emergency basis, You or Your representative must intimate Us in writing immediately within 24 hours of Hospitalization. B. Reimbursement Claims Procedure: If Pre-authorisation as per Cashless Claims Procedure above is denied by Us or if treatment is taken in a Hospital other than a Network Hospital or if You do not wish to avail Cashless Facility, then: i. You or someone claiming on Your behalf must inform Us in writing immediately within 48 hours of Hospitalization in case of Emergency Hospitalization and 48 hours prior to Hospitalization in case of planned Hospitalization ii."", ""Follow the steps below so We can look after the details \u2013 while You concentrate on getting better. Check Your level of cover First, check that Your plan covers the treatment You are seeking. Your Table of Benefits will confirm what is covered. However, You can always call Our Helpline if You have any queries. 24/7 International Helpline number +353 1 630 1301 Some treatments require Our pre-approval Certain benefits under this policy for International Cover would require You to seek pre-approval at least 72 hours prior to admission or availing the benefit in case of planned treatments. The pre-approval process helps Us assess each case, organize everything with the Hospital before Your arrival and make direct payment of Your Hospital bill easier, where possible. If You make a claim without obtaining Our pre-approval the following will apply: i. If the treatment received is subsequently proven to be medically unnecessary, We reserve the right to decline Your claim in accordance with the policy terms and conditions ii. If the treatment is subsequently proven to be medically necessary, we will process the claim basis on reasonable and customary expenses up to 80% of the coverage, subject to the policy terms and conditions."", ""i. For planned treatment or Hospitalization, prior to taking treatment and/or incurring Medical Expenses at a Network Hospital, You or Your representative must intimate Us 48 hours before the planned Hospitalization and request pre-authorisation by way of the written form. ii. After considering Your request and after obtaining any further information or documentation We have sought, We may, if satisfied, send You or the Network Hospital, an authorisation letter. The authorisation letter, the ID card issued to You along with this Policy and any other information or documentation that We have specified must be produced to the Network Hospital identified in the pre-authorization letter at the time of Your admission to the same. iii. If the procedure above is followed, You will not be required to directly pay for the bill amount in the Network Hospital that We are liable under Section AI-Inpatient Hospitalization Treatment above and the original bills and evidence of treatment in respect of the same shall be left with the Network Hospital. Pre-authorisation does not guarantee that all costs and expenses will be covered."", ""In-patient Hospitalization Up to Sum Insured""]","[""Cashless Facility means a facility extended by the Insurer to the Insured where the payments, of the costs of treatment undergone by the Insured in accordance with the Policy terms and conditions, are directly made to the Network Provider by the Insurer to the extent pre-authorization is approved.""]",6,1,"[""BAJHLIP23020V012223.pdf_8"", ""BAJHLIP23020V012223.pdf_367"", ""BAJHLIP23020V012223.pdf_369"", ""BAJHLIP23020V012223.pdf_381"", ""BAJHLIP23020V012223.pdf_368"", ""BAJHLIP23020V012223.pdf_130""]","[""BAJHLIP23020V012223.pdf_8""]",,0.7555555555303703,1.0,0.7071955067737183,1.0,0.25,1.0,1.0,0.7136694100961578,0.001361919386333735,0.28089887640449435,0.17977528089887643
Q_004,What does co-payment mean in this health insurance policy?,"You shall bear 20% of the admissible claim amount for consultation charges, diagnostic tests, or inpatient hospitalization expenses under the shared cost obligation clause.",A Co-Payment means a cost-sharing requirement under a health insurance Policy that provides that the Policyholder/Insured will bear a specified percentage of the admissible claim amount and it does not reduce the Sum Insured.,"[""A Co-Payment means a cost-sharing requirement under a health insurance Policy that provides that the Policyholder/Insured will bear a specified percentage of the admissible claim amount. A Co-Payment does not reduce the Sum Insured."", ""a. You shall bear 20% of Co-Payment for each and every claim payable under Section C Part B III- Dental Plan Benefits (Optional cover) and Our liability, if any, shall only be in excess of that sum. b. If opted, an aggregate Deductible as specified in the Policy Schedule will apply for expenses under Inpatient"", ""If You consult a consultant/Medical Practitioner on Outpatient basis for the Illness/ Injury contracted during the Policy Period, We will pay You Out Patient expenses up to the limits specified in the Policy Schedule for a. Medical Practitioner fees b. Specialist fees c. Diagnostic tests d. Prescription drugs""]","[""A Co-Payment means a cost-sharing requirement under a health insurance Policy that provides that the Policyholder/Insured will bear a specified percentage of the admissible claim amount. A Co-Payment does not reduce the Sum Insured.""]",3,1,"[""BAJHLIP23020V012223.pdf_11"", ""BAJHLIP23020V012223.pdf_347"", ""BAJHLIP23020V012223.pdf_174""]","[""BAJHLIP23020V012223.pdf_11""]",,0.99999999995,1.0,0.32496291222756757,0.6,0.5,1.0,0.5,0.5217585515241097,0.10499291531675065,0.3278688524590164,0.22950819672131148
Q_005,What is the definition of congenital anomaly in this policy?,"Congenital anomalies are defined as conditions present since birth that are abnormal in form, structure, or position. Coverage for congenital anomalies is not explicitly excluded for newborn babies under the policy, but pre-existing diseases diagnosed or treated within 48 months prior to the policy’s effective date are generally not covered unless declared and accepted by the insurer. Maternity, pregnancy, childbirth, and related complications are excluded from coverage.","Congenital Anomaly means a condition which is present since birth and is abnormal with reference to form, structure or position. It may be internal (not visible or accessible parts of the body) or external (visible and accessible parts of the body).","[""Congenital Anomaly means a condition which is present since birth, and which is abnormal with reference to form, structure or position. a. Internal Congenital Anomaly- Congenital Anomaly which is not in the visible and accessible parts of the body b. External Congenital Anomaly- Congenital Anomaly which is in the visible and accessible parts of the body"", ""Pre-Existing Disease means any condition, ailment or Injury or disease a. That is/are diagnosed by a physician within 48 months prior to the effective date of the Policy issued by the insurer or b. For which medical advice or treatment was recommended by, or received from, a physician within 48 months prior to the effective date of the Policy or its reinstatement."", ""New Born Baby means baby born during the Policy Period and is aged up to 90 days."", ""d. Coverage under the Policy after the expiry of 36 months for any Pre-Existing Disease is subject to the same being declared at the time of application and accepted by Insurer."", ""Cover is not provided for curative or follow-up non-Emergency treatment, even if You are deemed unable to travel to a country within Your geographical area of cover. Nor does it extend to charges relating to maternity, pregnancy, childbirth or any complications of pregnancy or childbirth. This cover is subject to the Sum Insured, sub-limits, terms, conditions and definitions, exclusions contained or""]","[""Congenital Anomaly means a condition which is present since birth, and which is abnormal with reference to form, structure or position. a. Internal Congenital Anomaly- Congenital Anomaly which is not in the visible and accessible parts of the body b. External Congenital Anomaly- Congenital Anomaly which is in the visible and accessible parts of the body""]",5,1,"[""BAJHLIP23020V012223.pdf_10"", ""BAJHLIP23020V012223.pdf_43"", ""BAJHLIP23020V012223.pdf_38"", ""BAJHLIP23020V012223.pdf_208"", ""BAJHLIP23020V012223.pdf_161""]","[""BAJHLIP23020V012223.pdf_10""]",,0.9999999999,0.5,0.8244112787644555,0.8333333333333334,0.5,1.0,1.0,0.7335091979522563,0.13704984223580438,0.3454545454545454,0.2909090909090909
Q_006,What qualifies as a day care centre according to the policy?,"A Day Care Centre means any institution established for Day Care Treatment of Illness and/or injuries or a medical set-up with a Hospital and which has been registered with the local authorities, wherever applicable, and is under supervision of a registered and qualified Medical Practitioner. It must comply with the following minimum criteria: has qualified nursing staff under its employment, has qualified Medical Practitioner(s) in charge, has a fully equipped operation theatre of its own where surgical procedures are carried out, and maintains daily records of patients accessible to the Insurance Company’s authorized personnel.","A Day Care Centre means an institution established for Day Care Treatment of illness or injuries or a medical set-up with a hospital which is registered with local authorities, under supervision of a qualified Medical Practitioner, has qualified nursing staff, its own fully equipped operation theatre for surgical procedures and maintains daily patient records accessible to the insurer’s authorized personnel.","[""A Day Care Centre means any institution established for Day Care Treatment of Illness and / or injuries or a medical set -up with a Hospital and which has been registered with the local authorities, wherever applicable, and is under supervision of a registered and qualified Medical Practitioner AND must comply with all minimum criterion as under:- i. has qualified nursing staff under its employment ii. has qualified Medical Practitioner (s) in charge iii. has a fully equipped operation theatre of its own where surgical procedures are carried out iv. maintains daily records of patients and will make these accessible to the Insurance Company\u2019s authorized personnel."", ""A Hospital means any institution established for Inpatient care and Day Care Treatment of Illness and/or injuries and which has been registered as a Hospital with the local authorities under the Clinical Establishments (Registration and Regulation) Act, 2010 OR under the enactments specified under the Schedule of Section 56(1)""]","[""A Day Care Centre means any institution established for Day Care Treatment of Illness and / or injuries or a medical set -up with a Hospital and which has been registered with the local authorities, wherever applicable, and is under supervision of a registered and qualified Medical Practitioner AND must comply with all minimum criterion as under:- i. has qualified nursing staff under its employment ii. has qualified Medical Practitioner (s) in charge iii. has a fully equipped operation theatre of its own where surgical procedures are carried out iv. maintains daily records of patients and will make these accessible to the Insurance Company\u2019s authorized personnel.""]",2,1,"[""BAJHLIP23020V012223.pdf_13"", ""BAJHLIP23020V012223.pdf_20""]","[""BAJHLIP23020V012223.pdf_13""]",,0.9999999999,1.0,0.7769051553734597,1.0,0.75,1.0,1.0,0.96558763324444,0.33000749003140506,0.75,0.7124999999999999
Q_007,How does the policy define emergency care?,"Emergency treatment coverage applies to treatment commencing within 24 hours of an emergency event, defined as management for an illness or injury causing sudden, unexpected symptoms requiring immediate care by a medical practitioner to prevent death or serious long-term impairment. The emergency condition must be certified by the medical practitioner, and claims are payable only if accepted under ""In-patient Hospitalization Treatment"" or ""Day Care Procedures."" You must inform the insurer in writing within 48 hours of hospitalization and follow the medical practitioner’s advice. For treatment outside the area of cover, coverage is provided for up to six weeks per trip, limited to the maximum benefit amount or sum insured, with treatment starting within 24 hours of the emergency event. Documentation requirements include certification of a life-threatening condition by a medical practitioner and adherence to claim submission timelines.",Emergency care means management for an illness or injury with symptoms that occur suddenly and unexpectedly and requires immediate care by a Medical Practitioner to prevent death or serious long term impairment of the insured person’s health.,"[""Emergency Treatment shall be accordingly taken/interpreted as per definition of Emergency Care read with this definition. Provided however only treatment commencing within 24 hours of the Emergency event will be covered."", ""Emergency care means management for an Illness or Injury which results in symptoms which occur suddenly and unexpectedly, and requires immediate care by a Medical Practitioner to prevent death or serious long term impairment of the Insured person\u2019s health."", ""Emergency treatment outside area of cover is treatment for medical emergencies which occur during business or holiday trips outside Your area of cover. Cover is provided for up to six weeks per trip within the maximum benefit amount. It includes treatment required due to an Accident or the sudden beginning or worsening of a severe Illness which presents an immediate threat to Your health. Treatment by a Doctor must start within 24 hours of the Emergency event. Cover is not provided for curative or follow-up non-Emergency treatment, even if You are deemed unable to travel to a country within Your geographical area of cover. Nor does it extend to charges relating to maternity, pregnancy, childbirth or any complications of pregnancy or childbirth. You must tell Us if You are going to be outside Your area of cover for more than six weeks."", ""i. Such life threatening Emergency condition is certified by the Medical Practitioner, and ii. We have accepted Your Claim under \""In-patient Hospitalization Treatment\"" or \""Day Care Procedures\"""", ""You or someone claiming on Your behalf must inform Us in writing immediately within 48 hours of Hospitalization in case of Emergency Hospitalization and 48 hours prior to Hospitalization in case of planned Hospitalization ii. You must immediately consult a Medical Practitioner and follow the advice and treatment that he recommends. iii. You must take reasonable steps or measures to minimize the quantum of any claim that may be made under this"", ""12. Emergency treatment outside area of cover (Applicable to Imperial Plus Plan only if \u201cExcluding USA\u201d cover is opted) We will pay the Customary and Reasonable expenses, up to the limit specified in the Policy Schedule, incurred for treatment of medical emergencies which occur during business or holiday trips outside Your area of cover. Cover is provided for up to six weeks per trip within the Sum Insured limit. It includes treatment required due to an Accident or the sudden beginning or worsening of a severe Illness which presents an immediate threat to Your health. Treatment by a Doctor must start within 24 hours of the Emergency event.""]","[""Emergency care means management for an Illness or Injury which results in symptoms which occur suddenly and unexpectedly, and requires immediate care by a Medical Practitioner to prevent death or serious long term impairment of the Insured person\u2019s health.""]",6,1,"[""BAJHLIP23020V012223.pdf_66"", ""BAJHLIP23020V012223.pdf_18"", ""BAJHLIP23020V012223.pdf_69"", ""BAJHLIP23020V012223.pdf_143"", ""BAJHLIP23020V012223.pdf_370"", ""BAJHLIP23020V012223.pdf_160""]","[""BAJHLIP23020V012223.pdf_18""]",,0.555555555537037,1.0,0.7311525553660098,1.0,0.5,1.0,1.0,0.6884895748273185,0.26019126665731623,0.34636871508379885,0.2905027932960894
Q_008,What is hospitalization according to the policy terms?,Inpatient care means treatment for which the Insured has to stay in a Hospital for more than 24 hours for a covered event.,Hospitalization means admission in a Hospital for a minimum period of 24 consecutive in-patient care hours except for specified procedures or treatments where admission could be for less than 24 consecutive hours.,"[""Inpatient care means treatment for which the Insured has to stay in a Hospital for more than 24 hours for a covered event."", ""Hospitalization means admission in a Hospital for a minimum period of 24 consecutive In-patient Care hours except for specified procedures/ treatments, where such admission could be for a period of less than 24 consecutive hours.""]","[""Hospitalization means admission in a Hospital for a minimum period of 24 consecutive In-patient Care hours except for specified procedures/ treatments, where such admission could be for a period of less than 24 consecutive hours.""]",2,1,"[""BAJHLIP23020V012223.pdf_26"", ""BAJHLIP23020V012223.pdf_22""]","[""BAJHLIP23020V012223.pdf_22""]",,0.49999999995,1.0,0.5742038420613933,1.0,0.5,1.0,1.0,0.7526935244566726,0.10327141889545237,0.4642857142857143,0.28571428571428575
Q_009,How does the policy define an injury?,"Injury means accidental physical bodily harm excluding illness or disease solely and directly caused by external, violent, visible and evident means which is verified and certified by a Medical Practitioner.","Injury means accidental physical bodily harm excluding illness or disease solely and directly caused by external, violent, visible and evident means which is verified and certified by a Medical Practitioner.","[""Injury means Accidental physical bodily harm excluding Illness or disease solely and directly caused by external, violent, visible and evident means which is verified and certified by a Medical Practitioner.""]","[""Injury means Accidental physical bodily harm excluding Illness or disease solely and directly caused by external, violent, visible and evident means which is verified and certified by a Medical Practitioner.""]",1,1,"[""BAJHLIP23020V012223.pdf_25""]","[""BAJHLIP23020V012223.pdf_25""]",,0.9999999999,1.0,0.7068925241174945,1.0,1.0,1.0,1.0,0.9999996276260344,1.0000000000000004,1.0,1.0
Q_010,What is meant by a new born baby under this policy?,A newborn infant is eligible for coverage under the newborn child addition benefit or maternity cover extension if the baby is born during the Policy Period and is aged up to 90 days.,New Born Baby means a baby born during the Policy Period and aged up to 90 days.,"[""New Born Baby means baby born during the Policy Period and is aged up to 90 days.""]","[""New Born Baby means baby born during the Policy Period and is aged up to 90 days.""]",1,1,"[""BAJHLIP23020V012223.pdf_38""]","[""BAJHLIP23020V012223.pdf_38""]",,0.9999999999,1.0,0.6381846767831578,0.5,1.0,1.0,1.0,0.7770985706611293,0.273633972348639,0.5199999999999999,0.5199999999999999
Q_011,What conditions must be met for pre-hospitalization medical expenses to be covered?,"The reimbursement of pre-hospitalization outpatient consultation charges is eligible if
i. Such Medical Expenses are incurred for the same condition for which the Insured’s Hospitalization was required, and
ii. The In-patient Hospitalization claim for such Hospitalization is admissible by the Insurance Company.","Pre-Hospitalization Medical Expenses are medical expenses incurred during the predefined number of days preceding hospitalization, provided that the expenses are incurred for the same condition for which hospitalization was required and the inpatient hospitalization claim for that hospitalization is admissible by the Insurance Company.","[""i. Such Medical Expenses are incurred for the same condition for which the Insured\u2019s Hospitalization was required, and ii. The In-patient Hospitalization claim for such Hospitalization is admissible by the Insurance Company."", ""i. Such Medical Expenses are for the same condition for which the Insured\u2019s Hospitalization was required, and ii. The Inpatient Hospitalization claim for such Hospitalization is admissible by the Insurance Company.""]","[""Pre-Hospitalization Medical Expenses means medical expenses incurred during pre-defined number of days"", ""i. Such Medical Expenses are incurred for the same condition for which the Insured\u2019s Hospitalization was required, and ii. The In-patient Hospitalization claim for such Hospitalization is admissible by the Insurance Company.""]",2,2,"[""BAJHLIP23020V012223.pdf_45"", ""BAJHLIP23020V012223.pdf_47""]","[""BAJHLIP23020V012223.pdf_44"", ""BAJHLIP23020V012223.pdf_45""]",,0.99999999995,1.0,0.6944840338514272,0.6666666666666666,0.75,1.0,1.0,0.7331896132844669,0.0018500570940485842,0.6666666666666666,0.6
Q_012,When are post-hospitalization medical expenses covered under the policy?,"The duration of coverage for post-hospitalization ambulatory care expenses is either 180 days or 90 days immediately after discharge, depending on the specific policy wording provided.","Post-Hospitalization Medical Expenses are medical expenses incurred during predefined days immediately after the insured is discharged from the hospital, provided that the expenses relate to the same condition for which hospitalization was required and the inpatient hospitalization claim for that hospitalization is admissible by the Insurance Company.","[""The Medical Expenses incurred during the 180 days immediately after You were discharged post Hospitalization provided that: Such costs are incurred in respect of the same Illness/Injury for which the earlier Hospitalization was required, and We have accepted an Inpatient Hospitalization claim under Inpatient Hospitalization Treatment."", ""The Medical Expenses incurred during the 90 days immediately after You were discharged post Hospitalization provided that: Such costs are incurred in respect of the same Illness/Injury for which the earlier Hospitalization was required, and We have accepted an Inpatient Hospitalization claim under Inpatient Hospitalization Treatment. . This cover is subject to the Sum Insured, sub-limits, terms, conditions and definitions, exclusions contained or""]","[""Post-Hospitalization Medical Expenses means medical expenses incurred during pre-defined number of days"", ""i. Such Medical Expenses are for the same condition for which the Insured\u2019s Hospitalization was required, and ii. The Inpatient Hospitalization claim for such Hospitalization is admissible by the Insurance Company.""]",2,2,"[""BAJHLIP23020V012223.pdf_114"", ""BAJHLIP23020V012223.pdf_141""]","[""BAJHLIP23020V012223.pdf_46"", ""BAJHLIP23020V012223.pdf_47""]",,0.99999999995,1.0,0.0,0.6666666666666666,0.5,1.0,0.5,0.6711790550921017,0.03172636749952233,0.32,0.24000000000000005
Q_013,What conditions must be satisfied for treatment to be considered medically necessary?,"Medically necessary treatment means any treatment, tests, medication, or stay in hospital or part of a stay in hospital that is required for the medical management of the illness or injury suffered by the insured, must not exceed the level of care necessary to provide safe, adequate and appropriate medical care in scope, duration, or intensity, must have been prescribed by a medical practitioner, must conform to the professional standards widely accepted in international medical practice or by the medical community in India, and must address an immediate health risk to the insured as certified by the attending medical practitioner.","Medically necessary treatment refers to treatment, tests, medication or hospital stay that is required for the medical management of the illness or injury, must not exceed the level of care necessary to provide safe and appropriate medical care, must be prescribed by a Medical Practitioner, and must conform to professional standards widely accepted in international medical practice or by the medical community in India.","[""Medically necessary treatment means any treatment, tests, medication, or stay in Hospital or part of a stay in"", ""immediate health risk to the Insured. For this to be considered a medical necessity, it must be certified by the attending Medical Practitioner."", ""i. is required for the medical management of the Illness or Injury suffered by the Insured ii. must not exceed the level of care necessary to provide safe, adequate and appropriate medical care in scope, duration, or intensity iii. must have been prescribed by a Medical Practitioner, iv. must conform to the professional standards widely accepted in international medical practice or by the medical community in India.""]","[""Medically necessary treatment means any treatment, tests, medication, or stay in Hospital or part of a stay in"", ""i. is required for the medical management of the Illness or Injury suffered by the Insured ii. must not exceed the level of care necessary to provide safe, adequate and appropriate medical care in scope, duration, or intensity iii. must have been prescribed by a Medical Practitioner, iv. must conform to the professional standards widely accepted in international medical practice or by the medical community in India.""]",3,2,"[""BAJHLIP23020V012223.pdf_34"", ""BAJHLIP23020V012223.pdf_266"", ""BAJHLIP23020V012223.pdf_35""]","[""BAJHLIP23020V012223.pdf_34"", ""BAJHLIP23020V012223.pdf_35""]",,0.3333333333,1.0,0.7557800372422327,0.8,0.75,1.0,1.0,0.9361467659563204,0.4265168057213865,0.7560975609756097,0.7317073170731707
Q_014,What requirements must a hospital meet under this policy?,"For coverage under the policy, the accredited healthcare facility must be a Hospital registered under the Clinical Establishments (Registration and Regulation) Act, 2010 or under enactments specified under Section 56(1). Inpatient hospitalization must be required for the medical management of the illness or injury, must not exceed the level of care necessary for safe, adequate, and appropriate medical care in scope, duration, or intensity, must be prescribed by a Medical Practitioner, and must conform to professional standards widely accepted in international medical practice or by the medical community in India.","A hospital is an institution established for inpatient care and day care treatment of illness or injuries and registered with the local authorities under the Clinical Establishments Act or relevant law, and must have qualified nursing staff round the clock, at least 10 inpatient beds in towns with population below 10,00,000 or 15 in other places, qualified Medical Practitioners in charge round the clock, a fully equipped operation theatre, and must maintain daily patient records accessible to the Insurance Company’s authorized personnel.","[""A Hospital means any institution established for Inpatient care and Day Care Treatment of Illness and/or injuries and which has been registered as a Hospital with the local authorities under the Clinical Establishments (Registration and Regulation) Act, 2010 OR under the enactments specified under the Schedule of Section 56(1)"", ""i. is required for the medical management of the Illness or Injury suffered by the Insured ii. must not exceed the level of care necessary to provide safe, adequate and appropriate medical care in scope, duration, or intensity iii. must have been prescribed by a Medical Practitioner, iv. must conform to the professional standards widely accepted in international medical practice or by the medical community in India.""]","[""A Hospital means any institution established for Inpatient care and Day Care Treatment of Illness and/or injuries and which has been registered as a Hospital with the local authorities under the Clinical Establishments (Registration and Regulation) Act, 2010 OR under the enactments specified under the Schedule of Section 56(1)"", ""i. has qualified nursing staff under its employment round the clock ii. has at least 10 Inpatient beds in towns having a population of less than 10,00,000 and at least 15 Inpatient beds in all other places iii. has qualified Medical Practitioner(s) in charge round the clock iv. has a fully equipped operation theatre of its own where surgical procedures are carried out v. maintains daily records of patients and makes these accessible to the Insurance Company\u2019s authorized personnel.""]",2,2,"[""BAJHLIP23020V012223.pdf_20"", ""BAJHLIP23020V012223.pdf_35""]","[""BAJHLIP23020V012223.pdf_20"", ""BAJHLIP23020V012223.pdf_21""]",,0.9999999999,0.5,0.7457849833016305,1.0,0.25,1.0,1.0,0.6810211732091703,0.021499823827130875,0.38636363636363635,0.2159090909090909
Q_015,What are the criteria for emergency inpatient dental treatment arising from an accident?,"Emergency inpatient dental procedures due to accidental injury are covered if treatment occurs within 24 hours of the accident. The 30-day waiting period does not apply to claims arising from accidental injury, even during the first year of the policy. Coverage is subject to the Sum Insured, sub-limits, deductibles, and policy terms. Follow-up dental treatment, prostheses, implants, orthodontics, and periodontics are excluded.","Emergency inpatient dental treatment arising from an accident refers to acute emergency dental treatment due to a serious accident requiring admission to hospital, and the treatment must take place within 24 hours of the emergency event.","[""Emergency Inpatient Dental Treatment arising from an Accident refers to acute Emergency Dental Treatment that is due to a serious Accident and requires admission to Hospital. The treatment must take place within 24 hours of"", ""D. Applicable for Part B-III (DENTAL PLAN BENEFITS FOR INTERNATIONAL COVER) \uf0b7 During the first year of Global Health Care Policy with Us, 30 days waiting period would be applicable for all claims under Dental Plan Benefits except those arising out of Accidental Injury, however the waiting period would not be applied during subsequent renewals \uf0b7 Dental surgery does not cover surgical treatment that relates to dental implants. \uf0b7 Dental Prostheses, dental implants, orthodontics"", ""the Emergency event. Cover does not extend to follow-up Dental Treatment, dental surgery, dental prostheses, orthodontics or periodontics."", ""orthodontics, surgery of any kind unless as a result of Accidental Bodily Injury to natural teeth and also requiring Hospitalization unless specified . 2) Medical expenses where Inpatient care is not warranted and does not require supervision of qualified nursing staff and qualified Medical Practitioner round the clock 3) War, invasion, acts of foreign enemies, hostilities (whether war be declared or not), civil war, commotion, unrest, rebellion, revolution, insurrection, military or usurped power or confiscation or nationalization or requisition of or damage by or under the order of any government or public local authority. Any Medical expenses incurred due to Act of Terrorism will be covered under the Policy. 4) The cost of spectacles, contact lenses, hearing aids, crutches, dentures, artificial teeth and all other external appliances and/or devices whether for diagnosis or treatment except for Cost of Artificial Limbs, cost of prosthetic devices implanted during surgical procedure like Pacemaker, orthopedic implants, cardiac valve replacements, vascular stents etc."", ""Cost of Artificial Limbs, cost of prosthetic devices implanted during surgical procedure like Pacemaker, orthopedic implants, cardiac valve replacements, vascular stents. ix. Relevant laboratory diagnostic tests, X-ray, and other Radiology tests and such similar expenses that are medically necessary prescribed by the treating Medical Practitioner. x. Emergency Inpatient Hospitalization for Dental Treatment arising from an Accident This cover is subject to the Sum Insured, sub-limits, Deductibles, terms, conditions and definitions, exclusions"", ""a. Expenses related to the treatment of any Illness within 30 days from the first Policy commencement date shall be excluded except claims arising due to an Accident, provided the same are covered. b. This exclusion shall not, however apply if the Insured has Continuous Coverage for more than twelve months. c. The within referred waiting period is made applicable to the enhanced Sum Insured in the event of granting higher Sum Insured subsequently.""]","[""Emergency Inpatient Dental Treatment arising from an Accident refers to acute Emergency Dental Treatment that is due to a serious Accident and requires admission to Hospital. The treatment must take place within 24 hours of"", ""the Emergency event. Cover does not extend to follow-up Dental Treatment, dental surgery, dental prostheses, orthodontics or periodontics.""]",6,2,"[""BAJHLIP23020V012223.pdf_67"", ""BAJHLIP23020V012223.pdf_299"", ""BAJHLIP23020V012223.pdf_68"", ""BAJHLIP23020V012223.pdf_234"", ""BAJHLIP23020V012223.pdf_138"", ""BAJHLIP23020V012223.pdf_216""]","[""BAJHLIP23020V012223.pdf_67"", ""BAJHLIP23020V012223.pdf_68""]",,0.699999999965,1.0,0.7821942798094804,0.9166666666666666,0.5,1.0,1.0,0.7904398939890102,0.10725044031204091,0.396039603960396,0.21782178217821782
Q_016,Who qualifies as a dependent and how long can a child remain a dependent?,"A dependent child is eligible up to the day before their 25th birthday. If enrolled in full-time education and financially dependent on the proposer, coverage extends to the day before their 30th birthday.","A dependent means a family member who is the insured’s spouse, children, parents or parents-in-law. A child is considered dependent up to the day before their 25th birthday, or up to the day before their 30th birthday if enrolled in full-time education and financially dependent on the proposer.","[""A child is considered a dependent for insurance purposes up to the day before his/her 25th birthday. If enrolled in full time education a child is considered as dependent up to the day before his/her 30th birthday provided he is financially dependent on the proposer.""]","[""Dependent means a family member who is Your spouse, children and parents/parents-in-law."", ""A child is considered a dependent for insurance purposes up to the day before his/her 25th birthday. If enrolled in full time education a child is considered as dependent up to the day before his/her 30th birthday provided he is financially dependent on the proposer.""]",1,2,"[""BAJHLIP23020V012223.pdf_64""]","[""BAJHLIP23020V012223.pdf_63"", ""BAJHLIP23020V012223.pdf_64""]",,0.9999999999,0.5,0.6833833193769268,1.0,0.75,1.0,1.0,0.8136788176017082,0.48459380774492755,0.7209302325581395,0.558139534883721
Q_017,What qualifies as obesity according to the policy and how is it measured?,"Obesity is defined as a Body Mass Index (BMI) greater than or equal to 30 according to the WHO definition. For coverage under surgical treatment conditions, the policy specifies a BMI greater than or equal to 40 or greater than or equal to 35 with severe co-morbidities following failure of non-surgical methods.","Obesity means abnormal or excessive fat accumulation that may impair health and is measured using Body Mass Index (BMI), which is calculated as weight in kilograms divided by the square of height in meters. According to the WHO definition, BMI greater than or equal to 30 is classified as obesity.","[""Obesity means abnormal or excessive fat accumulation that may impair health. Obesity is measured in Body Mass Index. Body mass index (BMI) is a simple index of weight-for-height that is commonly used to classify overweight and obesity in adults. It is defined as a person's weight in kilograms divided by the square of his height in meters (kg/m2)."", ""a. Expenses related to the surgical treatment of obesity that does not fulfil all the below conditions: b. Surgery to be conducted is upon the advice of the Doctor c. The surgery/Procedure conducted should be supported by clinical protocols d. The member has to be 18 years of age or older and e. Body Mass Index (BMI); i. greater than or equal to 40 or ii. greater than or equal to 35 in conjunction with any of the following severe co-morbidities following failure"", ""\uf0b7 BMI greater than or equal to 25 is overweight \uf0b7 BMI greater than or equal to 30 is obesity""]","[""Obesity means abnormal or excessive fat accumulation that may impair health. Obesity is measured in Body Mass Index. Body mass index (BMI) is a simple index of weight-for-height that is commonly used to classify overweight and obesity in adults. It is defined as a person's weight in kilograms divided by the square of his height in meters (kg/m2)."", ""\uf0b7 BMI greater than or equal to 25 is overweight \uf0b7 BMI greater than or equal to 30 is obesity""]",3,2,"[""BAJHLIP23020V012223.pdf_84"", ""BAJHLIP23020V012223.pdf_220"", ""BAJHLIP23020V012223.pdf_85""]","[""BAJHLIP23020V012223.pdf_84"", ""BAJHLIP23020V012223.pdf_85""]",,0.8333333332916666,0.5,0.6411682809776652,0.6666666666666666,0.5,1.0,1.0,0.7716136343794493,0.5601990335857642,0.4230769230769231,0.3269230769230769
Q_018,What are the conditions for emergency treatment outside the area of cover?,"Emergency treatment outside the geographical limits of the policy’s coverage area is covered for up to six weeks per trip within the maximum benefit amount or Sum Insured limit. Coverage includes treatment for an Accident or the sudden beginning or worsening of a severe Illness presenting an immediate threat to health, with treatment by a Doctor starting within 24 hours of the Emergency event. Coverage does not apply to curative or follow-up non-Emergency treatment, even if travel back is impossible, nor does it extend to charges relating to maternity, pregnancy, childbirth, or complications thereof. You must inform the insurer if staying outside the coverage area for more than six weeks.",Emergency treatment outside the area of cover refers to treatment for medical emergencies that occur during business or holiday trips outside the insured’s area of cover and includes treatment due to an accident or the sudden onset or worsening of a severe illness posing an immediate threat to health. Treatment by a doctor must start within 24 hours of the emergency event and coverage is provided for up to six weeks per trip within the maximum benefit amount.,"[""Emergency treatment outside area of cover is treatment for medical emergencies which occur during business or holiday trips outside Your area of cover. Cover is provided for up to six weeks per trip within the maximum benefit amount. It includes treatment required due to an Accident or the sudden beginning or worsening of a severe Illness which presents an immediate threat to Your health. Treatment by a Doctor must start within 24 hours of the Emergency event. Cover is not provided for curative or follow-up non-Emergency treatment, even if You are deemed unable to travel to a country within Your geographical area of cover. Nor does it extend to charges relating to maternity, pregnancy, childbirth or any complications of pregnancy or childbirth. You must tell Us if You are going to be outside Your area of cover for more than six weeks."", ""12. Emergency treatment outside area of cover (Applicable to Imperial Plus Plan only if \u201cExcluding USA\u201d cover is opted) We will pay the Customary and Reasonable expenses, up to the limit specified in the Policy Schedule, incurred for treatment of medical emergencies which occur during business or holiday trips outside Your area of cover. Cover is provided for up to six weeks per trip within the Sum Insured limit. It includes treatment required due to an Accident or the sudden beginning or worsening of a severe Illness which presents an immediate threat to Your health. Treatment by a Doctor must start within 24 hours of the Emergency event."", ""Cover is not provided for curative or follow-up non-Emergency treatment, even if You are deemed unable to travel to a country within Your geographical area of cover. Nor does it extend to charges relating to maternity, pregnancy, childbirth or any complications of pregnancy or childbirth. This cover is subject to the Sum Insured, sub-limits, terms, conditions and definitions, exclusions contained or""]","[""Emergency treatment outside area of cover is treatment for medical emergencies which occur during business or holiday trips outside Your area of cover. Cover is provided for up to six weeks per trip within the maximum benefit amount. It includes treatment required due to an Accident or the sudden beginning or worsening of a severe Illness which presents an immediate threat to Your health. Treatment by a Doctor must start within 24 hours of the Emergency event. Cover is not provided for curative or follow-up non-Emergency treatment, even if You are deemed unable to travel to a country within Your geographical area of cover. Nor does it extend to charges relating to maternity, pregnancy, childbirth or any complications of pregnancy or childbirth. You must tell Us if You are going to be outside Your area of cover for more than six weeks.""]",3,1,"[""BAJHLIP23020V012223.pdf_69"", ""BAJHLIP23020V012223.pdf_160"", ""BAJHLIP23020V012223.pdf_161""]","[""BAJHLIP23020V012223.pdf_69""]",,0.9999999999666667,1.0,0.8775920948525225,1.0,1.0,1.0,1.0,0.9020968327005134,0.49599219148400947,0.65625,0.46874999999999994
Q_019,What conditions define a chronic illness under the policy?,"A chronic condition is defined as a disease, illness, or injury that has one or more of the following characteristics:

Chunk 1:
Section: 19. Illness:-
Text: b. Chronic condition – A chronic condition is defined as a disease, illness, or injury that has one or more of the following characteristics:","A chronic condition is a disease, illness or injury that requires ongoing or long-term monitoring through consultations or tests, requires ongoing control for relief of symptoms, may require rehabilitation or special training for the patient to cope with it, may continue indefinitely, or may recur or be likely to recur.","[""Illness means a sickness or a disease or pathological condition leading to the impairment of normal physiological function and requires medical treatment. a. Acute condition - Acute condition is a disease, Illness or Injury that is likely to respond quickly to treatment which aims to return the person to his or her state of health immediately before suffering the disease/Illness/Injury which leads to full recovery. b. Chronic condition \u2013 A chronic condition is defined as a disease, Illness, or Injury that has one or more of the"", ""Pre-Existing Disease means any condition, ailment or Injury or disease a. That is/are diagnosed by a physician within 48 months prior to the effective date of the Policy issued by the insurer or b. For which medical advice or treatment was recommended by, or received from, a physician within 48 months prior to the effective date of the Policy or its reinstatement.""]","[""Illness means a sickness or a disease or pathological condition leading to the impairment of normal physiological function and requires medical treatment. a. Acute condition - Acute condition is a disease, Illness or Injury that is likely to respond quickly to treatment which aims to return the person to his or her state of health immediately before suffering the disease/Illness/Injury which leads to full recovery. b. Chronic condition \u2013 A chronic condition is defined as a disease, Illness, or Injury that has one or more of the"", ""a. it needs ongoing or long-term monitoring through consultations, examinations, check-ups, and /or tests b. it needs ongoing or long-term control for relief of symptoms c. it requires rehabilitation for the patient or for the patient to be specially trained to cope with it d. it continues indefinitely e. it recurs or is likely to recur.""]",2,2,"[""BAJHLIP23020V012223.pdf_23"", ""BAJHLIP23020V012223.pdf_43""]","[""BAJHLIP23020V012223.pdf_23"", ""BAJHLIP23020V012223.pdf_24""]",,0.9999999999,0.0,0.7366320334018249,0.5,0.5,1.0,1.0,0.7612760642911784,0.08694948588655717,0.30000000000000004,0.30000000000000004
Q_020,What does rehabilitation treatment involve and when must it begin?,"The scope of coverage for rehabilitative therapy services under inpatient hospitalization includes physical, occupational, and speech therapy provided in a licensed rehabilitation hospital or unit by a medical practitioner specializing in rehabilitation. Coverage applies if:
a. Rehabilitation starts within 14 days of discharge from hospital following acute medical or surgical treatment.
b. The treatment could not be carried out on an outpatient basis.
c. The insurer has accepted an inpatient hospitalization claim for the insured.
Coverage is subject to the Policy Schedule limits, sub-limits, terms, conditions, and exclusions.

Eligibility criteria for initiating inpatient rehabilitative therapy include:
- The treatment must be carried out by a medical practitioner specializing in rehabilitation.
- The treatment must take place in a licensed rehabilitation hospital or unit.
- The treatment must begin within 14 days of discharge from acute medical or surgical hospitalization.
- The treatment must not be feasible on an outpatient basis.
- The insurer must have accepted an inpatient hospitalization claim for the insured.","Rehabilitation is treatment that combines therapies such as physical, occupational and speech therapy to restore original form or function after an acute illness, injury or surgery, and the treatment must take place in a licensed rehabilitation facility and start within 14 days of discharge from acute medical or surgical treatment.","[""Rehabilitation is defined as a set of interventions designed to optimize functioning and reduce disability in individuals with health conditions in interaction with their environment. It aims to restore original form or function after an acute Illness, Injury or surgery. Rehabilitation is a treatment that combines therapies such as physical, occupational and speech therapy. We will pay You up to the limits specified in the Policy Schedule for the cost of In-patient Rehabilitation provided a. it is carried out by a Medical Practitioner specializing in rehabilitation; and b. it is carried out in a licensed rehabilitation Hospital or unit; c. We have accepted an Inpatient Hospitalization claim for the Insured under In Patient Hospitalization Treatment and rehabilitation starts within 14 days of discharge from Hospital following acute medical and/or surgical treatment d. the treatment could not be carried out on an out-patient basis This cover is subject to the Sum Insured, sub-limits, terms, conditions and definitions, exclusions contained or"", ""Rehabilitation is defined as a set of interventions designed to optimize functioning and reduce disability in individuals with health conditions in interaction with their environment. It aims to restore original form or function after an acute Illness, Injury or surgery. Rehabilitation is a treatment that combines therapies such as physical, occupational and speech therapy. We will pay You up to the limits specified in the Policy Schedule for the cost of In-patient Rehabilitation provided a. it is carried out by a Medical Practitioner specializing in rehabilitation; and b. it is carried out in a licensed rehabilitation Hospital or unit; c. We have accepted an Inpatient Hospitalization claim for the Insured under In Patient Hospitalization Treatment and rehabilitation starts within 14 days of discharge from Hospital following acute medical and/or surgical treatment d. the treatment could not be carried out on an out-patient basis."", ""Rehabilitation Hospitals/unit/facility, also referred to as Inpatient rehabilitation Hospitals, are devoted to the rehabilitation of patients with various neurological, musculoskeletal, orthopedic and other medical conditions following stabilisation of their acute medical issues."", ""i. In-patient Hospitalization Treatment (Section C, Part B,I-1) ii. Day Care Procedures (Section C, Part B,I-5) iii. Living Donor Medical Costs (Section C, Part B,I-6) iv. Mental Illness Treatment (Section C, Part B,I-9) v. Accommodation costs for one parent staying in Hospital with an Insured child under 18 years of age (Applicable to Imperial Plus Plan only) (Section C, Part B,I-11) vi. Palliative care (Applicable to Imperial Plus Plan only) (Section C, Part B,I-16)"", ""Rehabilitation is a treatment that combines therapies such as physical, occupational and speech therapy. It aims to restore original form or function after an acute Illness, Injury or surgery. Treatment must take place in a licensed rehabilitation facility and start within 14 days of discharge from acute medical and/or surgical treatment.""]","[""Rehabilitation is defined as \u201ca set of interventions designed to optimize functioning and reduce disability in"", ""Rehabilitation is a treatment that combines therapies such as physical, occupational and speech therapy. It aims to restore original form or function after an acute Illness, Injury or surgery. Treatment must take place in a licensed rehabilitation facility and start within 14 days of discharge from acute medical and/or surgical treatment.""]",5,2,"[""BAJHLIP23020V012223.pdf_158"", ""BAJHLIP23020V012223.pdf_127"", ""BAJHLIP23020V012223.pdf_100"", ""BAJHLIP23020V012223.pdf_382"", ""BAJHLIP23020V012223.pdf_99""]","[""BAJHLIP23020V012223.pdf_98"", ""BAJHLIP23020V012223.pdf_99""]",,0.8666666666377778,1.0,0.5361681765035914,1.0,0.5,1.0,1.0,0.7003741701184776,0.07865494449726747,0.3444976076555024,0.2966507177033493
Q_021,What does the policy mean by an accident?,"Accidental bodily injury means accidental physical bodily harm excluding illness or disease solely and directly caused by external, violent, visible and evident means which is verified and certified by a Medical Practitioner. The qualifying event under the instantaneous and unforeseen principle is an event that is sudden, unforeseen and involuntary caused by external, visible and violent means.","An accident means a sudden, unforeseen and involuntary event caused by external, visible and violent means.","[""Accident: An accident means sudden, unforeseen and involuntary event caused by external, visible and violent means. Any one illness: Any one illness means continuous period of illness and includes relapse within 45 days from the date of last consultation with the Hospital/Nursing Home where treatment was taken. AYUSH Day Care Centre: AYUSH Day Care Centre means and includes Community Health Centre (CHC), Primary Health Centre (PHC), Dispensary, Clinic, Polyclinic or any such health centre which is registered with the local authorities, wherever applicable and having facilities for carrying out treatment procedures and medical or surgical/para-surgical interventions or both under the supervision of registered AYUSH Medical Practitioner (s) on day care basis without in-patient services and must comply with all the following criterion: i. Having qualified registered AYUSH Medical Practitioner(s) in charge; ii. Having dedicated AYUSH therapy sections as required and/or has equipped operation theatre where surgical procedures are to be carried out; iii. Maintaining daily records of the patients and making them accessible to the insurance company's authorized representative."", ""Injury: Injury means accidental physical bodily harm excluding illness or disease solely and directly caused by external, violent, visible and evident means which is verified and certified by a Medical Practitioner. Inpatient Care Inpatient care means treatment for which the insured person has to stay in a hospital for more than 24 hours for a covered event. Intensive Care Unit: Intensive care unit means an identified section, ward or wing of a hospital which is under the constant supervision of a dedicated medical practitioner(s), and which is specially equipped for the continuous monitoring and treatment of patients who are in a critical condition, or require life support facilities and where the level of care and supervision is considerably more sophisticated and intensive than in the ordinary and other wards. ICU Charges: ICU (Intensive Care Unit) Charges means the amount charged by a Hospital towards ICU expenses which shall include the expenses for ICU bed, general medical support services provided to any ICU patient including monitoring devices, critical care nursing and intensivist charges. Medical Advice: Medical Advice means any consultation or advice from a Medical Practitioner including the issuance of any prescription or follow-up prescription.""]","[""Accident: An accident means sudden, unforeseen and involuntary event caused by external, visible and violent means. Any one illness: Any one illness means continuous period of illness and includes relapse within 45 days from the date of last consultation with the Hospital/Nursing Home where treatment was taken. AYUSH Day Care Centre: AYUSH Day Care Centre means and includes Community Health Centre (CHC), Primary Health Centre (PHC), Dispensary, Clinic, Polyclinic or any such health centre which is registered with the local authorities, wherever applicable and having facilities for carrying out treatment procedures and medical or surgical/para-surgical interventions or both under the supervision of registered AYUSH Medical Practitioner (s) on day care basis without in-patient services and must comply with all the following criterion: i. Having qualified registered AYUSH Medical Practitioner(s) in charge; ii. Having dedicated AYUSH therapy sections as required and/or has equipped operation theatre where surgical procedures are to be carried out; iii. Maintaining daily records of the patients and making them accessible to the insurance company's authorized representative.""]",2,1,"[""Classic_Group_Health_Insurance_6e05831c03.pdf_1"", ""Classic_Group_Health_Insurance_6e05831c03.pdf_14""]","[""Classic_Group_Health_Insurance_6e05831c03.pdf_1""]",,0.9999999999,1.0,0.637216240553478,1.0,0.5,1.0,1.0,0.6546455566446423,0.11276958806531855,0.4109589041095891,0.3561643835616438
Q_022,What is meant by co-payment in this policy?,Not found,"Co-payment means a cost sharing requirement under a health insurance policy where the policyholder/insured bears a specified percentage of the admissible claims amount, and it does not reduce the Sum Insured.","[""In-Patient: In-Patient means an Insured Person who is admitted to Hospital and stays there for a minimum period of 24 hours for the sole purpose of receiving treatment. C. COVERAGE In consideration of the premium paid, subject to the terms, conditions, exclusions and definitions contained herein the Company agrees as under. That if during the period stated in the Schedule the Insured Person/s shall contract any disease or suffer from any illness or sustain bodily injury through accident and if such disease or injury shall require the Insured Person/s, upon the advice of a Physician/Medical Specialist /Medical Practitioner or of duly Qualified Surgeon to incur Hospitalization expenses during the period stated in the schedule for medical/surgical treatment at any Policy Wordings Classic Group Health Insurance Unique Identification No.: SHAHLGP21239V022021 5""]","[""Congenital Anomaly: Congenital Anomaly means a condition which is present since birth, and which is abnormal with reference to form, structure or position. a) Internal Congenital Anomaly: Congenital anomaly which is not in the visible and accessible parts of the body b) External Congenital Anomaly: Congenital anomaly which is in the visible and accessible parts of the body Co-Payment: Co-payment means a cost sharing requirement under a health insurance policy that provides that the policyholder/insured will bear a specified percentage of the admissible claims amount. A co-payment does not reduce the Sum Insured. Day Care Centre: A day care centre means any institution established for day care treatment of illness and/or injuries or a medical setup with a hospital and which has been registered with the local authorities, wherever applicable, and is under supervision of a registered and qualified medical practitioner AND must comply with all minimum criterion as under- i) has qualified nursing staff under its employment; ii) has qualified medical practitioner/s in charge; iii) has fully equipped operation theatre of its own where surgical procedures are carried out; iv) maintains daily records of patients and will make these accessible to the insurance company\u2019s authorized personnel.""]",1,1,"[""Classic_Group_Health_Insurance_6e05831c03.pdf_26""]","[""Classic_Group_Health_Insurance_6e05831c03.pdf_6""]",,0.0,0.0,0.0,0.0,0.0,0.0,0.0,0.07292611102592449,0.0,0.05714285714285715,0.05714285714285715
Q_023,What is the definition of a congenital anomaly?,"Congital Anomaly means a condition which is present since birth, and which is abnormal with reference to form, structure or position. Expenses related to its treatment shall be excluded until the expiry of 24 months of continuous coverage after the date of inception of the first policy with us. This exclusion shall not be applicable for claims arising due to an accident.","Congenital anomaly means a condition which is present since birth and is abnormal with reference to form, structure or position.","[""Congenital Anomaly: Congenital Anomaly means a condition which is present since birth, and which is abnormal with reference to form, structure or position. a) Internal Congenital Anomaly: Congenital anomaly which is not in the visible and accessible parts of the body b) External Congenital Anomaly: Congenital anomaly which is in the visible and accessible parts of the body Co-Payment: Co-payment means a cost sharing requirement under a health insurance policy that provides that the policyholder/insured will bear a specified percentage of the admissible claims amount. A co-payment does not reduce the Sum Insured. Day Care Centre: A day care centre means any institution established for day care treatment of illness and/or injuries or a medical setup with a hospital and which has been registered with the local authorities, wherever applicable, and is under supervision of a registered and qualified medical practitioner AND must comply with all minimum criterion as under- i) has qualified nursing staff under its employment; ii) has qualified medical practitioner/s in charge; iii) has fully equipped operation theatre of its own where surgical procedures are carried out; iv) maintains daily records of patients and will make these accessible to the insurance company\u2019s authorized personnel."", ""A. Expenses related to the treatment of the following listed Conditions, surgeries/treatments shall be excluded until the expiry of 24 months of continuous coverage after the date of inception of the first policy with us. This exclusion shall not be applicable for claims arising due to an accident. B. In case of enhancement of sum insured the exclusion shall apply afresh to the extent of sum insured increase. C. If any of the specified disease/procedure falls under the waiting period specified for pre-Existing diseases, then the longer of the two waiting periods shall apply. D. The waiting period for listed conditions shall apply even if contracted after the policy or declared and""]","[""Congenital Anomaly: Congenital Anomaly means a condition which is present since birth, and which is abnormal with reference to form, structure or position. a) Internal Congenital Anomaly: Congenital anomaly which is not in the visible and accessible parts of the body b) External Congenital Anomaly: Congenital anomaly which is in the visible and accessible parts of the body Co-Payment: Co-payment means a cost sharing requirement under a health insurance policy that provides that the policyholder/insured will bear a specified percentage of the admissible claims amount. A co-payment does not reduce the Sum Insured. Day Care Centre: A day care centre means any institution established for day care treatment of illness and/or injuries or a medical setup with a hospital and which has been registered with the local authorities, wherever applicable, and is under supervision of a registered and qualified medical practitioner AND must comply with all minimum criterion as under- i) has qualified nursing staff under its employment; ii) has qualified medical practitioner/s in charge; iii) has fully equipped operation theatre of its own where surgical procedures are carried out; iv) maintains daily records of patients and will make these accessible to the insurance company\u2019s authorized personnel.""]",2,1,"[""Classic_Group_Health_Insurance_6e05831c03.pdf_6"", ""Classic_Group_Health_Insurance_6e05831c03.pdf_50""]","[""Classic_Group_Health_Insurance_6e05831c03.pdf_6""]",,0.9999999999,1.0,0.6848255642638539,1.0,0.5,1.0,0.75,0.7089043257324341,0.7001575310229896,0.4634146341463415,0.4634146341463415
Q_024,What qualifies as inpatient care under the policy?,"An In-Patient is an Insured Person who is admitted to a Hospital and stays there for a minimum period of 24 hours for the sole purpose of receiving treatment. This must be required for the medical management of the illness or injury, prescribed by a medical practitioner, and must not exceed the level of care necessary to provide safe, adequate, and appropriate medical care in scope, duration, or intensity.",Inpatient care means treatment for which the insured person has to stay in a hospital for more than 24 hours for a covered event.,"[""In-Patient: In-Patient means an Insured Person who is admitted to Hospital and stays there for a minimum period of 24 hours for the sole purpose of receiving treatment. C. COVERAGE In consideration of the premium paid, subject to the terms, conditions, exclusions and definitions contained herein the Company agrees as under. That if during the period stated in the Schedule the Insured Person/s shall contract any disease or suffer from any illness or sustain bodily injury through accident and if such disease or injury shall require the Insured Person/s, upon the advice of a Physician/Medical Specialist /Medical Practitioner or of duly Qualified Surgeon to incur Hospitalization expenses during the period stated in the schedule for medical/surgical treatment at any Policy Wordings Classic Group Health Insurance Unique Identification No.: SHAHLGP21239V022021 5"", ""Policy Wordings Classic Group Health Insurance Unique Identification No.: SHAHLGP21239V022021 2 Hospital: A hospital means any institution established for in-patient care and day care treatment of illness and/or injuries and which has been registered as a hospital with the local authorities under Clinical Establishments (Registration and Regulation) Act 2010 or under enactments specified under the Schedule of Section 56(1) of the said act Or complies with all minimum criteria as under: i) has qualified nursing staff under its employment round the clock ii) has at least 10 in-patient beds in towns having a population of less than 10,00,000 and at least 15 in- patient beds in all other places iii) has qualified medical practitioner(s) in charge round the clock iv) has a fully equipped operation theatre of its own where surgical procedures are carried out v) maintains daily records of patients and makes these accessible to the insurance company\u2019s authorized personnel Illness: Illness means a sickness or a disease or pathological condition leading to the impairment of normal physiological function and requires medical treatment"", ""i) is required for the medical management of the illness or injury suffered by the insured; ii) must not exceed the level of care necessary to provide safe, adequate and appropriate medical care in scope, duration, or intensity; iii) must have been prescribed by a medical practitioner; iv) must conform to the professional standards widely accepted in international medical practice or by the medical community in India. Migration means a facility provided to policyholders (including all members under family cover and group policies), to transfer the credits gained for Pre-Existing Diseases and specific waiting periods from one health"", ""Diagnosis: Diagnosis means Diagnosis by a registered medical practitioner, supported by clinical, radiological, and histological, histo-pathological and laboratory evidence and also surgical evidence wherever applicable, acceptable to the Company. Group Administrator: Group Administrator means the proposer mentioned in the policy schedule Insured Person: Insured Person means the name/s of persons shown in the schedule of the Policy. In-Patient: In-Patient means an Insured Person who is admitted to Hospital and stays there for a minimum period of 24 hours for the sole purpose of receiving treatment. C. COVERAGE In consideration of the premium paid, subject to the terms, conditions, exclusions and definitions contained herein the Company agrees as under.""]","[""Injury: Injury means accidental physical bodily harm excluding illness or disease solely and directly caused by external, violent, visible and evident means which is verified and certified by a Medical Practitioner. Inpatient Care Inpatient care means treatment for which the insured person has to stay in a hospital for more than 24 hours for a covered event. Intensive Care Unit: Intensive care unit means an identified section, ward or wing of a hospital which is under the constant supervision of a dedicated medical practitioner(s), and which is specially equipped for the continuous monitoring and treatment of patients who are in a critical condition, or require life support facilities and where the level of care and supervision is considerably more sophisticated and intensive than in the ordinary and other wards. ICU Charges: ICU (Intensive Care Unit) Charges means the amount charged by a Hospital towards ICU expenses which shall include the expenses for ICU bed, general medical support services provided to any ICU patient including monitoring devices, critical care nursing and intensivist charges. Medical Advice: Medical Advice means any consultation or advice from a Medical Practitioner including the issuance of any prescription or follow-up prescription.""]",4,1,"[""Classic_Group_Health_Insurance_6e05831c03.pdf_26"", ""Classic_Group_Health_Insurance_6e05831c03.pdf_10"", ""Classic_Group_Health_Insurance_6e05831c03.pdf_17"", ""Classic_Group_Health_Insurance_6e05831c03.pdf_25""]","[""Classic_Group_Health_Insurance_6e05831c03.pdf_14""]",,0.9166666666361111,1.0,0.6987528014644222,1.0,0.5,1.0,1.0,0.8163354686924592,0.06976059189487863,0.3404255319148936,0.21276595744680848
Q_025,What does the policy define as medical advice?,The policy defines Medical Advice as any consultation or advice from a Medical Practitioner including the issuance of any prescription or follow-up prescription. This includes both teleconsultation services and in-person medical consultations under the consultation charges provision. The coverage applies to expenses incurred for medical treatment on account of Illness or Accident on the advice of a Medical Practitioner.,Medical Advice means any consultation or advice from a Medical Practitioner including the issuance of any prescription or follow-up prescription.,"[""ICU Charges: ICU (Intensive Care Unit) Charges means the amount charged by a Hospital towards ICU expenses which shall include the expenses for ICU bed, general medical support services provided to any ICU patient including monitoring devices, critical care nursing and intensivist charges. Medical Advice: Medical Advice means any consultation or advice from a Medical Practitioner including the issuance of any prescription or follow-up prescription. Medical Expenses: Medical Expenses means those expenses that an Insured Person has necessarily and actually incurred for medical treatment on account of Illness or Accident on the advice of a Medical Practitioner, as long as these are no more than would have been payable if the Insured Person had not been insured and Policy Wordings Classic Group Health Insurance Unique Identification No.: SHAHLGP21239V022021 3""]","[""Injury: Injury means accidental physical bodily harm excluding illness or disease solely and directly caused by external, violent, visible and evident means which is verified and certified by a Medical Practitioner. Inpatient Care Inpatient care means treatment for which the insured person has to stay in a hospital for more than 24 hours for a covered event. Intensive Care Unit: Intensive care unit means an identified section, ward or wing of a hospital which is under the constant supervision of a dedicated medical practitioner(s), and which is specially equipped for the continuous monitoring and treatment of patients who are in a critical condition, or require life support facilities and where the level of care and supervision is considerably more sophisticated and intensive than in the ordinary and other wards. ICU Charges: ICU (Intensive Care Unit) Charges means the amount charged by a Hospital towards ICU expenses which shall include the expenses for ICU bed, general medical support services provided to any ICU patient including monitoring devices, critical care nursing and intensivist charges. Medical Advice: Medical Advice means any consultation or advice from a Medical Practitioner including the issuance of any prescription or follow-up prescription.""]",1,1,"[""Classic_Group_Health_Insurance_6e05831c03.pdf_15""]","[""Classic_Group_Health_Insurance_6e05831c03.pdf_14""]",,0.9999999999,1.0,0.9772817955850828,0.8,0.75,1.0,0.75,0.789089181929306,0.7516324170467026,0.4878048780487805,0.4878048780487805
Q_026,What does the policy mean by a network provider?,"Network Provider means hospitals or health care providers enlisted by an insurer, TPA or jointly by an Insurer and TPA to provide medical services to an insured by a cashless facility. Non-Network means any hospital, day care centre or other provider that is not part of the network.","Network Provider means hospitals or health care providers enlisted by an insurer, TPA or jointly by an Insurer and TPA to provide medical services to an insured by a cashless facility.","[""Network Provider: Network Provider means hospitals or health care providers enlisted by an insurer, TPA or jointly by an Insurer and TPA to provide medical services to an insured by a cashless facility. Non-Network Provider: Non-Network means any hospital, day care centre or other provider that is not part of the network. Notification of Claim: Notification of claim means the process of intimating a claim to the insurer or TPA through any of the recognized modes of communication."", ""AYUSH Treatment: AYUSH Treatment refers to the medical and / or hospitalization treatments given under 'Ayurveda, Yoga and Naturopathy, Unani, Siddha and Homeopathy systems' Break in policy means the period of gap that occurs at the end of the existing policy term/instalment premium due date, when the premium due for renewal on a given policy or instalment premium due is not paid on or before the premium renewal date or Grace Period. Cashless facility: Cashless facility means a facility extended by the insurer to the insured where the payments, of the costs of treatment undergone by the insured in accordance with the policy terms and conditions, are directly made to the network provider by the insurer to the extent pre-authorization is approved. Condition Precedent: Condition Precedent means a policy term or condition upon which the Insurer's liability""]","[""Network Provider: Network Provider means hospitals or health care providers enlisted by an insurer, TPA or jointly by an Insurer and TPA to provide medical services to an insured by a cashless facility. Non-Network Provider: Non-Network means any hospital, day care centre or other provider that is not part of the network. Notification of Claim: Notification of claim means the process of intimating a claim to the insurer or TPA through any of the recognized modes of communication.""]",2,1,"[""Classic_Group_Health_Insurance_6e05831c03.pdf_18"", ""Classic_Group_Health_Insurance_6e05831c03.pdf_5""]","[""Classic_Group_Health_Insurance_6e05831c03.pdf_18""]",,0.99999999995,1.0,0.7176623480199149,1.0,1.0,1.0,1.0,0.9389507967133841,0.9692332344763446,0.775,0.775
Q_027,How does the policy define surgery or surgical procedure?,"The policy defines surgery or surgical procedure as manual and/or operative procedure(s) required for treatment of an illness or injury, correction of deformities and defects, diagnosis and cure of diseases, relief from suffering and prolongation of life, performed in a hospital or day care centre by a medical practitioner. Reimbursement for covered surgical procedures requires the surgery to be conducted upon the advice of a doctor, supported by clinical protocols, and the member must be 18 years or older. BMI criteria may also apply.","Surgery or Surgical Procedure means manual and/or operative procedures required for treatment of an illness or injury, correction of deformities and defects, diagnosis and cure of diseases, relief from suffering and prolongation of life, performed in a hospital or day care centre by a medical practitioner.","[""Reasonable and Customary Charges: Reasonable and Customary charges means the charges for services or supplies, which are the standard charges for the specific provider and consistent with the prevailing charges in the geographical area for identical or similar services, taking into account the nature of the illness / injury involved. Room Rent: Room Rent means the amount charged by a Hospital towards Room and Boarding expenses and shall include the associated medical expenses. Specific waiting period: Specific waiting period means a period up to 36 months from the commencement of a health insurance policy during which period specified diseases/treatments (except due to an accident) are not covered. On completion of the period, diseases/treatments shall be covered provided the policy has been continuously renewed without any break. Surgery or Surgical Procedure: Surgery or Surgical Procedure means manual and / or operative procedure(s) required for treatment of an illness or injury, correction of deformities and defects, diagnosis and cure of diseases, relief from suffering and prolongation of life, performed in a hospital or day care centre by a medical practitioner."", ""Policy Wordings Classic Group Health Insurance Unique Identification No.: SHAHLGP21239V022021 9 A. Surgery to be conducted is upon the advice of the Doctor B. The surgery/Procedure conducted should be supported by clinical protocols C. The member has to be 18 years of age or older and D. Body Mass Index (BMI);""]","[""Surgery or Surgical Procedure: Surgery or Surgical Procedure means manual and / or operative procedure(s) required for treatment of an illness or injury, correction of deformities and defects, diagnosis and cure of diseases, relief from suffering and prolongation of life, performed in a hospital or day care centre by a medical practitioner. Unproven/Experimental treatment: Unproven/Experimental treatment means the treatment including drug experimental therapy which is not based on established medical practice in India, is treatment experimental or unproven.""]",2,1,"[""Classic_Group_Health_Insurance_6e05831c03.pdf_22"", ""Classic_Group_Health_Insurance_6e05831c03.pdf_61""]","[""Classic_Group_Health_Insurance_6e05831c03.pdf_23""]",,0.99999999995,1.0,0.8486040708624382,0.8888888888888888,0.75,1.0,1.0,0.7998255658135227,0.7642783592684781,0.6917293233082706,0.6917293233082706
Q_028,What is considered a pre-existing disease in this policy?,"A pre-existing medical condition is defined as a disease for which medical advice or treatment was recommended by, or received from, a physician not more than 36 months prior to the date of commencement of the policy. Expenses related to its treatment and direct complications are excluded until the expiry of 36 months of continuous coverage after the date of inception of the first policy. If the condition is also listed under specified diseases/procedures, the longer of the two waiting periods (36 months or 24 months) applies.","A pre-existing disease is any condition, ailment, injury or disease that was diagnosed by a physician within 36 months prior to the commencement of the policy or for which medical advice or treatment was recommended or received within that period.","[""A. Expenses related to the treatment of a pre-existing Disease (PED) and its direct complications shall be excluded until the expiry of 36 months of continuous coverage after the date of inception of the first"", ""A. Expenses related to the treatment of the following listed Conditions, surgeries/treatments shall be excluded until the expiry of 24 months of continuous coverage after the date of inception of the first policy with us. This exclusion shall not be applicable for claims arising due to an accident. B. In case of enhancement of sum insured the exclusion shall apply afresh to the extent of sum insured increase. C. If any of the specified disease/procedure falls under the waiting period specified for pre-Existing diseases, then the longer of the two waiting periods shall apply. D. The waiting period for listed conditions shall apply even if contracted after the policy or declared and"", ""or b) For which medical advice or treatment was recommended by, or received from, a physician, not more than 36 months prior to the date of commencement of the policy. Pre-hospitalization Medical Expenses: Pre-hospitalization Medical Expenses means medical expenses incurred during pre-defined number of days preceding the hospitalization of the Insured Person, provided that: i. Such Medical Expenses are incurred for the same condition for which the Insured Person\u2019s Hospitalization was required, and ii. The In-patient Hospitalization claim for such Hospitalization is admissible by the Insurance Company Post-hospitalization Medical Expenses: Post-hospitalization Medical Expenses means medical expenses incurred during pre-defined number of days immediately after the insured person is discharged from the"", ""D. Coverage under the policy after the expiry of 36 months for any pre-existing disease is subject to the same being declared at the time of application and accepted by Insurer.""]","[""a) That is/are diagnosed by a physician not more than 36 months prior to the date of commencement of the"", ""or b) For which medical advice or treatment was recommended by, or received from, a physician, not more than 36 months prior to the date of commencement of the policy. Pre-hospitalization Medical Expenses: Pre-hospitalization Medical Expenses means medical expenses incurred during pre-defined number of days preceding the hospitalization of the Insured Person, provided that: i. Such Medical Expenses are incurred for the same condition for which the Insured Person\u2019s Hospitalization was required, and ii. The In-patient Hospitalization claim for such Hospitalization is admissible by the Insurance Company Post-hospitalization Medical Expenses: Post-hospitalization Medical Expenses means medical expenses incurred during pre-defined number of days immediately after the insured person is discharged from the""]",4,2,"[""Classic_Group_Health_Insurance_6e05831c03.pdf_47"", ""Classic_Group_Health_Insurance_6e05831c03.pdf_50"", ""Classic_Group_Health_Insurance_6e05831c03.pdf_20"", ""Classic_Group_Health_Insurance_6e05831c03.pdf_49""]","[""Classic_Group_Health_Insurance_6e05831c03.pdf_19"", ""Classic_Group_Health_Insurance_6e05831c03.pdf_20""]",,0.8333333332916666,1.0,0.7802209685911569,0.75,0.5,1.0,1.0,0.8665956144290407,0.34749716590730834,0.4769230769230769,0.30769230769230765
Q_029,What is the grace period allowed for paying premiums?,The Grace Period for payment of the premium for all types of insurance policies shall be: fifteen Days where premium payment mode is monthly and thirty Days in all other cases.,The grace period for payment of the premium is fifteen days where the premium payment mode is monthly and thirty days in all other cases.,"[""Undertaken under General or Local Anesthesia in a hospital/day care centre in less than 24 hrs because of technological advancement, and ii. which would have otherwise required hospitalization of more than 24 hours Treatment normally taken on an out-patient basis is not included in the scope of this definition Disclosure to information norm: The policy shall be void and all premium paid thereon shall be forfeited to the Company in the event of misrepresentation, mis-description or non-disclosure of any material fact. Grace Period: Grace period means the specified period of time, immediately following the premium due date during which premium payment can be made to renew or continue a policy in force without loss of continuity benefits pertaining to waiting periods and coverage of Pre-Existing Diseases. Coverage need not be available during the period for which no premium is received. The Grace Period for payment of the premium for all types of insurance policies shall be: fifteen Days where premium payment mode is monthly and thirty Days in all other cases. Provided the insurers shall offer coverage during the Grace Period, if the premium is paid in instalments during"", ""3. At the end of the policy period, the policy shall terminate and can be renewed within the Grace Period of 30 days to maintain continuity of benefits without break in policy.""]","[""Undertaken under General or Local Anesthesia in a hospital/day care centre in less than 24 hrs because of technological advancement, and ii. which would have otherwise required hospitalization of more than 24 hours Treatment normally taken on an out-patient basis is not included in the scope of this definition Disclosure to information norm: The policy shall be void and all premium paid thereon shall be forfeited to the Company in the event of misrepresentation, mis-description or non-disclosure of any material fact. Grace Period: Grace period means the specified period of time, immediately following the premium due date during which premium payment can be made to renew or continue a policy in force without loss of continuity benefits pertaining to waiting periods and coverage of Pre-Existing Diseases. Coverage need not be available during the period for which no premium is received. The Grace Period for payment of the premium for all types of insurance policies shall be: fifteen Days where premium payment mode is monthly and thirty Days in all other cases. Provided the insurers shall offer coverage during the Grace Period, if the premium is paid in instalments during""]",2,1,"[""Classic_Group_Health_Insurance_6e05831c03.pdf_9"", ""Classic_Group_Health_Insurance_6e05831c03.pdf_103""]","[""Classic_Group_Health_Insurance_6e05831c03.pdf_9""]",,0.9999999999,1.0,0.9047636082416651,1.0,1.0,1.0,1.0,0.905094876782314,0.3979911905689587,0.8214285714285714,0.8214285714285714
Q_030,What is the definition of a hospital according to the policy?,"A covered healthcare facility in relation to inpatient hospitalization services is defined as any institution established for in-patient care and day care treatment of illness and/or injuries that has been registered as a hospital with the local authorities under Clinical Establishments (Registration and Regulation) Act 2010 or under enactments specified under the Schedule of Section 56(1) of the said act. It must also comply with the following minimum criteria:
i) has qualified nursing staff under its employment round the clock
ii) has at least 10 in-patient beds in towns having a population of less than 10,00,000 and at least 15 in-patient beds in all other places
iii) has qualified medical practitioner(s) in charge round the clock
iv) has a fully equipped operation theatre of its own where surgical procedures are carried out
v) maintains daily records of patients and makes these accessible to the insurance company’s authorized personnel","A hospital is an institution established for in-patient care and day care treatment of illness or injury, registered with local authorities or compliant with minimum criteria such as having qualified nursing staff round the clock, a qualified medical practitioner in charge, a fully equipped operation theatre, required inpatient beds depending on population, and maintaining daily patient records accessible to the insurer.","[""Policy Wordings Classic Group Health Insurance Unique Identification No.: SHAHLGP21239V022021 2 Hospital: A hospital means any institution established for in-patient care and day care treatment of illness and/or injuries and which has been registered as a hospital with the local authorities under Clinical Establishments (Registration and Regulation) Act 2010 or under enactments specified under the Schedule of Section 56(1) of the said act Or complies with all minimum criteria as under: i) has qualified nursing staff under its employment round the clock ii) has at least 10 in-patient beds in towns having a population of less than 10,00,000 and at least 15 in- patient beds in all other places iii) has qualified medical practitioner(s) in charge round the clock iv) has a fully equipped operation theatre of its own where surgical procedures are carried out v) maintains daily records of patients and makes these accessible to the insurance company\u2019s authorized personnel Illness: Illness means a sickness or a disease or pathological condition leading to the impairment of normal physiological function and requires medical treatment"", ""Day Care Centre: A day care centre means any institution established for day care treatment of illness and/or injuries or a medical setup with a hospital and which has been registered with the local authorities, wherever applicable, and is under supervision of a registered and qualified medical practitioner AND must comply with all minimum criterion as under- i) has qualified nursing staff under its employment; ii) has qualified medical practitioner/s in charge; iii) has fully equipped operation theatre of its own where surgical procedures are carried out; iv) maintains daily records of patients and will make these accessible to the insurance company\u2019s authorized personnel. Day Care Treatment: Day care treatment means medical treatment, and/or surgical procedure which is: i. Undertaken under General or Local Anesthesia in a hospital/day care centre in less than 24 hrs because of technological advancement, and ii. which would have otherwise required hospitalization of more than 24 hours Treatment normally taken on an out-patient basis is not included in the scope of this definition Disclosure to information norm: The policy shall be void and all premium paid thereon shall be forfeited to the Company in the event of misrepresentation, mis-description or non-disclosure of any material fact.""]","[""Policy Wordings Classic Group Health Insurance Unique Identification No.: SHAHLGP21239V022021 2 Hospital: A hospital means any institution established for in-patient care and day care treatment of illness and/or injuries and which has been registered as a hospital with the local authorities under Clinical Establishments (Registration and Regulation) Act 2010 or under enactments specified under the Schedule of Section 56(1) of the said act Or complies with all minimum criteria as under: i) has qualified nursing staff under its employment round the clock ii) has at least 10 in-patient beds in towns having a population of less than 10,00,000 and at least 15 in- patient beds in all other places iii) has qualified medical practitioner(s) in charge round the clock iv) has a fully equipped operation theatre of its own where surgical procedures are carried out v) maintains daily records of patients and makes these accessible to the insurance company\u2019s authorized personnel Illness: Illness means a sickness or a disease or pathological condition leading to the impairment of normal physiological function and requires medical treatment""]",2,1,"[""Classic_Group_Health_Insurance_6e05831c03.pdf_10"", ""Classic_Group_Health_Insurance_6e05831c03.pdf_8""]","[""Classic_Group_Health_Insurance_6e05831c03.pdf_10""]",,0.9999999999,1.0,0.5677463087226775,0.9166666666666666,1.0,1.0,1.0,0.7758011632700006,0.1863342913359055,0.5114155251141552,0.4474885844748859
Q_031,When will pre-existing diseases be covered under the policy?,The duration of the waiting period applicable to pre-existing medical conditions is 36 months of continuous coverage after the date of inception of the first policy.,"Expenses related to treatment of a pre-existing disease and its complications are excluded until the expiry of 36 months of continuous coverage from the first policy inception, and coverage after 36 months is subject to the disease being declared at the time of application and accepted by the insurer.","[""A. Expenses related to the treatment of a pre-existing Disease (PED) and its direct complications shall be excluded until the expiry of 36 months of continuous coverage after the date of inception of the first"", ""A. Expenses related to the treatment of the following listed Conditions, surgeries/treatments shall be excluded until the expiry of 24 months of continuous coverage after the date of inception of the first policy with us. This exclusion shall not be applicable for claims arising due to an accident. B. In case of enhancement of sum insured the exclusion shall apply afresh to the extent of sum insured increase. C. If any of the specified disease/procedure falls under the waiting period specified for pre-Existing diseases, then the longer of the two waiting periods shall apply. D. The waiting period for listed conditions shall apply even if contracted after the policy or declared and"", ""D. Coverage under the policy after the expiry of 36 months for any pre-existing disease is subject to the same being declared at the time of application and accepted by Insurer.""]","[""A. Expenses related to the treatment of a pre-existing Disease (PED) and its direct complications shall be excluded until the expiry of 36 months of continuous coverage after the date of inception of the first"", ""D. Coverage under the policy after the expiry of 36 months for any pre-existing disease is subject to the same being declared at the time of application and accepted by Insurer.""]",3,2,"[""Classic_Group_Health_Insurance_6e05831c03.pdf_47"", ""Classic_Group_Health_Insurance_6e05831c03.pdf_50"", ""Classic_Group_Health_Insurance_6e05831c03.pdf_49""]","[""Classic_Group_Health_Insurance_6e05831c03.pdf_47"", ""Classic_Group_Health_Insurance_6e05831c03.pdf_49""]",,0.8333333332916666,1.0,0.6303222438527823,1.0,0.5,1.0,1.0,0.7472853534944215,0.09216664458942328,0.5454545454545454,0.3116883116883117
Q_032,Are treatments for illnesses in the first 30 days covered by the policy?,Expenses related to the treatment of any illness within 30 days from the first policy commencement date shall be excluded except claims arising due to an accident.,"Expenses related to treatment of any illness within 30 days from the first policy commencement date are excluded, except for claims arising due to an accident.","[""A. Expenses related to the treatment of any illness within 30 days from the first policy commencement date shall be excluded except claims arising due to an accident, provided the same are covered B. This exclusion shall not, however, apply if the Insured Person has Continuous Coverage for more than twelve months C. The within referred waiting period is made applicable to the enhanced sum insured in the event of granting higher sum insured subsequently"", ""5. In the event of the group policy being discontinued or not renewed or when the members of the group leave the group on account of resignation/retirement/termination or otherwise, the following provision shall apply. a. The insured person/s covered under this group policy will be granted cover under Indemnity based Individual Health Policy. In respect of persons who have been covered continuously for a period of one year under this group policy with the Company, exclusion Code Excl \u2013 03 shall be waived. b. In respect of persons who have been covered continuously for a period of two years under this group policy with the Company, exclusions Code Excl-03 and Code Excl-02 shall be waived c. In respect of persons who have been covered continuously for a period of three years under this group policy with the Company, exclusions Code Excl-03, Code Excl-02 and Code Excl-01 shall be waived.""]","[""A. Expenses related to the treatment of any illness within 30 days from the first policy commencement date shall be excluded except claims arising due to an accident, provided the same are covered B. This exclusion shall not, however, apply if the Insured Person has Continuous Coverage for more than twelve months C. The within referred waiting period is made applicable to the enhanced sum insured in the event of granting higher sum insured subsequently""]",2,1,"[""Classic_Group_Health_Insurance_6e05831c03.pdf_58"", ""Classic_Group_Health_Insurance_6e05831c03.pdf_104""]","[""Classic_Group_Health_Insurance_6e05831c03.pdf_58""]",,0.9999999999,1.0,0.7822399668714538,1.0,1.0,1.0,1.0,0.9892987182243098,0.7015004473437001,0.9056603773584906,0.9056603773584906
Q_033,What medical expenses are included in ICU charges?,"Under the inpatient hospitalization benefits of the policy, ICU services including ICU charges are covered. ICU Charges means the amount charged by a Hospital towards ICU expenses which shall include the expenses for ICU bed, general medical support services provided to any ICU patient including monitoring devices, critical care nursing and intensivist charges. Medical Advice, which includes consultation or advice from a Medical Practitioner, is also covered. Ancillary services such as diagnostic procedures and life-support equipment rental are covered if they are part of the medical expenses incurred for treatment on the advice of a Medical Practitioner and are necessary for the management of the illness or injury.","ICU charges include the expenses for ICU bed, general medical support services provided to ICU patients including monitoring devices, critical care nursing and intensivist charges.","[""ICU Charges: ICU (Intensive Care Unit) Charges means the amount charged by a Hospital towards ICU expenses which shall include the expenses for ICU bed, general medical support services provided to any ICU patient including monitoring devices, critical care nursing and intensivist charges. Medical Advice: Medical Advice means any consultation or advice from a Medical Practitioner including the issuance of any prescription or follow-up prescription. Medical Expenses: Medical Expenses means those expenses that an Insured Person has necessarily and actually incurred for medical treatment on account of Illness or Accident on the advice of a Medical Practitioner, as long as these are no more than would have been payable if the Insured Person had not been insured and Policy Wordings Classic Group Health Insurance Unique Identification No.: SHAHLGP21239V022021 3"", ""Injury: Injury means accidental physical bodily harm excluding illness or disease solely and directly caused by external, violent, visible and evident means which is verified and certified by a Medical Practitioner. Inpatient Care Inpatient care means treatment for which the insured person has to stay in a hospital for more than 24 hours for a covered event. Intensive Care Unit: Intensive care unit means an identified section, ward or wing of a hospital which is under the constant supervision of a dedicated medical practitioner(s), and which is specially equipped for the continuous monitoring and treatment of patients who are in a critical condition, or require life support facilities and where the level of care and supervision is considerably more sophisticated and intensive than in the ordinary and other wards. ICU Charges: ICU (Intensive Care Unit) Charges means the amount charged by a Hospital towards ICU expenses which shall include the expenses for ICU bed, general medical support services provided to any ICU patient including monitoring devices, critical care nursing and intensivist charges. Medical Advice: Medical Advice means any consultation or advice from a Medical Practitioner including the issuance of any prescription or follow-up prescription."", ""i. Custodial care either at home or in a nursing facility for personal care such as help with activities of daily living such as bathing, dressing, moving around either by skilled nurses or assistant or non- skilled persons ii. Any services for people who are terminally ill to address physical, social, emotional and spiritual needs 6. Obesity/ Weight Control \u2013 Code Excl 06: Expenses related to the surgical treatment of obesity that"", ""or b) For which medical advice or treatment was recommended by, or received from, a physician, not more than 36 months prior to the date of commencement of the policy. Pre-hospitalization Medical Expenses: Pre-hospitalization Medical Expenses means medical expenses incurred during pre-defined number of days preceding the hospitalization of the Insured Person, provided that: i. Such Medical Expenses are incurred for the same condition for which the Insured Person\u2019s Hospitalization was required, and ii. The In-patient Hospitalization claim for such Hospitalization is admissible by the Insurance Company Post-hospitalization Medical Expenses: Post-hospitalization Medical Expenses means medical expenses incurred during pre-defined number of days immediately after the insured person is discharged from the"", ""i) is required for the medical management of the illness or injury suffered by the insured; ii) must not exceed the level of care necessary to provide safe, adequate and appropriate medical care in scope, duration, or intensity; iii) must have been prescribed by a medical practitioner; iv) must conform to the professional standards widely accepted in international medical practice or by the medical community in India. Migration means a facility provided to policyholders (including all members under family cover and group policies), to transfer the credits gained for Pre-Existing Diseases and specific waiting periods from one health"", ""E) Relevant Pre-Hospitalization medical expenses incurred for a period not exceeding 30 days prior to the date of hospitalization, for the disease/illness, injury sustained following an admissible claim under the"", ""Policy Wordings Classic Group Health Insurance Unique Identification No.: SHAHLGP21239V022021 2 Hospital: A hospital means any institution established for in-patient care and day care treatment of illness and/or injuries and which has been registered as a hospital with the local authorities under Clinical Establishments (Registration and Regulation) Act 2010 or under enactments specified under the Schedule of Section 56(1) of the said act Or complies with all minimum criteria as under: i) has qualified nursing staff under its employment round the clock ii) has at least 10 in-patient beds in towns having a population of less than 10,00,000 and at least 15 in- patient beds in all other places iii) has qualified medical practitioner(s) in charge round the clock iv) has a fully equipped operation theatre of its own where surgical procedures are carried out v) maintains daily records of patients and makes these accessible to the insurance company\u2019s authorized personnel Illness: Illness means a sickness or a disease or pathological condition leading to the impairment of normal physiological function and requires medical treatment"", ""15. The premium payable under this policy shall be payable in advance. No receipt of premium shall be valid except on the official form of the company signed by a duly authorized official of the company. The due payment of premium and the observance of fulfillment of the terms, provision, conditions and endorsements of this policy by the Insured Person/s, in so far as they relate to anything to be done or complied with by the Insured Person/s, shall be a condition precedent to any liability of the Company to make any payment under this policy. No waiver of any terms, provisions, conditions, and endorsements of this policy shall be valid unless made in writing and signed by an authorized official of the Company. Any medical practitioner authorized by the company shall be allowed to examine the Insured Person/s in case of any alleged injury or diseases requiring hospitalization when and as often as the same may reasonably be required on behalf of the Company at the Company\u2019s cost. 16."", ""Where Package rates are charged by the hospitals the Post-Hospitalization benefit will be calculated after taking the room, boarding and nursing charges at Rs 5000/- per day. The expenses as above are payable only where the in-patient hospitalization is for a minimum period of 24 hours. However this time limit will not apply to the day-care treatments detailed elsewhere in the policy. Policy Wordings Classic Group Health Insurance Unique Identification No.: SHAHLGP21239V022021 7"", ""In-Patient: In-Patient means an Insured Person who is admitted to Hospital and stays there for a minimum period of 24 hours for the sole purpose of receiving treatment. C. COVERAGE In consideration of the premium paid, subject to the terms, conditions, exclusions and definitions contained herein the Company agrees as under. That if during the period stated in the Schedule the Insured Person/s shall contract any disease or suffer from any illness or sustain bodily injury through accident and if such disease or injury shall require the Insured Person/s, upon the advice of a Physician/Medical Specialist /Medical Practitioner or of duly Qualified Surgeon to incur Hospitalization expenses during the period stated in the schedule for medical/surgical treatment at any Policy Wordings Classic Group Health Insurance Unique Identification No.: SHAHLGP21239V022021 5"", ""Expenses relating to hospitalization will be considered in proportion to the eligible room rent stated in the"", ""F) Post \u2013Hospitalization expenses incurred up to 60 days after discharge from the hospital. The amount payable shall not exceed the sum equivalent to 7% of the hospitalization expenses subject to a maximum of Rs5000/- per hospitalization. For the purpose of calculation of the 7%, only nursing expenses, surgeon\u2019s / consultants fees, diagnostic charges and cost of drugs and medicines will be taken G) Coverage for Modern Treatment The expenses payable during the entire policy period for treatment of the following diseases/ conditions (either as a day care or as in-patient exceeding 24hrs of admission in the hospital) is limited to the amount mentioned in table below"", ""A. Expenses related to the treatment of the following listed Conditions, surgeries/treatments shall be excluded until the expiry of 24 months of continuous coverage after the date of inception of the first policy with us. This exclusion shall not be applicable for claims arising due to an accident. B. In case of enhancement of sum insured the exclusion shall apply afresh to the extent of sum insured increase. C. If any of the specified disease/procedure falls under the waiting period specified for pre-Existing diseases, then the longer of the two waiting periods shall apply. D. The waiting period for listed conditions shall apply even if contracted after the policy or declared and"", ""A. Expenses related to the treatment of any illness within 30 days from the first policy commencement date shall be excluded except claims arising due to an accident, provided the same are covered B. This exclusion shall not, however, apply if the Insured Person has Continuous Coverage for more than twelve months C. The within referred waiting period is made applicable to the enhanced sum insured in the event of granting higher sum insured subsequently"", ""The Group administrator shall play a facilitative role between the Insurer and the Insured Person. Such role includes (i) Furnish to the Company detailed list of Insured Person/s for preparation of ID cards (ii) Distribute ID cards received from the Company (iii) To facilitate Insured Person / s in availing cashless facility (iv)To make payment of premium on or before the stipulated time. 24. Package Charges: The Company\u2019s liability in respect of package charges will be restricted to 80% of such amount. (Package charges refer to charges that are not advertised in the Schedule of the hospital). 25. Group Discount depending on the size of the Group is as per scales below; % Of discount on premium (excluding Add- on No of members in the Group cover premium and Service Tax) Up-to 500 persons Nil 501-1000 2.5% 1001-3000 5.0% 3001-7000 7.5% 7001-10000 10.0% > 10000 12.0% Note: The Group Discount is allowable only to Groups where the claims experience is less than 80%.""]","[""Injury: Injury means accidental physical bodily harm excluding illness or disease solely and directly caused by external, violent, visible and evident means which is verified and certified by a Medical Practitioner. Inpatient Care Inpatient care means treatment for which the insured person has to stay in a hospital for more than 24 hours for a covered event. Intensive Care Unit: Intensive care unit means an identified section, ward or wing of a hospital which is under the constant supervision of a dedicated medical practitioner(s), and which is specially equipped for the continuous monitoring and treatment of patients who are in a critical condition, or require life support facilities and where the level of care and supervision is considerably more sophisticated and intensive than in the ordinary and other wards. ICU Charges: ICU (Intensive Care Unit) Charges means the amount charged by a Hospital towards ICU expenses which shall include the expenses for ICU bed, general medical support services provided to any ICU patient including monitoring devices, critical care nursing and intensivist charges. Medical Advice: Medical Advice means any consultation or advice from a Medical Practitioner including the issuance of any prescription or follow-up prescription."", ""ICU Charges: ICU (Intensive Care Unit) Charges means the amount charged by a Hospital towards ICU expenses which shall include the expenses for ICU bed, general medical support services provided to any ICU patient including monitoring devices, critical care nursing and intensivist charges. Medical Advice: Medical Advice means any consultation or advice from a Medical Practitioner including the issuance of any prescription or follow-up prescription. Medical Expenses: Medical Expenses means those expenses that an Insured Person has necessarily and actually incurred for medical treatment on account of Illness or Accident on the advice of a Medical Practitioner, as long as these are no more than would have been payable if the Insured Person had not been insured and Policy Wordings Classic Group Health Insurance Unique Identification No.: SHAHLGP21239V022021 3""]",15,2,"[""Classic_Group_Health_Insurance_6e05831c03.pdf_15"", ""Classic_Group_Health_Insurance_6e05831c03.pdf_14"", ""Classic_Group_Health_Insurance_6e05831c03.pdf_60"", ""Classic_Group_Health_Insurance_6e05831c03.pdf_20"", ""Classic_Group_Health_Insurance_6e05831c03.pdf_17"", ""Classic_Group_Health_Insurance_6e05831c03.pdf_29"", ""Classic_Group_Health_Insurance_6e05831c03.pdf_10"", ""Classic_Group_Health_Insurance_6e05831c03.pdf_112"", ""Classic_Group_Health_Insurance_6e05831c03.pdf_41"", ""Classic_Group_Health_Insurance_6e05831c03.pdf_26"", ""Classic_Group_Health_Insurance_6e05831c03.pdf_45"", ""Classic_Group_Health_Insurance_6e05831c03.pdf_30"", ""Classic_Group_Health_Insurance_6e05831c03.pdf_50"", ""Classic_Group_Health_Insurance_6e05831c03.pdf_58"", ""Classic_Group_Health_Insurance_6e05831c03.pdf_118""]","[""Classic_Group_Health_Insurance_6e05831c03.pdf_14"", ""Classic_Group_Health_Insurance_6e05831c03.pdf_15""]",,0.99999999995,1.0,0.5152509668452765,0.5384615384615384,0.5,1.0,1.0,0.7751026370527544,0.031601703526974945,0.373134328358209,0.373134328358209
Q_034,When are pre-hospitalization medical expenses payable?,"Relevant pre-hospitalization medical expenses incurred for a period not exceeding 30 days prior to the date of hospitalization, for the disease/illness, injury sustained following an admissible claim.","Pre-hospitalization medical expenses are payable for expenses incurred up to 30 days prior to hospitalization, provided they are for the same illness or injury that required hospitalization and the inpatient hospitalization claim is admissible by the insurance company.","[""or b) For which medical advice or treatment was recommended by, or received from, a physician, not more than 36 months prior to the date of commencement of the policy. Pre-hospitalization Medical Expenses: Pre-hospitalization Medical Expenses means medical expenses incurred during pre-defined number of days preceding the hospitalization of the Insured Person, provided that: i. Such Medical Expenses are incurred for the same condition for which the Insured Person\u2019s Hospitalization was required, and ii. The In-patient Hospitalization claim for such Hospitalization is admissible by the Insurance Company Post-hospitalization Medical Expenses: Post-hospitalization Medical Expenses means medical expenses incurred during pre-defined number of days immediately after the insured person is discharged from the"", ""E) Relevant Pre-Hospitalization medical expenses incurred for a period not exceeding 30 days prior to the date of hospitalization, for the disease/illness, injury sustained following an admissible claim under the""]","[""or b) For which medical advice or treatment was recommended by, or received from, a physician, not more than 36 months prior to the date of commencement of the policy. Pre-hospitalization Medical Expenses: Pre-hospitalization Medical Expenses means medical expenses incurred during pre-defined number of days preceding the hospitalization of the Insured Person, provided that: i. Such Medical Expenses are incurred for the same condition for which the Insured Person\u2019s Hospitalization was required, and ii. The In-patient Hospitalization claim for such Hospitalization is admissible by the Insurance Company Post-hospitalization Medical Expenses: Post-hospitalization Medical Expenses means medical expenses incurred during pre-defined number of days immediately after the insured person is discharged from the"", ""E) Relevant Pre-Hospitalization medical expenses incurred for a period not exceeding 30 days prior to the date of hospitalization, for the disease/illness, injury sustained following an admissible claim under the""]",2,2,"[""Classic_Group_Health_Insurance_6e05831c03.pdf_20"", ""Classic_Group_Health_Insurance_6e05831c03.pdf_29""]","[""Classic_Group_Health_Insurance_6e05831c03.pdf_20"", ""Classic_Group_Health_Insurance_6e05831c03.pdf_29""]",,0.99999999995,1.0,0.7962689543107878,0.6666666666666666,1.0,1.0,1.0,0.8621457845419859,0.10180492388071359,0.5294117647058824,0.4411764705882353
Q_035,Under what conditions are post-hospitalization expenses covered?,"Post-hospitalization Medical Expenses are covered for up to 60 days after discharge from the hospital. The amount payable shall not exceed the sum equivalent to 7% of the hospitalization expenses, subject to a maximum of Rs5000/- per hospitalization. For calculation of the 7%, only nursing expenses, surgeon’s/consultants fees, diagnostic charges, and cost of drugs and medicines will be considered. Where package rates are charged by hospitals, the benefit is calculated after taking room, boarding, and nursing charges at Rs5000/- per day. This coverage applies only where the in-patient hospitalization is for a minimum period of 24 hours.","Post-hospitalization expenses incurred up to 60 days after discharge are payable, but the amount shall not exceed 7% of the hospitalization expenses subject to a maximum of Rs.5000 per hospitalization.","[""or b) For which medical advice or treatment was recommended by, or received from, a physician, not more than 36 months prior to the date of commencement of the policy. Pre-hospitalization Medical Expenses: Pre-hospitalization Medical Expenses means medical expenses incurred during pre-defined number of days preceding the hospitalization of the Insured Person, provided that: i. Such Medical Expenses are incurred for the same condition for which the Insured Person\u2019s Hospitalization was required, and ii. The In-patient Hospitalization claim for such Hospitalization is admissible by the Insurance Company Post-hospitalization Medical Expenses: Post-hospitalization Medical Expenses means medical expenses incurred during pre-defined number of days immediately after the insured person is discharged from the"", ""E) Relevant Pre-Hospitalization medical expenses incurred for a period not exceeding 30 days prior to the date of hospitalization, for the disease/illness, injury sustained following an admissible claim under the"", ""F) Post \u2013Hospitalization expenses incurred up to 60 days after discharge from the hospital. The amount payable shall not exceed the sum equivalent to 7% of the hospitalization expenses subject to a maximum of Rs5000/- per hospitalization. For the purpose of calculation of the 7%, only nursing expenses, surgeon\u2019s / consultants fees, diagnostic charges and cost of drugs and medicines will be taken G) Coverage for Modern Treatment The expenses payable during the entire policy period for treatment of the following diseases/ conditions (either as a day care or as in-patient exceeding 24hrs of admission in the hospital) is limited to the amount mentioned in table below"", ""Where Package rates are charged by the hospitals the Post-Hospitalization benefit will be calculated after taking the room, boarding and nursing charges at Rs 5000/- per day. The expenses as above are payable only where the in-patient hospitalization is for a minimum period of 24 hours. However this time limit will not apply to the day-care treatments detailed elsewhere in the policy. Policy Wordings Classic Group Health Insurance Unique Identification No.: SHAHLGP21239V022021 7""]","[""F) Post \u2013Hospitalization expenses incurred up to 60 days after discharge from the hospital. The amount payable shall not exceed the sum equivalent to 7% of the hospitalization expenses subject to a maximum of Rs5000/- per hospitalization. For the purpose of calculation of the 7%, only nursing expenses, surgeon\u2019s / consultants fees, diagnostic charges and cost of drugs and medicines will be taken G) Coverage for Modern Treatment The expenses payable during the entire policy period for treatment of the following diseases/ conditions (either as a day care or as in-patient exceeding 24hrs of admission in the hospital) is limited to the amount mentioned in table below""]",4,1,"[""Classic_Group_Health_Insurance_6e05831c03.pdf_20"", ""Classic_Group_Health_Insurance_6e05831c03.pdf_29"", ""Classic_Group_Health_Insurance_6e05831c03.pdf_30"", ""Classic_Group_Health_Insurance_6e05831c03.pdf_41""]","[""Classic_Group_Health_Insurance_6e05831c03.pdf_30""]",,0.8055555555287036,1.0,0.8161949910482402,1.0,0.75,1.0,1.0,0.8841133847483935,0.09445025993611894,0.4210526315789474,0.3909774436090226
Q_036,What benefits are provided for emergency ambulance services?,"The company will pay emergency ground ambulance charges up to a sum of Rs.750 per hospitalization, with an overall limit of Rs.1,500 per policy period for transportation by a private ambulance service when medically necessary to go to a hospital for treatment. This coverage applies only if there is an admissible claim under the policy.","Emergency ambulance charges are payable up to Rs.750 per hospitalization and subject to an overall limit of Rs.1,500 per policy period when transportation by private ambulance is required for medical reasons and there is an admissible claim under the policy.","[""With regard to coronary stenting, the company will pay such amount up to the extent of cost of bare metal stent/drug eluting cobalt-chromium stent/drug eluting stainless steel stent. In respect of medicines, Implants and such other similar items, the Company will pay up to the cost of alternate indigenous make. D) Emergency ambulance charges up-to a sum of Rs.750/- per hospitalization and overall limit of Rs.1,500/- per policy period for transportation of the insured person by private ambulance service when this is needed for medical reasons to go to hospital for treatment, provided however there is an admissible claim under""]","[""With regard to coronary stenting, the company will pay such amount up to the extent of cost of bare metal stent/drug eluting cobalt-chromium stent/drug eluting stainless steel stent. In respect of medicines, Implants and such other similar items, the Company will pay up to the cost of alternate indigenous make. D) Emergency ambulance charges up-to a sum of Rs.750/- per hospitalization and overall limit of Rs.1,500/- per policy period for transportation of the insured person by private ambulance service when this is needed for medical reasons to go to hospital for treatment, provided however there is an admissible claim under""]",1,1,"[""Classic_Group_Health_Insurance_6e05831c03.pdf_28""]","[""Classic_Group_Health_Insurance_6e05831c03.pdf_28""]",,0.9999999999,1.0,0.6279143244825832,1.0,1.0,1.0,1.0,0.9247531863984465,0.3179685350697976,0.693069306930693,0.6336633663366337
Q_037,When is AYUSH treatment covered under the policy?,"AYUSH treatment coverage under the policy has no explicit waiting period or pre-existing condition clause mentioned in the provided context. The waiting period for specified diseases/procedures is 24 months (Section 2. Specified disease/procedure waiting period – Code Excl 02), and pre-existing diseases have a 36-month waiting period (Section 1. Pre-Existing Diseases – Code Excl 01). However, if AYUSH treatment falls under a specified disease/procedure or pre-existing disease, the longer of the two waiting periods (24 or 36 months) would apply as per Section 2. Specified disease/procedure waiting period – Code Excl 02, part C.","Medical expenses for inpatient hospitalization under Ayurveda, Unani, Siddha and Homeopathy systems in an AYUSH hospital are payable up to the sum insured, while Yoga and Naturopathy treatments are excluded from AYUSH coverage.","[""A. Expenses related to the treatment of the following listed Conditions, surgeries/treatments shall be excluded until the expiry of 24 months of continuous coverage after the date of inception of the first policy with us. This exclusion shall not be applicable for claims arising due to an accident. B. In case of enhancement of sum insured the exclusion shall apply afresh to the extent of sum insured increase. C. If any of the specified disease/procedure falls under the waiting period specified for pre-Existing diseases, then the longer of the two waiting periods shall apply. D. The waiting period for listed conditions shall apply even if contracted after the policy or declared and"", ""A. Expenses related to the treatment of a pre-existing Disease (PED) and its direct complications shall be excluded until the expiry of 36 months of continuous coverage after the date of inception of the first"", ""H) AYUSH Treatment: Medical expenses for Inpatient Hospitalization incurred on treatment under Ayurveda, Unani, Sidha and Homeopathy systems of medicines in a AYUSH Hospital is payable up to the sum insured. Note: Yoga and Naturopathy systems of treatments are excluded from the scope of coverage under AYUSH treatment I) Patient Care: The cost of engaging one attendant at residence immediately after discharge from the hospital provided the same is recommended by the attending physician. Such expenses are payable up- to Rs 400/- for each completed day up-to 5 days per occurrence and 14 days per policy period. No payment will be made for the first day. This benefit is applicable only for insured persons above 60 years of age and becomes payable only upon""]","[""AYUSH Treatment: AYUSH Treatment refers to the medical and / or hospitalization treatments given under 'Ayurveda, Yoga and Naturopathy, Unani, Siddha and Homeopathy systems' Break in policy means the period of gap that occurs at the end of the existing policy term/instalment premium due date, when the premium due for renewal on a given policy or instalment premium due is not paid on or before the premium renewal date or Grace Period. Cashless facility: Cashless facility means a facility extended by the insurer to the insured where the payments, of the costs of treatment undergone by the insured in accordance with the policy terms and conditions, are directly made to the network provider by the insurer to the extent pre-authorization is approved. Condition Precedent: Condition Precedent means a policy term or condition upon which the Insurer's liability"", ""H) AYUSH Treatment: Medical expenses for Inpatient Hospitalization incurred on treatment under Ayurveda, Unani, Sidha and Homeopathy systems of medicines in a AYUSH Hospital is payable up to the sum insured. Note: Yoga and Naturopathy systems of treatments are excluded from the scope of coverage under AYUSH treatment I) Patient Care: The cost of engaging one attendant at residence immediately after discharge from the hospital provided the same is recommended by the attending physician. Such expenses are payable up- to Rs 400/- for each completed day up-to 5 days per occurrence and 14 days per policy period. No payment will be made for the first day. This benefit is applicable only for insured persons above 60 years of age and becomes payable only upon""]",3,2,"[""Classic_Group_Health_Insurance_6e05831c03.pdf_50"", ""Classic_Group_Health_Insurance_6e05831c03.pdf_47"", ""Classic_Group_Health_Insurance_6e05831c03.pdf_39""]","[""Classic_Group_Health_Insurance_6e05831c03.pdf_5"", ""Classic_Group_Health_Insurance_6e05831c03.pdf_39""]",,0.3333333333,1.0,0.8557256017380742,0.42857142857142855,0.0,1.0,0.5,0.6110745039824499,0.012236886790885018,0.13533834586466167,0.07518796992481203
Q_038,What conditions must be met for obesity surgery to be considered under the policy exclusions?,"For bariatric surgery to be evaluated under the policy’s pre-authorization and coverage limitations, the following criteria must be satisfied:
The surgery must be conducted upon the advice of a doctor, supported by clinical protocols, and the member must be 18 years or older with a specified Body Mass Index (BMI). Expenses related to surgical treatment of obesity are excluded under Code Excl 06. The waiting period for obesity-related surgical treatment is 24 months of continuous coverage after the date of inception of the first policy, unless the condition falls under pre-existing diseases (Code Excl 01), in which case the longer of the two waiting periods (36 months or 24 months) applies.","Surgery must be conducted on the advice of a doctor, supported by clinical protocols, the member must be 18 years or older, and the BMI must be either greater than or equal to 40 or greater than or equal to 35 with severe co-morbidities after failure of less invasive weight loss methods.","[""Policy Wordings Classic Group Health Insurance Unique Identification No.: SHAHLGP21239V022021 9 A. Surgery to be conducted is upon the advice of the Doctor B. The surgery/Procedure conducted should be supported by clinical protocols C. The member has to be 18 years of age or older and D. Body Mass Index (BMI);"", ""A. Expenses related to the treatment of the following listed Conditions, surgeries/treatments shall be excluded until the expiry of 24 months of continuous coverage after the date of inception of the first policy with us. This exclusion shall not be applicable for claims arising due to an accident. B. In case of enhancement of sum insured the exclusion shall apply afresh to the extent of sum insured increase. C. If any of the specified disease/procedure falls under the waiting period specified for pre-Existing diseases, then the longer of the two waiting periods shall apply. D. The waiting period for listed conditions shall apply even if contracted after the policy or declared and"", ""i. Custodial care either at home or in a nursing facility for personal care such as help with activities of daily living such as bathing, dressing, moving around either by skilled nurses or assistant or non- skilled persons ii. Any services for people who are terminally ill to address physical, social, emotional and spiritual needs 6. Obesity/ Weight Control \u2013 Code Excl 06: Expenses related to the surgical treatment of obesity that"", ""A. Expenses related to the treatment of a pre-existing Disease (PED) and its direct complications shall be excluded until the expiry of 36 months of continuous coverage after the date of inception of the first""]","[""Policy Wordings Classic Group Health Insurance Unique Identification No.: SHAHLGP21239V022021 9 A. Surgery to be conducted is upon the advice of the Doctor B. The surgery/Procedure conducted should be supported by clinical protocols C. The member has to be 18 years of age or older and D. Body Mass Index (BMI);"", ""2. greater than or equal to 35 in conjunction with any of the following severe co-morbidities"", ""a. Obesity-related cardiomyopathy b. Coronary heart disease c. Severe Sleep Apnea d. Uncontrolled Type2 Diabetes""]",4,3,"[""Classic_Group_Health_Insurance_6e05831c03.pdf_61"", ""Classic_Group_Health_Insurance_6e05831c03.pdf_50"", ""Classic_Group_Health_Insurance_6e05831c03.pdf_60"", ""Classic_Group_Health_Insurance_6e05831c03.pdf_47""]","[""Classic_Group_Health_Insurance_6e05831c03.pdf_61"", ""Classic_Group_Health_Insurance_6e05831c03.pdf_62"", ""Classic_Group_Health_Insurance_6e05831c03.pdf_63""]",,0.9999999999,1.0,0.711951686855003,0.75,0.25,1.0,1.0,0.6984596013197037,0.36266467417807136,0.38095238095238093,0.2976190476190476
Q_039,What conditions must be satisfied for treatment to qualify as medically necessary?,"For a proposed treatment or procedure to be considered eligible for coverage under this insurance plan, the following medical necessity criteria must be met:
i) it must be required for the medical management of the illness or injury suffered by the insured
ii) it must not exceed the level of care necessary to provide safe, adequate and appropriate medical care in scope, duration, or intensity
iii) it must have been prescribed by a medical practitioner
iv) it must conform to the professional standards widely accepted in international medical practice or by the medical community in India","Medically necessary treatment must be required for medical management of illness or injury, must not exceed the level of care necessary for safe and appropriate treatment, must be prescribed by a medical practitioner, and must conform to professional standards accepted in international medical practice or by the medical community in India.","[""A. Condition Precedent to Admission of Liability: The terms and conditions of the policy must be fulfilled by the insured person for the Company to make any payment for claim(s) arising under the"", ""i) is required for the medical management of the illness or injury suffered by the insured; ii) must not exceed the level of care necessary to provide safe, adequate and appropriate medical care in scope, duration, or intensity; iii) must have been prescribed by a medical practitioner; iv) must conform to the professional standards widely accepted in international medical practice or by the medical community in India. Migration means a facility provided to policyholders (including all members under family cover and group policies), to transfer the credits gained for Pre-Existing Diseases and specific waiting periods from one health""]","[""i) is required for the medical management of the illness or injury suffered by the insured; ii) must not exceed the level of care necessary to provide safe, adequate and appropriate medical care in scope, duration, or intensity; iii) must have been prescribed by a medical practitioner; iv) must conform to the professional standards widely accepted in international medical practice or by the medical community in India. Migration means a facility provided to policyholders (including all members under family cover and group policies), to transfer the credits gained for Pre-Existing Diseases and specific waiting periods from one health""]",2,1,"[""Classic_Group_Health_Insurance_6e05831c03.pdf_83"", ""Classic_Group_Health_Insurance_6e05831c03.pdf_17""]","[""Classic_Group_Health_Insurance_6e05831c03.pdf_17""]",,0.49999999995,1.0,0.5251717566781728,0.6666666666666666,1.0,1.0,1.0,0.8069200269948966,0.2788446153345389,0.6530612244897959,0.6122448979591837
Q_040,When can cashless treatment be used under this policy?,"Cashless processing is permitted only in networked hospitals. The insured must obtain the Pre-authorisation Form from the Hospital Help Desk, complete it with patient information, and submit it to the hospital. The hospital will fill in the expected cost of treatment, and the form is submitted to the Company for approval. The Company will process the request and approve or reject it based on terms, conditions, and exclusions. For details of networked hospitals, visit www.starhealth.in or refer to the list provided with the policy document. In case of emergency hospitalization, information must be given within 24 hours after hospitalization.","Cashless facility can be availed only in network hospitals, and in case of emergency hospitalization the insurer must be informed within 24 hours after hospitalization.","[""d. Obtain the Pre-authorisation Form from the Hospital Help Desk, complete the Patient Information and resubmit to the Hospital Help Desk. e. The Treating Doctor will complete the hospitalisation/ treatment information and the hospital will fill up expected cost of treatment. This form is submitted to the Company f. The Company will process the request and call for additional documents / clarifications if the information furnished is inadequate. g. Once all the details are furnished, the Company will process the request as per the terms and conditions as well as the exclusions therein and either approve or reject the request based on the merits. h. In case of emergency hospitalization information to be given within 24 hours after hospitalization i. Cashless facility can be availed only in networked Hospitals. For details of Networked Hospitals, the insured may visit www.starhealth.in or contact the nearest branch or refer to the list of"", ""AYUSH Treatment: AYUSH Treatment refers to the medical and / or hospitalization treatments given under 'Ayurveda, Yoga and Naturopathy, Unani, Siddha and Homeopathy systems' Break in policy means the period of gap that occurs at the end of the existing policy term/instalment premium due date, when the premium due for renewal on a given policy or instalment premium due is not paid on or before the premium renewal date or Grace Period. Cashless facility: Cashless facility means a facility extended by the insurer to the insured where the payments, of the costs of treatment undergone by the insured in accordance with the policy terms and conditions, are directly made to the network provider by the insurer to the extent pre-authorization is approved. Condition Precedent: Condition Precedent means a policy term or condition upon which the Insurer's liability"", ""j. KYC (Identity proof with Address) of the proposer, as per AML Guidelines In non-network hospitals payment must be made up-front and then reimbursement will be effected on submission of documents. Note: The Company reserves the right to call for additional documents wherever required. Policy Wordings Classic Group Health Insurance Unique Identification No.: SHAHLGP21239V022021 12"", ""27. Excluded Hospitals (providers): Insured can refer the company website using the following link to the list of excluded hospitals. https://www.starhealth.in/lookup/hospital/#excluded-hospital List of Ombudsman Jurisdiction of Office""]","[""d. Obtain the Pre-authorisation Form from the Hospital Help Desk, complete the Patient Information and resubmit to the Hospital Help Desk. e. The Treating Doctor will complete the hospitalisation/ treatment information and the hospital will fill up expected cost of treatment. This form is submitted to the Company f. The Company will process the request and call for additional documents / clarifications if the information furnished is inadequate. g. Once all the details are furnished, the Company will process the request as per the terms and conditions as well as the exclusions therein and either approve or reject the request based on the merits. h. In case of emergency hospitalization information to be given within 24 hours after hospitalization i. Cashless facility can be availed only in networked Hospitals. For details of Networked Hospitals, the insured may visit www.starhealth.in or contact the nearest branch or refer to the list of"", ""j. KYC (Identity proof with Address) of the proposer, as per AML Guidelines In non-network hospitals payment must be made up-front and then reimbursement will be effected on submission of documents. Note: The Company reserves the right to call for additional documents wherever required. Policy Wordings Classic Group Health Insurance Unique Identification No.: SHAHLGP21239V022021 12""]",4,2,"[""Classic_Group_Health_Insurance_6e05831c03.pdf_85"", ""Classic_Group_Health_Insurance_6e05831c03.pdf_5"", ""Classic_Group_Health_Insurance_6e05831c03.pdf_86"", ""Classic_Group_Health_Insurance_6e05831c03.pdf_122""]","[""Classic_Group_Health_Insurance_6e05831c03.pdf_85"", ""Classic_Group_Health_Insurance_6e05831c03.pdf_86""]",,0.9999999999,1.0,0.5564393618082354,1.0,0.5,1.0,1.0,0.7195794385043133,0.01221703410161505,0.3307086614173228,0.2834645669291339
Q_041,What types of medical expenses does the policy cover during treatment?,"We will cover Medical Expenses for Doctors’ fees, Diagnostics Tests, Medicines, drugs and consumables, Intravenous fluids, blood transfusion, injection administration charges, Operation theatre charges, the cost of prosthetics and other devices or equipment if implanted internally during a Surgical Operation, Intensive Care Unit charges, and Reasonable and Customary charges for Hospital accommodation. Pre-hospitalization expenses up to 30 days before admission and post-hospitalization expenses up to 60 days after discharge for the same illness are also covered as reimbursement. Day-Care Procedures (including Chemotherapy, Radiotherapy, Hemodialysis, and other procedures requiring specialized observation or care) undertaken as an in-patient for less than 24 hours are included.","The policy covers doctors’ fees, diagnostic tests, medicines, drugs and consumables, intravenous fluids, blood transfusion, injection administration charges, operation theatre charges, the cost of prosthetics and devices implanted during surgery, and intensive care unit charges.","[""(a) Doctors\u2019 fees (b) Diagnostics Tests (c) Medicines, drugs and consumables (d) Intravenous fluids, blood transfusion, injection administration charges (e) Operation theatre charges (f) The cost of prosthetics and other devices or equipment if implanted internally during a Surgical Operation. (g) Intensive Care Unit charges"", ""We will cover Medical Expenses incurred due to Illness up to 30 days immediately before an Insured Person\u2019s admission to a Hospital for the same Illness as long as We have accepted an In-patient Hospitalisation claim under 2.1 above. Pre-hospitalization expenses can be claimed as reimbursement only."", ""We will cover Medical Expenses for Day Care Procedures (including Chemotherapy, Radiotherapy, Hemodialysis, any procedure which needs a period of specialized observation or care after completion of the procedure) where such procedures are undertaken by an Insured Person as an In-patient in a Hospital for a continuous period of less than 24 hours. Any procedure undertaken on an out-patient basis in a Hospital will not be covered."", ""We will cover Medical Expenses incurred due to Illness up to 60 days immediately after an Insured Person\u2019s discharge from Hospital for the same Illness as long as We have accepted an In-patient Hospitalisation claim under 2.1 above. Post-hospitalization expenses can be claimed as reimbursement only."", ""We will cover Reasonable and Customary charges for Hospital accommodation."", ""EXCEPTION: We will pay for a Surgical Operation for which the Insured Person is Hospitalised as a result of an Accident and which is undertaken as an In-patient in a Hospital and carried out by a Doctor. x. Drugs and dressings for Out-patient or take-home use Any drugs or surgical dressings that are provided or prescribed in the case of Out-patient Treatment, or for an Insured Person to take home on leaving Hospital, for any condition, except as included in post-hospitalization expenses under clause 2.4 above. xi. Eyesight Treatment to correct refractive errors of the eye, unless required as the result of an Accident. We will not pay for routine eye examinations, contact lenses, spectacles or laser eye sight correction. xii. Experimental treatment Treatment, including medication, which in competent Medical Practitioner\u2019s opinion is experimental or has not generally been proved to be effective. xiii. Health hydros, nature cure, wellness clinics etc. Treatment or services received in health hydros, nature cure clinics or any establishment that is not a Hospital. xiv.""]","[""(a) Doctors\u2019 fees (b) Diagnostics Tests (c) Medicines, drugs and consumables (d) Intravenous fluids, blood transfusion, injection administration charges (e) Operation theatre charges (f) The cost of prosthetics and other devices or equipment if implanted internally during a Surgical Operation. (g) Intensive Care Unit charges""]",6,1,"[""Health Companion-Health Insurance Plan_GEN617.pdf_2"", ""Health Companion-Health Insurance Plan_GEN617.pdf_4"", ""Health Companion-Health Insurance Plan_GEN617.pdf_6"", ""Health Companion-Health Insurance Plan_GEN617.pdf_5"", ""Health Companion-Health Insurance Plan_GEN617.pdf_3"", ""Health Companion-Health Insurance Plan_GEN617.pdf_26""]","[""Health Companion-Health Insurance Plan_GEN617.pdf_2""]",,0.6666666666444444,1.0,0.8555028448456915,1.0,0.5,1.0,1.0,0.8137174947207793,0.31712456481080503,0.4647887323943662,0.43661971830985913
Q_042,Does the policy cover hospital accommodation charges?,"We will cover Reasonable and Customary charges for Hospital accommodation. Further where Medical Expenses are linked with room rates, Medical Expenses as applicable to the room that is actually occupied or as per room rates entitlement under the plan opted, whichever is lower, shall be payable.",The policy covers reasonable and customary charges for hospital accommodation.,"[""We will cover Reasonable and Customary charges for Hospital accommodation."", ""Further where Medical Expenses are linked with room rates, Medical Expenses as applicable to the room that is actually occupied or as per room rates entitlement under the plan opted, whichever is lower, shall be payable. (d) It is hereby agreed and understood that in providing pre-authorisation or accepting a claim for reimbursement under this Policy or making a payment under this Policy, We make no representation and/or give no guarantee and/or assume no responsibility for the appropriateness, quality or effectiveness of the treatment sought or provided. n. Alteration to the Policy This Policy constitutes the complete contract of insurance. Any change in the Policy will only be evidenced by a written endorsement signed and stamped by Us. No one except Us can change"", ""(2) A medical examination by Our doctor or for an investigation as often as We believe this to be necessary. Any expenses related to such examinations or investigations shall be borne by Us. ii. In the event of the Insured Person's death during Hospitalization, written notice accompanied by a copy of the post mortem report (if any) shall be given to Us within 14 days regardless of whether any other notice has been given to Us. We reserve the right to require an autopsy. iii.For the purposes of benefit 2, it is understood and agreed that if a Hospital room as per the rent limit permitted by the insurance plan opted for, as shown in the Product Benefits Table, is unavailable, then We will only be liable to make payment for a Hospital room that is actually occupied or as per entitlement permitted by the plan opted for, whichever is lower. Further where Medical Expenses are linked with room rates, Medical Expenses as applicable to the room that is actually occupied or as per room rates entitlement under the plan opted, whichever is lower, shall be payable.""]","[""We will cover Reasonable and Customary charges for Hospital accommodation.""]",3,1,"[""Health Companion-Health Insurance Plan_GEN617.pdf_3"", ""Health Companion-Health Insurance Plan_GEN617.pdf_83"", ""Health Companion-Health Insurance Plan_GEN617.pdf_82""]","[""Health Companion-Health Insurance Plan_GEN617.pdf_3""]",,0.9999999999666667,1.0,0.8035430690007402,1.0,1.0,1.0,1.0,0.7663959622232104,0.09030367376343264,0.3214285714285714,0.2857142857142857
Q_043,How long before hospitalization are pre-hospitalization medical expenses covered?,We will cover pre-hospitalization medical expenses incurred up to 30 days immediately before inpatient hospitalization for the same illness.,"Medical expenses incurred due to illness up to 30 days immediately before an insured person’s admission to a hospital for the same illness are covered, provided the insurer has accepted an inpatient hospitalization claim.","[""We will cover Medical Expenses incurred due to Illness up to 30 days immediately before an Insured Person\u2019s admission to a Hospital for the same Illness as long as We have accepted an In-patient Hospitalisation claim under 2.1 above. Pre-hospitalization expenses can be claimed as reimbursement only.""]","[""We will cover Medical Expenses incurred due to Illness up to 30 days immediately before an Insured Person\u2019s admission to a Hospital for the same Illness as long as We have accepted an In-patient Hospitalisation claim under 2.1 above. Pre-hospitalization expenses can be claimed as reimbursement only.""]",1,1,"[""Health Companion-Health Insurance Plan_GEN617.pdf_4""]","[""Health Companion-Health Insurance Plan_GEN617.pdf_4""]",,0.9999999999,1.0,0.8100737423041767,1.0,1.0,1.0,1.0,0.8086452493798428,0.1884793536959811,0.6181818181818183,0.509090909090909
Q_044,How long after discharge are post-hospitalization expenses covered?,We will cover Medical Expenses incurred due to Illness up to 60 days immediately after an Insured Person’s discharge from Hospital for the same Illness.,"Medical expenses incurred due to illness up to 60 days immediately after an insured person’s discharge from hospital for the same illness are covered, provided the insurer has accepted an inpatient hospitalization claim.","[""We will cover Medical Expenses incurred due to Illness up to 60 days immediately after an Insured Person\u2019s discharge from Hospital for the same Illness as long as We have accepted an In-patient Hospitalisation claim under 2.1 above. Post-hospitalization expenses can be claimed as reimbursement only."", ""ii. For any Illness or Accident or medical condition that requires Hospitalization, the Insured Person shall deliver to Us the documents listed below, at his own expense, within 30 days of the Insured Person's discharge from Hospital (when the claim is only in respect of post-hospitalization, within 30 days of the completion of the post-""]","[""We will cover Medical Expenses incurred due to Illness up to 60 days immediately after an Insured Person\u2019s discharge from Hospital for the same Illness as long as We have accepted an In-patient Hospitalisation claim under 2.1 above. Post-hospitalization expenses can be claimed as reimbursement only.""]",2,1,"[""Health Companion-Health Insurance Plan_GEN617.pdf_5"", ""Health Companion-Health Insurance Plan_GEN617.pdf_79""]","[""Health Companion-Health Insurance Plan_GEN617.pdf_5""]",,0.9999999999,1.0,0.7894871092294147,1.0,1.0,1.0,1.0,0.8676966730785265,0.2458691815807628,0.8000000000000002,0.7666666666666666
Q_045,Are day care procedures covered even if hospitalization is less than 24 hours?,We will cover Medical Expenses for Day-Care Procedures where the Insured Person is an In-patient in a Hospital for a continuous period of less than 24 hours.,"Medical expenses for day care procedures (including chemotherapy, radiotherapy, hemodialysis, or procedures needing specialized observation) are covered when undertaken as an in-patient in a hospital for a continuous period of less than 24 hours. Out-patient procedures are not covered.","[""We will cover Medical Expenses for Day Care Procedures (including Chemotherapy, Radiotherapy, Hemodialysis, any procedure which needs a period of specialized observation or care after completion of the procedure) where such procedures are undertaken by an Insured Person as an In-patient in a Hospital for a continuous period of less than 24 hours. Any procedure undertaken on an out-patient basis in a Hospital will not be covered."", ""(1) The Insured Person has notified Us in writing at least 72 Hours before a planned Hospitalization. In an Emergency the Insured Person should notify Us in writing within 48 hours of Hospitalization; and (2) We have pre-authorized the In-patient Treatment or Day Care Procedure. ii. Cashless treatment will not be available if You take treatment in an Out-Of-Network Hospital. iii. For cashless Hospitalization We will make the payment of the amounts assessed to be due directly to the Network Hospital. The treatment must take place within 15 days of the pre-authorization date and pre-authorization is only valid if all the details of the authorized treatment, including dates, Hospital and locations, match with the details of the actual treatment received. iv. If pre-authorisation is not obtained then the cashless facility will not be available""]","[""We will cover Medical Expenses for Day Care Procedures (including Chemotherapy, Radiotherapy, Hemodialysis, any procedure which needs a period of specialized observation or care after completion of the procedure) where such procedures are undertaken by an Insured Person as an In-patient in a Hospital for a continuous period of less than 24 hours. Any procedure undertaken on an out-patient basis in a Hospital will not be covered.""]",2,1,"[""Health Companion-Health Insurance Plan_GEN617.pdf_6"", ""Health Companion-Health Insurance Plan_GEN617.pdf_75""]","[""Health Companion-Health Insurance Plan_GEN617.pdf_6""]",,0.99999999995,1.0,0.7145752684070751,1.0,1.0,1.0,1.0,0.7385767557379647,0.22126936390615456,0.6285714285714286,0.6000000000000001
Q_046,Under what conditions will domiciliary treatment be covered?,"The insurance provider mandates and reimburses domiciliary (home-based) medical treatment if the treatment lasts for an uninterrupted period of 3 days or more, the condition would normally require hospitalization, and either (i) the attending doctor confirms the insured person could not be transferred to a hospital or (ii) the insured person proves a hospital bed was unavailable.","Medical expenses for treatment at home are covered if treatment continues for an uninterrupted period of 3 days and the condition would otherwise have required hospitalization, provided either the doctor confirms the patient could not be transferred to a hospital or the insured proves that a hospital bed was unavailable.","[""We will cover Medical Expenses for medical treatment taken at home if this continues for an uninterrupted period of 3 days and the condition for which treatment is taken would otherwise have necessitated hospitalization as long as either (i) the attending Doctor confirms that the Insured Person could not be transferred to a Hospital or (ii) the Insured Person satisfies Us that a Hospital bed was unavailable."", ""days, for an illness/disease/injury which in the normal course would require care and treatment at a Hospital but is actually taken while confined at home under any of the following"", ""for receiving eligible treatment of a type that normally requires a stay in Hospital.""]","[""We will cover Medical Expenses for medical treatment taken at home if this continues for an uninterrupted period of 3 days and the condition for which treatment is taken would otherwise have necessitated hospitalization as long as either (i) the attending Doctor confirms that the Insured Person could not be transferred to a Hospital or (ii) the Insured Person satisfies Us that a Hospital bed was unavailable.""]",3,1,"[""Health Companion-Health Insurance Plan_GEN617.pdf_7"", ""Health Companion-Health Insurance Plan_GEN617.pdf_97"", ""Health Companion-Health Insurance Plan_GEN617.pdf_23""]","[""Health Companion-Health Insurance Plan_GEN617.pdf_7""]",,0.99999999995,1.0,0.7608570687158908,0.75,1.0,1.0,1.0,0.8350624835136439,0.32204146789762994,0.7407407407407408,0.6851851851851852
Q_047,Does the policy cover expenses for organ donor treatment?,No. Pre-transplant medical expenses incurred by a live organ donor are not covered under the critical illness or organ transplant rider.,"The policy covers medical expenses for an organ donor’s treatment for harvesting the donated organ, provided the donation conforms to the Transplantation of Human Organs Act 1994 and the insured person has been medically advised to undergo an organ transplant.","[""We will cover Medical Expenses for an organ donor\u2019s treatment for the harvesting of the organ donated"", ""(a) Pre-hospitalisation or post-hospitalization Medical Expenses or screening expenses of the donor or any other medical expenses as a result of the harvesting from the donor (b) Costs directly or indirectly associated with the acquisition of the donor\u2019s organ.""]","[""We will cover Medical Expenses for an organ donor\u2019s treatment for the harvesting of the organ donated"", ""a. The donation conforms to The Transplantation of Human Organs Act 1994 and the organ is for the use of the Insured Person; b. The Insured Person has been medically advised to undergo an organ transplant;""]",2,2,"[""Health Companion-Health Insurance Plan_GEN617.pdf_8"", ""Health Companion-Health Insurance Plan_GEN617.pdf_10""]","[""Health Companion-Health Insurance Plan_GEN617.pdf_8"", ""Health Companion-Health Insurance Plan_GEN617.pdf_9""]",,0.99999999995,0.5,0.7295790971282771,0.0,0.0,1.0,0.5,0.6553571007338437,0.0,0.28571428571428575,0.22222222222222224
Q_048,Are any organ donor related expenses excluded from coverage?,"The policy explicitly excludes reimbursement for pre-hospitalization or post-hospitalization medical expenses, screening expenses of the donor, and any other medical expenses as a result of the harvesting from the donor. It also excludes costs directly or indirectly associated with the acquisition of the donor’s organ. However, it covers medical expenses for an organ donor’s treatment for the harvesting of the organ, provided the donation conforms to The Transplantation of Human Organs Act 1994 and the organ is for the use of the insured person, who has been medically advised to undergo an organ transplant.","The policy does not cover pre-hospitalization or post-hospitalization medical expenses, screening expenses of the donor, or costs directly or indirectly associated with the acquisition of the donor’s organ.","[""(a) Pre-hospitalisation or post-hospitalization Medical Expenses or screening expenses of the donor or any other medical expenses as a result of the harvesting from the donor (b) Costs directly or indirectly associated with the acquisition of the donor\u2019s organ."", ""We will cover Medical Expenses for an organ donor\u2019s treatment for the harvesting of the organ donated"", ""a. The donation conforms to The Transplantation of Human Organs Act 1994 and the organ is for the use of the Insured Person; b. The Insured Person has been medically advised to undergo an organ transplant;""]","[""(a) Pre-hospitalisation or post-hospitalization Medical Expenses or screening expenses of the donor or any other medical expenses as a result of the harvesting from the donor (b) Costs directly or indirectly associated with the acquisition of the donor\u2019s organ.""]",3,1,"[""Health Companion-Health Insurance Plan_GEN617.pdf_10"", ""Health Companion-Health Insurance Plan_GEN617.pdf_8"", ""Health Companion-Health Insurance Plan_GEN617.pdf_9""]","[""Health Companion-Health Insurance Plan_GEN617.pdf_10""]",,0.9999999999,1.0,0.8373671689997275,0.4,0.5,1.0,0.75,0.8632210625052061,0.38962872254305986,0.43410852713178294,0.41860465116279066
Q_049,When will emergency ambulance expenses be covered?,Not found,"Ambulance expenses are covered for transferring the insured person by surface transport following an emergency to the nearest hospital with adequate facilities, provided the ambulance service is offered by a healthcare or ambulance service provider and an inpatient hospitalization claim has been accepted.","[""b. 30 Days Initial Waiting Period We will not cover any treatment taken during the first 30 days since the date of commencement of the Policy, unless the treatment needed is the result of an Accident. This waiting period does not apply for""]","[""We will cover Reasonable and Customary ambulance expenses incurred to transfer the Insured Person by surface transport following an Emergency to the nearest Hospital with adequate facilities if: a. The ambulance service is offered by a healthcare or ambulance service provider; b. We have accepted an In-patient Hospitalization claim under the provisions of 2.1 above; In the case of Out-Of-Network Hospitalization of the Insured Person Our maximum liability for ambulance expenses is limited to Rs.2,000/- per event.""]",1,1,"[""Health Companion-Health Insurance Plan_GEN617.pdf_16""]","[""Health Companion-Health Insurance Plan_GEN617.pdf_11""]",,0.0,0.0,0.0,0.0,0.0,0.25,0.0,0.11642986810620802,0.0,0.0,0.0
Q_050,What happens if an insured person aged 65 or older makes a claim?,"If an Insured Person is 65 years of age or over, We will only pay 80% of any claim amount assessed for payment or reimbursement, and the Insured Person bears the remaining 20%. Claims submission and coverage validation are subject to the Sum Insured, subsidiary limits, and other policy terms as outlined in Section 2 Benefits.","If an insured person is 65 years of age or older at the start of the policy year, the insurer will pay only 80% of the assessed claim amount and the remaining balance will be borne by the insured person.","[""If any Insured Person is 65 years of age or over on the date of commencement of the current Policy Year, then it is agreed that We will only pay 80% of any amount We assess for payment or reimbursement in respect of any claim made by that Insured Person and the balance will be borne by the Insured Person."", ""The Policy covers reasonable expenses incurred towards medical treatment taken during the Policy Period for an Illness, Accident or condition described below if this is contracted or sustained by an Insured Person during the Policy Period and subject always to the Sum Insured, any subsidiary limit specified in the Product Benefits Table, the terms, conditions, limitations and exclusions mentioned in the Policy and eligibility as per the insurance plan opted for in the Product Benefits Table and as shown in the"", ""We shall not be liable under this Policy for any claim in connection with or in respect of the following: a. Pre-Existing Conditions Benefits will not be available for Pre-existing Conditions until 48 months of continuous coverage have""]","[""If any Insured Person is 65 years of age or over on the date of commencement of the current Policy Year, then it is agreed that We will only pay 80% of any amount We assess for payment or reimbursement in respect of any claim made by that Insured Person and the balance will be borne by the Insured Person.""]",3,1,"[""Health Companion-Health Insurance Plan_GEN617.pdf_14"", ""Health Companion-Health Insurance Plan_GEN617.pdf_1"", ""Health Companion-Health Insurance Plan_GEN617.pdf_15""]","[""Health Companion-Health Insurance Plan_GEN617.pdf_14""]",,0.9999999999,1.0,0.8014904267335474,1.0,1.0,1.0,1.0,0.8619520584408522,0.18601061450818268,0.5625,0.43750000000000006
Q_051,How long must you wait before pre-existing conditions are covered under the policy?,The duration of the waiting period applicable to pre-existing medical conditions is 48 months of continuous coverage.,Benefits for pre-existing conditions are not available until 48 months of continuous coverage have elapsed since the inception of the first policy with the insurer.,"[""completion of the period stated in the Schedule of Insurance Certificate for the Insured Person. It is understood and agreed that the period stated in"", ""Def. 23. Out-patient Treatment means treatment given at a hospital, doctors' consulting room, office or Out-patient clinic where Insured Person are not admitted for Day-Care Procedures or In-patient treatment. Def. 24. Policy means these terms and conditions, any annexure thereto and the Schedule of Insurance Certificate (as amended from time to time), Your statements in the proposal form and the Information Summary Sheet and the policy wording (including endorsements, if any). Def. 25. Policy Period means the period between the date of commencement and the expiry date specified shown in the Schedule of Insurance Certificate. Def. 26. Policy Year means the period of one year commencing on the date of commencement specified in the Schedule of Insurance Certificate or any anniversary thereof. Def. 27. Pre-existing Condition means any condition, ailment or injury or related condition(s) for which the Insured Person had signs or symptoms, and / or were diagnosed, and / or received medical advice/ treatment, within 48 months prior to the first Policy issued by Us. Def. 28. Product Benefits Table means the Product Benefits Table issued by Us and accompanying"", ""We shall not be liable under this Policy for any claim in connection with or in respect of the following: a. Pre-Existing Conditions Benefits will not be available for Pre-existing Conditions until 48 months of continuous coverage have""]","[""We shall not be liable under this Policy for any claim in connection with or in respect of the following: a. Pre-Existing Conditions Benefits will not be available for Pre-existing Conditions until 48 months of continuous coverage have"", ""b. 30 Days Initial Waiting Period We will not cover any treatment taken during the first 30 days since the date of commencement of the Policy, unless the treatment needed is the result of an Accident. This waiting period does not apply for""]",3,2,"[""Health Companion-Health Insurance Plan_GEN617.pdf_48"", ""Health Companion-Health Insurance Plan_GEN617.pdf_108"", ""Health Companion-Health Insurance Plan_GEN617.pdf_15""]","[""Health Companion-Health Insurance Plan_GEN617.pdf_15"", ""Health Companion-Health Insurance Plan_GEN617.pdf_16""]",,0.5833333333041666,1.0,0.789583127851668,1.0,0.75,1.0,1.0,0.7859644647244235,0.16209789565358904,0.5,0.3636363636363637
Q_052,Is treatment during the first 30 days of the policy covered?,The duration of the pre-existing condition waiting period is 48 months of continuous coverage.,Treatment taken during the first 30 days from the commencement of the policy is not covered unless the treatment is required due to an accident.,"[""completion of the period stated in the Schedule of Insurance Certificate for the Insured Person. It is understood and agreed that the period stated in"", ""Def. 23. Out-patient Treatment means treatment given at a hospital, doctors' consulting room, office or Out-patient clinic where Insured Person are not admitted for Day-Care Procedures or In-patient treatment. Def. 24. Policy means these terms and conditions, any annexure thereto and the Schedule of Insurance Certificate (as amended from time to time), Your statements in the proposal form and the Information Summary Sheet and the policy wording (including endorsements, if any). Def. 25. Policy Period means the period between the date of commencement and the expiry date specified shown in the Schedule of Insurance Certificate. Def. 26. Policy Year means the period of one year commencing on the date of commencement specified in the Schedule of Insurance Certificate or any anniversary thereof. Def. 27. Pre-existing Condition means any condition, ailment or injury or related condition(s) for which the Insured Person had signs or symptoms, and / or were diagnosed, and / or received medical advice/ treatment, within 48 months prior to the first Policy issued by Us. Def. 28. Product Benefits Table means the Product Benefits Table issued by Us and accompanying"", ""We shall not be liable under this Policy for any claim in connection with or in respect of the following: a. Pre-Existing Conditions Benefits will not be available for Pre-existing Conditions until 48 months of continuous coverage have""]","[""b. 30 Days Initial Waiting Period We will not cover any treatment taken during the first 30 days since the date of commencement of the Policy, unless the treatment needed is the result of an Accident. This waiting period does not apply for""]",3,1,"[""Health Companion-Health Insurance Plan_GEN617.pdf_48"", ""Health Companion-Health Insurance Plan_GEN617.pdf_108"", ""Health Companion-Health Insurance Plan_GEN617.pdf_15""]","[""Health Companion-Health Insurance Plan_GEN617.pdf_16""]",,0.0,0.0,0.4763651150748713,1.0,0.0,0.0,1.0,0.4652438429802726,0.03002091381705687,0.2,0.2
Q_053,What is considered a day care procedure under the policy definition?,"Day Care Procedures are medical treatment and/or surgical procedures undertaken under General or Local Anaesthesia in a hospital/day care centre for less than 24 hours as an inpatient, including Chemotherapy, Radiotherapy, Hemodialysis, or any procedure requiring specialized observation or care post-procedure. Out-patient procedures are not covered.",A day care procedure is a medical or surgical procedure undertaken under general or local anesthesia in a hospital or day care centre in less than 24 hours due to technological advancement and which would otherwise have required hospitalization for more than 24 hours.,"[""We will cover Medical Expenses for Day Care Procedures (including Chemotherapy, Radiotherapy, Hemodialysis, any procedure which needs a period of specialized observation or care after completion of the procedure) where such procedures are undertaken by an Insured Person as an In-patient in a Hospital for a continuous period of less than 24 hours. Any procedure undertaken on an out-patient basis in a Hospital will not be covered."", ""\u2022 undertaken under General or Local Anaesthesia in a hospital/day care centre in less than"", ""Def. 23. Out-patient Treatment means treatment given at a hospital, doctors' consulting room, office or Out-patient clinic where Insured Person are not admitted for Day-Care Procedures or In-patient treatment. Def. 24. Policy means these terms and conditions, any annexure thereto and the Schedule of Insurance Certificate (as amended from time to time), Your statements in the proposal form and the Information Summary Sheet and the policy wording (including endorsements, if any). Def. 25. Policy Period means the period between the date of commencement and the expiry date specified shown in the Schedule of Insurance Certificate. Def. 26. Policy Year means the period of one year commencing on the date of commencement specified in the Schedule of Insurance Certificate or any anniversary thereof. Def. 27. Pre-existing Condition means any condition, ailment or injury or related condition(s) for which the Insured Person had signs or symptoms, and / or were diagnosed, and / or received medical advice/ treatment, within 48 months prior to the first Policy issued by Us. Def. 28. Product Benefits Table means the Product Benefits Table issued by Us and accompanying"", ""(1) The Insured Person has notified Us in writing at least 72 Hours before a planned Hospitalization. In an Emergency the Insured Person should notify Us in writing within 48 hours of Hospitalization; and (2) We have pre-authorized the In-patient Treatment or Day Care Procedure. ii. Cashless treatment will not be available if You take treatment in an Out-Of-Network Hospital. iii. For cashless Hospitalization We will make the payment of the amounts assessed to be due directly to the Network Hospital. The treatment must take place within 15 days of the pre-authorization date and pre-authorization is only valid if all the details of the authorized treatment, including dates, Hospital and locations, match with the details of the actual treatment received. iv. If pre-authorisation is not obtained then the cashless facility will not be available""]","[""\u2022 undertaken under General or Local Anaesthesia in a hospital/day care centre in less than"", ""\u2022 which would have otherwise required a hospitalization of more than 24 hours. Treatment normally taken on an out-patient basis is not included in the scope of this definition. Def. 5. Diagnostic Tests: Investigations, such as X-Ray or blood tests, to find the cause of your symptoms and medical condition Def. 6. Deductible: The amount which, in accordance with the terms of the policy, is deducted from the claim amount that would otherwise have been payable and will therefore be borne by the""]",4,2,"[""Health Companion-Health Insurance Plan_GEN617.pdf_6"", ""Health Companion-Health Insurance Plan_GEN617.pdf_95"", ""Health Companion-Health Insurance Plan_GEN617.pdf_108"", ""Health Companion-Health Insurance Plan_GEN617.pdf_75""]","[""Health Companion-Health Insurance Plan_GEN617.pdf_95"", ""Health Companion-Health Insurance Plan_GEN617.pdf_96""]",,0.99999999995,1.0,0.7092416120064241,1.0,0.5,1.0,1.0,0.8266729631648049,0.11042240379963594,0.5531914893617023,0.4893617021276596
Q_054,How is domiciliary treatment defined in the policy?,"We will cover Medical Expenses for medical treatment taken at home if this continues for an uninterrupted period of 3 days and the condition would otherwise have necessitated hospitalization, provided either the attending Doctor confirms the Insured Person could not be transferred to a Hospital or the Insured Person satisfies Us that a Hospital bed was unavailable. Domiciliary treatment is not covered under inpatient hospitalization benefits or ambulatory surgical procedures.","Domiciliary treatment refers to medical treatment exceeding 3 days for an illness, disease, or injury that would normally require hospital care but is taken at home because the patient cannot be moved to a hospital or due to non-availability of hospital rooms.","[""We will cover Medical Expenses for medical treatment taken at home if this continues for an uninterrupted period of 3 days and the condition for which treatment is taken would otherwise have necessitated hospitalization as long as either (i) the attending Doctor confirms that the Insured Person could not be transferred to a Hospital or (ii) the Insured Person satisfies Us that a Hospital bed was unavailable."", ""b) has qualified nursing staff under its employment round the clock; c) has qualified Doctor (s) in charge round the clock; d) has a fully equipped operation theatre of its own where surgical procedures are carried out e) maintains daily records of patients and will make these accessible to the Insurance company\u2019s authorized personnel. Def. 13. Hospitalisation or Hospitalised means the admission as an In-patient into a Hospital for necessary medical treatment for a continuous minimum period of 24 hours as a consequence of"", ""We will cover Medical Expenses for Day Care Procedures (including Chemotherapy, Radiotherapy, Hemodialysis, any procedure which needs a period of specialized observation or care after completion of the procedure) where such procedures are undertaken by an Insured Person as an In-patient in a Hospital for a continuous period of less than 24 hours. Any procedure undertaken on an out-patient basis in a Hospital will not be covered.""]","[""days, for an illness/disease/injury which in the normal course would require care and treatment at a Hospital but is actually taken while confined at home under any of the following"", ""\u2022 the condition of the patient is such that he/she is not in a condition to be removed to a hospital, or \u2022 the patient takes treatment at home on account of non availability of room in a hospital. Def. 8. Doctor is a medical practitioner who holds a valid registration from the medical council of any state of India and is thereby entitled to practice medicine within its jurisdiction; and is acting within the scope and jurisdiction of his licence. Def. 9. Emergency means a severe illness or injury which results in symptoms which occur suddenly and unexpectedly, and requires immediate care by a Doctor to prevent death or serious long term impairment of the Insured Person\u2019s health. Def. 10. Family means a unit comprising of upto six members who are related to each other in the""]",3,2,"[""Health Companion-Health Insurance Plan_GEN617.pdf_7"", ""Health Companion-Health Insurance Plan_GEN617.pdf_102"", ""Health Companion-Health Insurance Plan_GEN617.pdf_6""]","[""Health Companion-Health Insurance Plan_GEN617.pdf_97"", ""Health Companion-Health Insurance Plan_GEN617.pdf_98""]",,0.9999999999,0.0,0.5492844296482143,0.7142857142857143,0.75,1.0,1.0,0.6918671362163161,0.04798826500886522,0.4247787610619469,0.23008849557522124
Q_055,What does the policy mean by an accident?,"An accident or accidental bodily injury means a sudden, unforeseen and involuntary event caused by external and visible means which occurs when the policy is in force.","An accident means a sudden, unforeseen and involuntary event caused by external and visible means that occurs while the policy is in force.","[""Def. 1. Accident or Accidental means a sudden, unforeseen and involuntary event caused by external and visible means which occurs when the policy is in force."", ""who is a member of the Insured Person\u2019s immediate family xxx. Unlawful Activity Any condition as a result of Insured Person committing or attempting to commit a breach of law with criminal intent. xxxi. Hospitalization undertaken for observation or for investigations only and where no medical treatment is provided. xxxii. Active participation in adventure or hazardous sports including but not limited to para- jumping, rock climbing, mountaineering, motor racing, horse racing or deep-sea diving.""]","[""Def. 1. Accident or Accidental means a sudden, unforeseen and involuntary event caused by external and visible means which occurs when the policy is in force.""]",2,1,"[""Health Companion-Health Insurance Plan_GEN617.pdf_93"", ""Health Companion-Health Insurance Plan_GEN617.pdf_42""]","[""Health Companion-Health Insurance Plan_GEN617.pdf_93""]",,0.9999999999,1.0,0.7138325518186196,1.0,1.0,1.0,1.0,0.8998557148976998,0.6437378993486211,0.84,0.84
Q_056,What qualifies as a hospital under the policy?,"Network means all such Hospitals, day care centres or other providers that the We have mutually agreed with, to provide services like cashless access to Policyholders. The list is available with Us and subject to amendment from time to time.","A hospital is an institution established for in-patient care and day care treatment that is registered with local authorities, supervised by a qualified medical practitioner, has required inpatient beds depending on population, qualified nursing staff and doctors round the clock, a fully equipped operation theatre, and maintains daily patient records accessible to the insurer.","[""medication, or stay in Hospital or part of a stay in Hospital which: a) is required for the medical management of the illness or injury suffered by the insured; b) must not exceed the level of care necessary to provide safe, adequate and appropriate medical care in scope, duration, or intensity; c) must have been prescribed by a Doctor; d) must conform to the professional standards widely accepted in international medical practice or by the medical community in India. Def. 21. Network means all such Hospitals, day care centres or other providers that the We have mutually agreed with, to provide services like cashless access to Policyholders. The list is available with Us and subject to amendment from time to time. Def. 22. Out-Of-Network means any Hospital, day care centre or other provider that is not part of the Network."", ""b) has qualified nursing staff under its employment round the clock; c) has qualified Doctor (s) in charge round the clock; d) has a fully equipped operation theatre of its own where surgical procedures are carried out e) maintains daily records of patients and will make these accessible to the Insurance company\u2019s authorized personnel. Def. 13. Hospitalisation or Hospitalised means the admission as an In-patient into a Hospital for necessary medical treatment for a continuous minimum period of 24 hours as a consequence of"", ""a) has at least 10 inpatient beds, in those towns having a population of less than 10,00,000 and"", ""Def. 23. Out-patient Treatment means treatment given at a hospital, doctors' consulting room, office or Out-patient clinic where Insured Person are not admitted for Day-Care Procedures or In-patient treatment. Def. 24. Policy means these terms and conditions, any annexure thereto and the Schedule of Insurance Certificate (as amended from time to time), Your statements in the proposal form and the Information Summary Sheet and the policy wording (including endorsements, if any). Def. 25. Policy Period means the period between the date of commencement and the expiry date specified shown in the Schedule of Insurance Certificate. Def. 26. Policy Year means the period of one year commencing on the date of commencement specified in the Schedule of Insurance Certificate or any anniversary thereof. Def. 27. Pre-existing Condition means any condition, ailment or injury or related condition(s) for which the Insured Person had signs or symptoms, and / or were diagnosed, and / or received medical advice/ treatment, within 48 months prior to the first Policy issued by Us. Def. 28. Product Benefits Table means the Product Benefits Table issued by Us and accompanying""]","[""Def. 11. Grace Period means the specified period of time immediately following the premium due date during which a payment can be made to renew or continue a policy in force without loss of continuity benefits such as waiting periods and coverage of Pre-existing conditions. Coverage is not available for the period for which no premium is received. Def. 12. Hospital means any institution established for in-patient care and day care treatment of sickness and / or injuries and which has been registered as a hospital with the local authorities, wherever applicable, and is under the supervision of a registered and qualified medical"", ""a) has at least 10 inpatient beds, in those towns having a population of less than 10,00,000 and"", ""b) has qualified nursing staff under its employment round the clock; c) has qualified Doctor (s) in charge round the clock; d) has a fully equipped operation theatre of its own where surgical procedures are carried out e) maintains daily records of patients and will make these accessible to the Insurance company\u2019s authorized personnel. Def. 13. Hospitalisation or Hospitalised means the admission as an In-patient into a Hospital for necessary medical treatment for a continuous minimum period of 24 hours as a consequence of""]",4,3,"[""Health Companion-Health Insurance Plan_GEN617.pdf_107"", ""Health Companion-Health Insurance Plan_GEN617.pdf_102"", ""Health Companion-Health Insurance Plan_GEN617.pdf_101"", ""Health Companion-Health Insurance Plan_GEN617.pdf_108""]","[""Health Companion-Health Insurance Plan_GEN617.pdf_100"", ""Health Companion-Health Insurance Plan_GEN617.pdf_101"", ""Health Companion-Health Insurance Plan_GEN617.pdf_102""]",,0.99999999995,0.6666666666666666,0.0,1.0,0.0,1.0,1.0,0.4374070138816078,0.012044940561575011,0.23157894736842108,0.16842105263157894
Q_057,What is the grace period for renewing the policy premium?,We are under no obligation to notify You of the renewal date of Your Policy. We will allow a Grace Period of 30 days from the due date of the renewal premium for payment to Us.,"The grace period is the specified period immediately following the premium due date during which payment can be made to renew the policy without losing continuity benefits such as waiting periods and coverage of pre-existing conditions, although coverage is not available for the period for which no premium is received.","[""i. Territorial Jurisdiction All benefits are available in India only, and all claims shall be payable in India in Indian Rupees only. j. Policy Disputes Any dispute concerning the interpretation of the terms, conditions, limitations and/or exclusions contained herein shall be governed by Indian law and shall be subject to the jurisdiction of the Indian Courts. k. Renewal of Policy The renewal premium is payable on or before the due date in the amount shown in the Schedule of Insurance Certificate or at such altered rate as may be reviewed and notified by Us before completion of the Policy Period. We are under no obligation to notify You of the renewal date of Your Policy. We will allow a Grace Period of 30 days from the due date of the renewal premium for payment to Us. If the Policy is not renewed within the Grace Period then We may agree to issue a fresh policy subject to Our underwriting criteria and no continuing benefits shall be available from""]","[""Def. 11. Grace Period means the specified period of time immediately following the premium due date during which a payment can be made to renew or continue a policy in force without loss of continuity benefits such as waiting periods and coverage of Pre-existing conditions. Coverage is not available for the period for which no premium is received. Def. 12. Hospital means any institution established for in-patient care and day care treatment of sickness and / or injuries and which has been registered as a hospital with the local authorities, wherever applicable, and is under the supervision of a registered and qualified medical""]",1,1,"[""Health Companion-Health Insurance Plan_GEN617.pdf_70""]","[""Health Companion-Health Insurance Plan_GEN617.pdf_100""]",,0.9999999999,0.0,0.5031964418071865,0.6666666666666666,0.5,1.0,1.0,0.6872165000346626,0.00333504587565753,0.3448275862068966,0.20689655172413793
Q_058,How can an insured person access cashless hospitalization?,"To initiate cashless treatment for inpatient hospitalization, the policyholder must present the health card to a Network Hospital prior to admission. For planned hospitalization, written notification must be given to the insurer at least 72 hours before admission. In emergencies, notification must be given within 48 hours of hospitalization. Pre-authorization for the inpatient treatment or day care procedure must be obtained from the insurer, matching all details of the authorized treatment including dates, hospital, and location. Cashless treatment will only be available if pre-authorization is obtained and the treatment occurs within 15 days of the pre-authorization date. If pre-authorization is not obtained, cashless treatment will not be available.","Cashless hospitalization can be accessed at a network hospital by producing the health card prior to admission, notifying the insurer at least 72 hours before planned hospitalization or within 48 hours in an emergency, and obtaining pre-authorization for inpatient treatment or day care procedures.","[""i. The health card We provide will enable an Insured Person to access treatment on a cashless basis only at any Network Hospital on the production of the card to the"", ""(1) The Insured Person has notified Us in writing at least 72 Hours before a planned Hospitalization. In an Emergency the Insured Person should notify Us in writing within 48 hours of Hospitalization; and (2) We have pre-authorized the In-patient Treatment or Day Care Procedure. ii. Cashless treatment will not be available if You take treatment in an Out-Of-Network Hospital. iii. For cashless Hospitalization We will make the payment of the amounts assessed to be due directly to the Network Hospital. The treatment must take place within 15 days of the pre-authorization date and pre-authorization is only valid if all the details of the authorized treatment, including dates, Hospital and locations, match with the details of the actual treatment received. iv. If pre-authorisation is not obtained then the cashless facility will not be available"", ""medication, or stay in Hospital or part of a stay in Hospital which: a) is required for the medical management of the illness or injury suffered by the insured; b) must not exceed the level of care necessary to provide safe, adequate and appropriate medical care in scope, duration, or intensity; c) must have been prescribed by a Doctor; d) must conform to the professional standards widely accepted in international medical practice or by the medical community in India. Def. 21. Network means all such Hospitals, day care centres or other providers that the We have mutually agreed with, to provide services like cashless access to Policyholders. The list is available with Us and subject to amendment from time to time. Def. 22. Out-Of-Network means any Hospital, day care centre or other provider that is not part of the Network.""]","[""i. The health card We provide will enable an Insured Person to access treatment on a cashless basis only at any Network Hospital on the production of the card to the"", ""(1) The Insured Person has notified Us in writing at least 72 Hours before a planned Hospitalization. In an Emergency the Insured Person should notify Us in writing within 48 hours of Hospitalization; and (2) We have pre-authorized the In-patient Treatment or Day Care Procedure. ii. Cashless treatment will not be available if You take treatment in an Out-Of-Network Hospital. iii. For cashless Hospitalization We will make the payment of the amounts assessed to be due directly to the Network Hospital. The treatment must take place within 15 days of the pre-authorization date and pre-authorization is only valid if all the details of the authorized treatment, including dates, Hospital and locations, match with the details of the actual treatment received. iv. If pre-authorisation is not obtained then the cashless facility will not be available""]",3,2,"[""Health Companion-Health Insurance Plan_GEN617.pdf_74"", ""Health Companion-Health Insurance Plan_GEN617.pdf_75"", ""Health Companion-Health Insurance Plan_GEN617.pdf_107""]","[""Health Companion-Health Insurance Plan_GEN617.pdf_74"", ""Health Companion-Health Insurance Plan_GEN617.pdf_75""]",,0.9999999999666667,1.0,0.7947358193613745,1.0,0.75,1.0,1.0,0.8793603265702767,0.04452516006615519,0.4713375796178344,0.34394904458598724
Q_059,What documents are required when submitting a reimbursement claim after hospitalization?,"Duly filled claim form. Original bills, receipts and discharge certificate/card from the Hospital/Doctor. Original bills from chemists supported by proper prescription. Original investigation test reports and payment receipts. Doctor's referral letter advising hospitalization in non-Accident cases. Details of any other insurance policy that may respond to the claim. First Information Report (FIR) for medico-legal cases.","Required documents include a duly filled claim form, original hospital bills and discharge certificate, original chemist bills with prescriptions, investigation test reports with receipts, doctor’s referral letter for hospitalization in non-accident cases, details of any other insurance policy, and an FIR for medico-legal cases.","[""(2) Original bills, receipts and discharge certificate/card from the Hospital/ Doctor. (3) Original bills from chemists supported by proper prescription. (4) Original investigation test reports and payment receipts. (5) Doctor's referral letter advising hospitalization in non-Accident cases. (6) Details of any other insurance policy that may respond to the claim. (7) First Information Report (FIR) for medico-legal cases. iii. For any medical treatment taken from an Out-Of-Network Hospital We will only pay Medical Expenses which are Reasonable and Customary. (c) For Network and Out-Of-Network Hospitals"", ""ii. For any Illness or Accident or medical condition that requires Hospitalization, the Insured Person shall deliver to Us the documents listed below, at his own expense, within 30 days of the Insured Person's discharge from Hospital (when the claim is only in respect of post-hospitalization, within 30 days of the completion of the post-""]","[""ii. For any Illness or Accident or medical condition that requires Hospitalization, the Insured Person shall deliver to Us the documents listed below, at his own expense, within 30 days of the Insured Person's discharge from Hospital (when the claim is only in respect of post-hospitalization, within 30 days of the completion of the post-"", ""(2) Original bills, receipts and discharge certificate/card from the Hospital/ Doctor. (3) Original bills from chemists supported by proper prescription. (4) Original investigation test reports and payment receipts. (5) Doctor's referral letter advising hospitalization in non-Accident cases. (6) Details of any other insurance policy that may respond to the claim. (7) First Information Report (FIR) for medico-legal cases. iii. For any medical treatment taken from an Out-Of-Network Hospital We will only pay Medical Expenses which are Reasonable and Customary. (c) For Network and Out-Of-Network Hospitals""]",2,2,"[""Health Companion-Health Insurance Plan_GEN617.pdf_80"", ""Health Companion-Health Insurance Plan_GEN617.pdf_79""]","[""Health Companion-Health Insurance Plan_GEN617.pdf_79"", ""Health Companion-Health Insurance Plan_GEN617.pdf_80""]",,0.99999999995,1.0,0.654058490270956,0.8571428571428571,1.0,1.0,1.0,0.9274986888093122,4.6910206085370586e-06,0.7289719626168223,0.6728971962616823
Q_060,Can the insured person cancel the policy during the policy period?,You may terminate this Policy during the Policy Period by giving Us at least 30 days prior written notice. This is permitted provided that no claim has been made under the Policy by or on behalf of any Insured Person.,"The insured person may terminate the policy during the policy period by giving at least 30 days prior written notice, and the insurer will cancel the policy and refund the premium for the remaining period provided no claim has been made.","[""You may terminate this Policy during the Policy Period by giving Us at least 30 days prior written notice. We shall cancel the Policy and refund the premium for the balance of the Policy Period in accordance with the table below provided that no claim has been made under the Policy by or on behalf of any Insured Person."", ""e. Fraudulent claims If a claim is in any way found to be fraudulent, or if any false statement, or declaration is made or used in support of such a claim, or if any fraudulent means or devices are used by the Insured Person or anyone acting on behalf of the Insured Person to obtain any benefit under this Policy, then this Policy shall be void and all claims being processed shall be forfeited for all Insured Persons and all sums paid under this Policy shall be repaid to Us by all Insured Persons who shall be jointly liable for such repayment. f. Free Look Provision You have a period of 15 days from the date of receipt of the Policy document to review the terms and conditions of this Policy. If You have any objections to any of the terms and conditions, You have the option of canceling the Policy stating the reasons for cancellation and You shall be refunded the premium paid by You after adjusting the amounts spent on any medical check-up, stamp duty charges and proportionate risk premium. You can cancel your Policy only if no claims have been made under the Policy."", ""a. Individual Policy: The Policy shall automatically terminate on death of the Insured Person b. For Policy issued to Family: The Policy shall automatically terminate in the event of the death of all the Insured Persons. c. Refund: A refund in accordance with the table in section 5(h)(1) above shall be payable if there is an automatic cancellation of the Policy provided that no claim has been filed under the""]","[""You may terminate this Policy during the Policy Period by giving Us at least 30 days prior written notice. We shall cancel the Policy and refund the premium for the balance of the Policy Period in accordance with the table below provided that no claim has been made under the Policy by or on behalf of any Insured Person.""]",3,1,"[""Health Companion-Health Insurance Plan_GEN617.pdf_64"", ""Health Companion-Health Insurance Plan_GEN617.pdf_46"", ""Health Companion-Health Insurance Plan_GEN617.pdf_66""]","[""Health Companion-Health Insurance Plan_GEN617.pdf_64""]",,0.9999999999,1.0,0.7530161147737574,1.0,0.75,1.0,1.0,0.8095261507336302,0.11260889797968138,0.6419753086419754,0.54320987654321
Q_061,What expenses are covered under room charges during hospitalization?,"Room charges including nursing care, RMO charges, administration charges for IV fluids/blood transfusion/injection are covered under inpatient hospitalization. The limit is 1% of sum insured per day subject to a maximum of `5,000. If admitted in intensive care unit (ICU), the limit is 2% of sum insured per day subject to a maximum of `10,000.","Room, boarding including nursing care, RMO charges, and administration charges for IV fluids/blood transfusion/injection are covered.","[""Room, boarding including nursing care, RMO charges, administration charges for IV 2.1 for any one illness - 25% of fluids/blood transfusion/injection. sum insured Room charges Limit: 1% of sum insured per day subject to maximum of `5,000. If admitted in intensive care unit (ICU) - 2% of sum insured per day subject to maximum of `10,000."", ""Now the policy witnesses that, subject to the terms, definition, exclusions and conditions contained herein or endorsed or otherwise expressed hereon, the company undertakes that if during the policy period stated in the schedule or during the continuance of the policy by renewal, any insured person shall contract any disease or suffer any illness (herein after called disease) or sustain any bodily injury due to an accident (herein after called injury) and if such disease or injury shall require any such insured person, upon the advice of a duly qualified medical practitioner to be hospitalised for treatment at any hospital/nursing home (herein after called hospital) in India as an inpatient, the company will pay to the hospital or reimburse the insured person, the amount of such expenses described below, reasonably, customarily and necessarily incurred in respect thereof by or on behalf of such insured person but not exceeding the sum insured for the insured person in respect of all such"", ""Any other surgeries/procedures (not listed in Appendix -I) which due to advancement of medical science require hospitalisation for less than 24 hours and for which prior approval from company/TPA is mandatory. 3.13 I D card means the card issued to the insured person by the TPA for availing cashless facility in the network provider. 3.14 In-patient means an insured person who is admitted in hospital upon the written advice of a duly qualified medical practitioner for more than 24 continuous hours, for the treatment of covered disease/ injury during the policy period.""]","[""Room, boarding including nursing care, RMO charges, administration charges for IV 2.1 for any one illness - 25% of fluids/blood transfusion/injection. sum insured Room charges Limit: 1% of sum insured per day subject to maximum of `5,000. If admitted in intensive care unit (ICU) - 2% of sum insured per day subject to maximum of `10,000.""]",3,1,"[""National Mediclaim Policy.pdf_9"", ""National Mediclaim Policy.pdf_8"", ""National Mediclaim Policy.pdf_23""]","[""National Mediclaim Policy.pdf_9""]",,0.99999999995,1.0,0.653084265008604,1.0,0.5,1.0,1.0,0.7697483176585476,0.7140573910176908,0.4155844155844156,0.4155844155844156
Q_062,How much of the sum insured can be used for medical practitioner fees?,Maximum reimbursement limit for consultation charges is 25% of sum insured for any one illness.,"Surgeon, anaesthetist, medical practitioner, consultants, and specialist’s fees are covered up to 25% of the sum insured for any one illness.","[""Surgeon, anaesthetist, medical practitioner, consultants, specialist\u2019s fees. 2.2 for any one illness -25% of sum insured""]","[""Surgeon, anaesthetist, medical practitioner, consultants, specialist\u2019s fees. 2.2 for any one illness -25% of sum insured""]",1,1,"[""National Mediclaim Policy.pdf_10""]","[""National Mediclaim Policy.pdf_10""]",,0.9999999999,1.0,0.5026532818157583,0.5,0.5,1.0,1.0,0.6589981108643062,0.2377721118830584,0.4864864864864865,0.4864864864864865
Q_063,Are ambulance charges reimbursed under the policy?,Reimbursement of ambulance charges - 1% of sum insured subject to a,"Ambulance charges are reimbursed up to 1% of the sum insured subject to a maximum of ₹2,000 in a policy period.","[""day AMBULANCE COLLAR Not Payable not Payable / Post Bite AMBULANCE EQUIPMENT Not Payable Vaccination Payable MICROSHEILD Not Payable PART OF HOSPITAL'S OWN COSTS AND NOT PAYABLE ABDOMINAL BINDER Essential and should AHD Not Payable - Part of be paid at least Hospital's internal Cost specifically for cases ALCOHOL SWABES Not Payable - Part of who have undergone Hospital's internal Cost surgery of lumbar SCRUB SOLUTION/STERILLIUM Not Payable - Part of spine. Hospital's internal Cost"", ""i. Anaesthesia, blood, oxygen, operation theatre charges 2.3 for any one illness- 50% of ii. Surgical appliances sum insured iii. Medicines, drugs iv. Diagnostic test v. Pacemaker, artificial limbs, stent and implant vi. Dialysis vii. Chemotherapy viii. Radiotherapy ix. Hospitalisation expense for organ donor\u2019s treatment during the course of organ transplant provided that a. The donation conforms to The Transplantation of Human Organs Act 1994 and the organ is for the use of the insured person b. The insured person has been medically advised to undergo an organ transplant x. Reimbursement of ambulance charges - 1% of sum insured subject to a""]","[""i. Anaesthesia, blood, oxygen, operation theatre charges 2.3 for any one illness- 50% of ii. Surgical appliances sum insured iii. Medicines, drugs iv. Diagnostic test v. Pacemaker, artificial limbs, stent and implant vi. Dialysis vii. Chemotherapy viii. Radiotherapy ix. Hospitalisation expense for organ donor\u2019s treatment during the course of organ transplant provided that a. The donation conforms to The Transplantation of Human Organs Act 1994 and the organ is for the use of the insured person b. The insured person has been medically advised to undergo an organ transplant x. Reimbursement of ambulance charges - 1% of sum insured subject to a"", ""Ayurveda and Homeopathy Expenses incurred for Ayurveda and Homeopathy treatment are admissible up to 20% of the sum insured for any one illness. Sub limit (as mentioned in 2.1, 2.2, and 2.3) will not apply in case of i. Hospitalisation in a preferred provider network (PPN) ii. Ayurveda and Homeopathy treatment""]",2,2,"[""National Mediclaim Policy.pdf_168"", ""National Mediclaim Policy.pdf_11""]","[""National Mediclaim Policy.pdf_11"", ""National Mediclaim Policy.pdf_12""]",,0.49999999995,1.0,0.7190539836788948,1.0,0.5,1.0,1.0,0.8309966306311817,0.18949960545077651,0.6666666666666666,0.5454545454545455
Q_064,Is Ayurveda treatment covered in this policy?,Ayurveda and Homeopathy expenses are admissible up to 20% of the sum insured for any one illness. Sub limits do not apply for Ayurveda and Homeopathy treatment.,Expenses incurred for Ayurveda and Homeopathy treatment are admissible up to 20% of the sum insured for any one illness.,"[""Ayurveda and Homeopathy Expenses incurred for Ayurveda and Homeopathy treatment are admissible up to 20% of the sum insured for any one illness. Sub limit (as mentioned in 2.1, 2.2, and 2.3) will not apply in case of i. Hospitalisation in a preferred provider network (PPN) ii. Ayurveda and Homeopathy treatment"", ""3.1 Accident means a sudden, unforeseen and involuntary event caused by external, visible and violent means. 3.2 Alternative treatment means forms of treatments other than \""Allopathy\"" or \""modem medicine\"" and includes Ayurveda, Unani, Sidha and Homeopathy in the Indian context. 3.3 Any one illness means continuous period of illness and it includes relapse within 45 days from the date of last consultation with the hospital/nursing home where treatment has been taken. 3.4 Break in policy occurs at the end of the existing policy period when the premium due on a given policy is not paid on or before the renewal date or within 30 days of grace period. 3.5 Cashless facility means a facility extended by the company to the insured person where the payment of the cost of treatment undergone by the insured person in accordance with the policy terms and conditions, is directly made to the network provider by the company to the extent of pre-authorization approval 3.6 Contract means the prospectus, proposal, policy, policy schedule, and declaration given by the insured person.""]","[""Ayurveda and Homeopathy Expenses incurred for Ayurveda and Homeopathy treatment are admissible up to 20% of the sum insured for any one illness. Sub limit (as mentioned in 2.1, 2.2, and 2.3) will not apply in case of i. Hospitalisation in a preferred provider network (PPN) ii. Ayurveda and Homeopathy treatment""]",2,1,"[""National Mediclaim Policy.pdf_12"", ""National Mediclaim Policy.pdf_17""]","[""National Mediclaim Policy.pdf_12""]",,0.99999999995,1.0,0.7353789064952134,1.0,0.75,1.0,1.0,0.934461694040158,0.6721651668262851,0.8085106382978724,0.6808510638297872
Q_065,How does the cumulative bonus work if I don’t make a claim?,"Sum insured (excluding CB) will be increased by 5% in respect of each claim free policy period (no claims are reported), provided the policy is continuously renewed with the company without a break subject to maximum of 50% of the sum insured (excluding CB).","The sum insured (excluding cumulative bonus) increases by 5% for each claim-free policy period, provided the policy is continuously renewed without a break, subject to a maximum of 50% of the sum insured.","[""Sum insured (excluding CB) will be increased by 5% in respect of each claim free policy period (no claims are reported), provided the policy is continuously renewed with the company without a break subject to maximum of 50% of the sum insured (excluding"", ""Expenses of health checkup will be reimbursed once at the end of a block of four continuous policy periods provided no claims are reported during the block and the policy has been continuously renewed with the company without a break. Expenses payable is a maximum of 1% of the average sum insured (excluding CB) of the block. Claim for health checkup benefits may be lodged at least 45 days before the expiry of the fifth policy period.""]","[""Sum insured (excluding CB) will be increased by 5% in respect of each claim free policy period (no claims are reported), provided the policy is continuously renewed with the company without a break subject to maximum of 50% of the sum insured (excluding"", ""In case of claim under the policy in respect of insured person who has earned the CB, the increased percentage (CB) will be reduced by 5% of sum insured (excluding CB) on the next renewal. However sum insured (excluding CB) will be maintained and not be reduced.""]",2,2,"[""National Mediclaim Policy.pdf_14"", ""National Mediclaim Policy.pdf_16""]","[""National Mediclaim Policy.pdf_14"", ""National Mediclaim Policy.pdf_15""]",,0.9999999999,1.0,0.5224488157518725,1.0,1.0,1.0,1.0,0.878378917137412,0.33678851627048734,0.7692307692307693,0.7435897435897436
Q_066,What happens to the cumulative bonus if I make a claim after earning it?,"In case of claim under the policy in respect of insured person who has earned the CB, the increased percentage (CB) will be reduced by 5% of sum insured (excluding CB) on the next renewal. However sum insured (excluding CB) will be maintained and not be reduced.","If a claim is made, the increased cumulative bonus will be reduced by 5% of the sum insured (excluding CB) on the next renewal, while the base sum insured remains unchanged.","[""In case of claim under the policy in respect of insured person who has earned the CB, the increased percentage (CB) will be reduced by 5% of sum insured (excluding CB) on the next renewal. However sum insured (excluding CB) will be maintained and not be reduced."", ""Sum insured (excluding CB) will be increased by 5% in respect of each claim free policy period (no claims are reported), provided the policy is continuously renewed with the company without a break subject to maximum of 50% of the sum insured (excluding""]","[""In case of claim under the policy in respect of insured person who has earned the CB, the increased percentage (CB) will be reduced by 5% of sum insured (excluding CB) on the next renewal. However sum insured (excluding CB) will be maintained and not be reduced.""]",2,1,"[""National Mediclaim Policy.pdf_15"", ""National Mediclaim Policy.pdf_14""]","[""National Mediclaim Policy.pdf_15""]",,0.9999999999,1.0,0.5282568727338053,1.0,1.0,1.0,1.0,0.7654541588324066,0.4009795351710138,0.5384615384615384,0.48717948717948717
Q_067,When can I claim reimbursement for a health checkup?,The waiting period for preventive health checkup claims is a block of four continuous policy periods with no claims reported. The claim may be lodged at least 45 days before the expiry of the fifth policy period.,Health checkup expenses are reimbursed once at the end of a block of four continuous policy periods provided no claims were reported and the policy was continuously renewed without a break.,"[""Expenses of health checkup will be reimbursed once at the end of a block of four continuous policy periods provided no claims are reported during the block and the policy has been continuously renewed with the company without a break. Expenses payable is a maximum of 1% of the average sum insured (excluding CB) of the block. Claim for health checkup benefits may be lodged at least 45 days before the expiry of the fifth policy period."", ""In the event of a claim lodged as per clause 5.9 of the policy and the original documents having been submitted to the other insurer, the company may accept the documents listed under clause 5.5.4 of the policy and claim settlement advice duly certified by the other insurer subject to satisfaction of the company. Type of claim Time limit for submission of documents to company/TPA Reimbursement of hospitalisation and pre hospitalisation Within 15 days of date of discharge from hospital expenses Reimbursement of post hospitalisation expenses Within 15 days from completion of post hospitalisation treatment Reimbursement of health checkup expenses (as per Good At least 45 days before the expiry of the fifth policy period.""]","[""Expenses of health checkup will be reimbursed once at the end of a block of four continuous policy periods provided no claims are reported during the block and the policy has been continuously renewed with the company without a break. Expenses payable is a maximum of 1% of the average sum insured (excluding CB) of the block. Claim for health checkup benefits may be lodged at least 45 days before the expiry of the fifth policy period.""]",2,1,"[""National Mediclaim Policy.pdf_16"", ""National Mediclaim Policy.pdf_74""]","[""National Mediclaim Policy.pdf_16""]",,0.99999999995,1.0,0.6960924060206128,0.6666666666666666,0.5,1.0,1.0,0.6947387535819498,0.18617751758133236,0.5,0.411764705882353
Q_068,What qualifies as an accident under this policy?,"An accidental bodily injury is determined to meet eligibility criteria for claim consideration if it is a sudden, unforeseen and involuntary event caused by external, visible and violent means. This applies even if the injury occurs after the policy inception, as the first 30 days waiting period does not apply to hospitalisation for injuries suffered in an accident.","An accident means a sudden, unforeseen and involuntary event caused by external, visible and violent means.","[""3.1 Accident means a sudden, unforeseen and involuntary event caused by external, visible and violent means. 3.2 Alternative treatment means forms of treatments other than \""Allopathy\"" or \""modem medicine\"" and includes Ayurveda, Unani, Sidha and Homeopathy in the Indian context. 3.3 Any one illness means continuous period of illness and it includes relapse within 45 days from the date of last consultation with the hospital/nursing home where treatment has been taken. 3.4 Break in policy occurs at the end of the existing policy period when the premium due on a given policy is not paid on or before the renewal date or within 30 days of grace period. 3.5 Cashless facility means a facility extended by the company to the insured person where the payment of the cost of treatment undergone by the insured person in accordance with the policy terms and conditions, is directly made to the network provider by the company to the extent of pre-authorization approval 3.6 Contract means the prospectus, proposal, policy, policy schedule, and declaration given by the insured person."", ""Now the policy witnesses that, subject to the terms, definition, exclusions and conditions contained herein or endorsed or otherwise expressed hereon, the company undertakes that if during the policy period stated in the schedule or during the continuance of the policy by renewal, any insured person shall contract any disease or suffer any illness (herein after called disease) or sustain any bodily injury due to an accident (herein after called injury) and if such disease or injury shall require any such insured person, upon the advice of a duly qualified medical practitioner to be hospitalised for treatment at any hospital/nursing home (herein after called hospital) in India as an inpatient, the company will pay to the hospital or reimburse the insured person, the amount of such expenses described below, reasonably, customarily and necessarily incurred in respect thereof by or on behalf of such insured person but not exceeding the sum insured for the insured person in respect of all such"", ""Any disease contracted by the insured person during the first 30 days from the inception of the first policy. This shall not apply in case the insured person is hospitalised for injuries, suffered in an accident which occurred after inception of the first policy.""]","[""3.1 Accident means a sudden, unforeseen and involuntary event caused by external, visible and violent means. 3.2 Alternative treatment means forms of treatments other than \""Allopathy\"" or \""modem medicine\"" and includes Ayurveda, Unani, Sidha and Homeopathy in the Indian context. 3.3 Any one illness means continuous period of illness and it includes relapse within 45 days from the date of last consultation with the hospital/nursing home where treatment has been taken. 3.4 Break in policy occurs at the end of the existing policy period when the premium due on a given policy is not paid on or before the renewal date or within 30 days of grace period. 3.5 Cashless facility means a facility extended by the company to the insured person where the payment of the cost of treatment undergone by the insured person in accordance with the policy terms and conditions, is directly made to the network provider by the company to the extent of pre-authorization approval 3.6 Contract means the prospectus, proposal, policy, policy schedule, and declaration given by the insured person.""]",3,1,"[""National Mediclaim Policy.pdf_17"", ""National Mediclaim Policy.pdf_8"", ""National Mediclaim Policy.pdf_39""]","[""National Mediclaim Policy.pdf_17""]",,0.9999999999,1.0,0.63917950659816,0.75,0.75,1.0,1.0,0.6375732103649925,0.4638028465161198,0.40540540540540543,0.3783783783783784
Q_069,What is considered a pre-existing disease in this policy?,"A pre-existing disease is any condition, ailment, or injury for which the insured person had signs or symptoms and/or was diagnosed and/or received medical advice/treatment within 48 months prior to the first policy inception. Such conditions are covered only after 48 months of continuous coverage. Complications arising from pre-existing ailments/diseases/injuries are also considered part of the pre-existing condition. There is a 30-day waiting period for diseases contracted after policy inception, except for injuries from accidents occurring after inception.","A pre-existing disease is any condition, ailment, injury or related condition for which the insured person had signs or symptoms or was diagnosed or received medical advice or treatment within 48 months prior to the first policy issued by the company.","[""All pre-existing diseases when the cover incepts for the first time until 48 months of continuous coverage has elapsed. Any complication arising from pre-existing ailment/disease/injuries will be considered as a part of the pre existing health condition or disease. To illustrate if a person is suffering from either hypertension or diabetes or both at the time of taking the policy, then policy shall"", ""3.26 Pre-existing disease means any condition, ailment or injury or related condition(s) for which the insured person had signs or symptoms and/or was diagnosed and/or received medical advice/ treatment within 48 months prior to the first policy issued by the company. 3.27 Portability means transfer by an individual health insurance policy holder (including family cover) of the credit gained for pre-existing conditions and time bound exclusions if the policy holder chooses to switch from one insurer to another. 3.28 Qualified nurse means a person who holds a valid registration from the Nursing Council of India or the Nursing Council of any state in India. 3.29 Reasonable and Customary charges means the charges for services or supplies, which are the standard charges for the specific provider and consistent with the prevailing charges in the geographical area for identical or similar services, taking into account the nature of the illness / injury involved. 3.30 Sum insured means the sum insured and the cumulative bonus accrued in respect of each insured person as mentioned in the schedule. The sum insured represents maximum liability for each insured person for any and all benefits claimed during the policy period."", ""Any disease contracted by the insured person during the first 30 days from the inception of the first policy. This shall not apply in case the insured person is hospitalised for injuries, suffered in an accident which occurred after inception of the first policy.""]","[""3.26 Pre-existing disease means any condition, ailment or injury or related condition(s) for which the insured person had signs or symptoms and/or was diagnosed and/or received medical advice/ treatment within 48 months prior to the first policy issued by the company. 3.27 Portability means transfer by an individual health insurance policy holder (including family cover) of the credit gained for pre-existing conditions and time bound exclusions if the policy holder chooses to switch from one insurer to another. 3.28 Qualified nurse means a person who holds a valid registration from the Nursing Council of India or the Nursing Council of any state in India. 3.29 Reasonable and Customary charges means the charges for services or supplies, which are the standard charges for the specific provider and consistent with the prevailing charges in the geographical area for identical or similar services, taking into account the nature of the illness / injury involved. 3.30 Sum insured means the sum insured and the cumulative bonus accrued in respect of each insured person as mentioned in the schedule. The sum insured represents maximum liability for each insured person for any and all benefits claimed during the policy period.""]",3,1,"[""National Mediclaim Policy.pdf_35"", ""National Mediclaim Policy.pdf_31"", ""National Mediclaim Policy.pdf_39""]","[""National Mediclaim Policy.pdf_31""]",,0.99999999995,1.0,0.8792125804601062,1.0,0.5,1.0,1.0,0.8993346829537195,0.6186516981251463,0.5736434108527131,0.5426356589147286
Q_070,What does the policy mean by waiting period?,The waiting period for pre-existing conditions is defined as 48 months of continuous coverage from the inception of the first policy. Any disease contracted during the first 30 days from inception is excluded from coverage unless hospitalization occurs due to injuries from an accident after policy inception.,"Waiting period means the period from the inception of the first policy during which specified diseases or treatments are not covered, and after completion they will be covered provided the policy has been continuously renewed without a break.","[""Any disease contracted by the insured person during the first 30 days from the inception of the first policy. This shall not apply in case the insured person is hospitalised for injuries, suffered in an accident which occurred after inception of the first policy."", ""All pre-existing diseases when the cover incepts for the first time until 48 months of continuous coverage has elapsed. Any complication arising from pre-existing ailment/disease/injuries will be considered as a part of the pre existing health condition or disease. To illustrate if a person is suffering from either hypertension or diabetes or both at the time of taking the policy, then policy shall"", ""i. undertaken under General or Local Anesthesia in a hospital/day care centre in less than 24 hrs because o f technological advancement, and ii. which would have otherwise required a hospitalization o f more than 24 hours. Treatment normally taken on an out-patient basis is not included in the scope o f this definition. 3.10 Grace period means 30 days immediately following the premium due date during which a payment can be made to renew or continue the policy in force without loss of continuity benefits such as waiting period and coverage of pre-existing disease. Coverage is not available for the period for which no premium is received. 3.11 Hospital means any institution established for in-patient care and day care treatment of illness and/ or injuries and which has been registered as a hospital with the local authorities under the Clinical Establishments (Registration and Regulation) Act, 2010 or under the enactments specified under Schedule of Section 56(1) of the said Act, OR complies with all minimum criteria as""]","[""3.32 Third Party Administrator (TPA) means any entity, licenced under the IRDA (Third Party Administrators - Health Services) Regulations, 2001 by the Authority, and is engaged, for a fee by the company for the purpose of providing health services. 3.33 Unproven/ Experimental treatment means treatment, including drug experimental therapy, which is not based on established medical practice in India, is experimental or unproven. 3.34 Waiting period means a period from the inception of the first policy during which specified diseases/treatment is not covered. On completion of the period, diseases/treatment will be covered provided the policy has been continuously renewed without any break.""]",3,1,"[""National Mediclaim Policy.pdf_39"", ""National Mediclaim Policy.pdf_35"", ""National Mediclaim Policy.pdf_20""]","[""National Mediclaim Policy.pdf_33""]",,0.9999999999666667,0.0,0.7478004001934172,1.0,0.5,0.5,1.0,0.7287400625700433,0.11569533727416521,0.372093023255814,0.27906976744186046
Q_071,How much room rent is allowed per day and what is the ICU limit?,"Daily room rent limit is 1% of sum insured per day subject to a maximum of `5,000. ICU room rent cap is 2% of sum insured per day subject to a maximum of `10,000.","Room charges are limited to 1% of the sum insured per day subject to a maximum of ₹5,000, and ICU charges are limited to 2% of the sum insured per day subject to a maximum of ₹10,000.","[""Room, boarding including nursing care, RMO charges, administration charges for IV 2.1 for any one illness - 25% of fluids/blood transfusion/injection. sum insured Room charges Limit: 1% of sum insured per day subject to maximum of `5,000. If admitted in intensive care unit (ICU) - 2% of sum insured per day subject to maximum of `10,000.""]","[""Room, boarding including nursing care, RMO charges, administration charges for IV 2.1 for any one illness - 25% of fluids/blood transfusion/injection. sum insured Room charges Limit: 1% of sum insured per day subject to maximum of `5,000. If admitted in intensive care unit (ICU) - 2% of sum insured per day subject to maximum of `10,000.""]",1,1,"[""National Mediclaim Policy.pdf_9""]","[""National Mediclaim Policy.pdf_9""]",,0.9999999999,1.0,0.8703438380534193,1.0,1.0,1.0,1.0,0.8762778553699042,0.1567074246784421,0.7733333333333334,0.7733333333333334
Q_072,"If I undergo an organ transplant, will the donor’s hospital expenses be covered?","Yes, the policy provides coverage for the donor’s inpatient hospitalization and associated medical expenses during the course of an organ transplant, subject to conditions a and b under Section 2.3 ix.",Hospitalisation expenses for the organ donor’s treatment during organ transplant are covered provided the donation conforms to the Transplantation of Human Organs Act 1994 and the insured person has been medically advised to undergo an organ transplant.,"[""i. Anaesthesia, blood, oxygen, operation theatre charges 2.3 for any one illness- 50% of ii. Surgical appliances sum insured iii. Medicines, drugs iv. Diagnostic test v. Pacemaker, artificial limbs, stent and implant vi. Dialysis vii. Chemotherapy viii. Radiotherapy ix. Hospitalisation expense for organ donor\u2019s treatment during the course of organ transplant provided that a. The donation conforms to The Transplantation of Human Organs Act 1994 and the organ is for the use of the insured person b. The insured person has been medically advised to undergo an organ transplant x. Reimbursement of ambulance charges - 1% of sum insured subject to a""]","[""i. Anaesthesia, blood, oxygen, operation theatre charges 2.3 for any one illness- 50% of ii. Surgical appliances sum insured iii. Medicines, drugs iv. Diagnostic test v. Pacemaker, artificial limbs, stent and implant vi. Dialysis vii. Chemotherapy viii. Radiotherapy ix. Hospitalisation expense for organ donor\u2019s treatment during the course of organ transplant provided that a. The donation conforms to The Transplantation of Human Organs Act 1994 and the organ is for the use of the insured person b. The insured person has been medically advised to undergo an organ transplant x. Reimbursement of ambulance charges - 1% of sum insured subject to a""]",1,1,"[""National Mediclaim Policy.pdf_11""]","[""National Mediclaim Policy.pdf_11""]",,0.9999999999,1.0,0.8064104141552565,1.0,0.5,1.0,1.0,0.7667448455936117,0.058591581816061694,0.4507042253521127,0.28169014084507044
Q_073,What conditions must be met for pre-hospitalisation expenses to be covered?,"Pre-hospitalisation expenses are reimbursable if incurred 30 days immediately before hospitalisation for the same condition, and the in-patient hospitalisation claim is admissible. The claim must be supported by the following documents and submitted within 15 days of discharge: completed claim form, original bills/payment receipts, medical history, discharge certificate, original cash-memo from hospitals/chemists with prescriptions, payment receipts/investigation reports with prescriptions, attending medical practitioner’s certificate with diagnosis and bill receipts, surgeon’s certificate with diagnosis, nature of operation, and bills/receipts. Any other document required by the company/TPA.",Pre-hospitalisation expenses incurred up to 30 days before hospitalisation are covered provided they are for the same condition for which hospitalisation was required and the in-patient hospitalisation claim is admissible.,"[""3.20 Network provider means hospitals or health care providers enlisted by the company or by a TPA and the company together to provide medical services to an insured person on payment by a cashless facility. 3.21 Out Patient Department (OPD) treatment means treatment in which the insured person visits a clinic / hospital or associated facility like a consultation room for diagnosis and treatment based on the advice of a medical practitioner and the insured person is not admitted as a day care patient or in-patient. 3.22 Policy period means period of one year as mentioned in the schedule for which the policy is issued. 3.23 Preferred provider network (PPN) means a network of hospitals which have agreed to a cashless packaged pricing for certain procedures for the insured person. The list is available with the company/TPA and subject to amendment from time to time. Reimbursement of expenses incurred in PPN for the procedures (as listed under PPN package) shall be subject to the rates applicable to PPN package pricing. 3.24 Pre hospitalisation means medical expenses incurred 30 days immediately before the insured person is hospitalised,"", ""i. such medical expenses are incurred for the same condition for which the insured person\u2019s hospitalisation was required, and ii. the in-patient hospitalisation claim for such hospitalisation is admissible by the insurance company NNaattiioonnaall MMeeddiiccllaaiimm PPoolliiccyy 3 IRDA/NL-HLT/NI/P-H/V.I/17/13-14"", ""The claim is to be supported with the following documents and submitted within the prescribed time limit. i. Completed claim form ii. Original bills, payment receipts, medical history of the patient recorded, discharge certificate/ summary from the hospital etc. iii. Original cash-memo from the hospital (s)/chemist (s) supported by proper prescription iv. Original payment receipt, investigation test reports etc. supported by the prescription from attending medical practitioner v. Attending medical practitioner\u2019s certificate regarding diagnosis and bill receipts etc. vi. Surgeon\u2019s original certificate stating diagnosis and nature of operation performed along with bills/receipts etc. vii. Any other document required by company/TPA"", ""In the event of a claim lodged as per clause 5.9 of the policy and the original documents having been submitted to the other insurer, the company may accept the documents listed under clause 5.5.4 of the policy and claim settlement advice duly certified by the other insurer subject to satisfaction of the company. Type of claim Time limit for submission of documents to company/TPA Reimbursement of hospitalisation and pre hospitalisation Within 15 days of date of discharge from hospital expenses Reimbursement of post hospitalisation expenses Within 15 days from completion of post hospitalisation treatment Reimbursement of health checkup expenses (as per Good At least 45 days before the expiry of the fifth policy period.""]","[""3.20 Network provider means hospitals or health care providers enlisted by the company or by a TPA and the company together to provide medical services to an insured person on payment by a cashless facility. 3.21 Out Patient Department (OPD) treatment means treatment in which the insured person visits a clinic / hospital or associated facility like a consultation room for diagnosis and treatment based on the advice of a medical practitioner and the insured person is not admitted as a day care patient or in-patient. 3.22 Policy period means period of one year as mentioned in the schedule for which the policy is issued. 3.23 Preferred provider network (PPN) means a network of hospitals which have agreed to a cashless packaged pricing for certain procedures for the insured person. The list is available with the company/TPA and subject to amendment from time to time. Reimbursement of expenses incurred in PPN for the procedures (as listed under PPN package) shall be subject to the rates applicable to PPN package pricing. 3.24 Pre hospitalisation means medical expenses incurred 30 days immediately before the insured person is hospitalised,"", ""i. such medical expenses are incurred for the same condition for which the insured person\u2019s hospitalisation was required, and ii. the in-patient hospitalisation claim for such hospitalisation is admissible by the insurance company""]",4,2,"[""National Mediclaim Policy.pdf_27"", ""National Mediclaim Policy.pdf_30"", ""National Mediclaim Policy.pdf_73"", ""National Mediclaim Policy.pdf_74""]","[""National Mediclaim Policy.pdf_27"", ""National Mediclaim Policy.pdf_28""]",,0.999999999975,1.0,0.8479184854433046,1.0,0.5,1.0,1.0,0.8367298107109239,0.31087931104909666,0.3492063492063492,0.31746031746031744
Q_074,When are post-hospitalisation expenses covered under the policy?,Post-hospitalization expenses are covered for 60 days immediately after discharge from hospitalization.,Post-hospitalisation expenses incurred within 60 days after discharge are covered provided they relate to the same condition for which hospitalisation occurred and the in-patient hospitalisation claim is admissible.,"[""3.25 Post hospitalisation means medical expenses incurred 60 days immediately after the insured person is discharged from"", ""In the event of a claim lodged as per clause 5.9 of the policy and the original documents having been submitted to the other insurer, the company may accept the documents listed under clause 5.5.4 of the policy and claim settlement advice duly certified by the other insurer subject to satisfaction of the company. Type of claim Time limit for submission of documents to company/TPA Reimbursement of hospitalisation and pre hospitalisation Within 15 days of date of discharge from hospital expenses Reimbursement of post hospitalisation expenses Within 15 days from completion of post hospitalisation treatment Reimbursement of health checkup expenses (as per Good At least 45 days before the expiry of the fifth policy period."", ""i. such medical expenses are incurred for the same condition for which the insured person\u2019s hospitalisation was required, and ii. the in-patient hospitalisation claim for such hospitalisation is admissible by the insurance company""]","[""3.25 Post hospitalisation means medical expenses incurred 60 days immediately after the insured person is discharged from"", ""i. such medical expenses are incurred for the same condition for which the insured person\u2019s hospitalisation was required, and ii. the in-patient hospitalisation claim for such hospitalisation is admissible by the insurance company NNaattiioonnaall MMeeddiiccllaaiimm PPoolliiccyy 3 IRDA/NL-HLT/NI/P-H/V.I/17/13-14""]",3,2,"[""National Mediclaim Policy.pdf_29"", ""National Mediclaim Policy.pdf_74"", ""National Mediclaim Policy.pdf_28""]","[""National Mediclaim Policy.pdf_29"", ""National Mediclaim Policy.pdf_30""]",,0.8333333332916666,1.0,0.8319666429160124,1.0,0.5,1.0,1.0,0.8469655425812512,0.03458779195156985,0.41860465116279066,0.27906976744186046
Q_075,What are the rules for hospitalization duration to qualify for coverage?,An insured person must be admitted in a hospital upon the written advice of a duly qualified medical practitioner for more than 24 continuous hours for the treatment of a covered disease/injury to be eligible for coverage under the sum insured.,"Hospitalisation means admission as an inpatient for a minimum of 24 consecutive hours, except for specified day care procedures or surgeries requiring less than 24 hours due to medical advancement and with prior approval where required.","[""Any other surgeries/procedures (not listed in Appendix -I) which due to advancement of medical science require hospitalisation for less than 24 hours and for which prior approval from company/TPA is mandatory. 3.13 I D card means the card issued to the insured person by the TPA for availing cashless facility in the network provider. 3.14 In-patient means an insured person who is admitted in hospital upon the written advice of a duly qualified medical practitioner for more than 24 continuous hours, for the treatment of covered disease/ injury during the policy period."", ""iv. has a fully equipped operation theatre of its own where surgical procedures are carried out v. maintains daily records of patients and will make these accessible to the Insurance Company\u2019s authorized personnel. Hospital shall not include an establishment which is a rest home or convalescent home for the addicted, detoxification centre, sanatorium, home for the aged, mentally disturbed, remodeling clinic or similar institution. 3.12 Hospitalisation means admission in a hospital as an inpatient for a minimum period of 24 consecutive hours except for specified procedure/ treatment, where such admission could be for a period of less than 24 consecutive hours. Relaxation to 24 hours minimum duration for hospitalisation is allowed in i. Day care procedures/surgeries (as listed in Appendix -I) where such treatment is taken by an insured person in a hospital/day care centre (but not the outpatient department of a hospital). ii. Any other surgeries/procedures (not listed in Appendix -I) which due to advancement of medical science require hospitalisation for less than 24 hours and for which prior approval from company/TPA is mandatory.""]","[""iv. has a fully equipped operation theatre of its own where surgical procedures are carried out v. maintains daily records of patients and will make these accessible to the Insurance Company\u2019s authorized personnel. Hospital shall not include an establishment which is a rest home or convalescent home for the addicted, detoxification centre, sanatorium, home for the aged, mentally disturbed, remodeling clinic or similar institution. 3.12 Hospitalisation means admission in a hospital as an inpatient for a minimum period of 24 consecutive hours except for specified procedure/ treatment, where such admission could be for a period of less than 24 consecutive hours. Relaxation to 24 hours minimum duration for hospitalisation is allowed in i. Day care procedures/surgeries (as listed in Appendix -I) where such treatment is taken by an insured person in a hospital/day care centre (but not the outpatient department of a hospital). ii. Any other surgeries/procedures (not listed in Appendix -I) which due to advancement of medical science require hospitalisation for less than 24 hours and for which prior approval from company/TPA is mandatory.""]",2,1,"[""National Mediclaim Policy.pdf_23"", ""National Mediclaim Policy.pdf_22""]","[""National Mediclaim Policy.pdf_22""]",,0.99999999995,1.0,0.4866698176195728,0.8,0.5,1.0,1.0,0.6664107335076553,0.024887938988772413,0.25641025641025644,0.20512820512820512
Q_076,Are diseases diagnosed within the first 30 days covered by the policy?,Any disease contracted by the insured person during the first 30 days from the inception of the first policy is not covered. This does not apply if the insured person is hospitalized for injuries suffered in an accident that occurred after the policy inception.,"Diseases contracted during the first 30 days from the inception of the first policy are not covered, except when hospitalisation occurs due to injuries caused by an accident after the policy inception.","[""Any disease contracted by the insured person during the first 30 days from the inception of the first policy. This shall not apply in case the insured person is hospitalised for injuries, suffered in an accident which occurred after inception of the first policy."", ""3.26 Pre-existing disease means any condition, ailment or injury or related condition(s) for which the insured person had signs or symptoms and/or was diagnosed and/or received medical advice/ treatment within 48 months prior to the first policy issued by the company. 3.27 Portability means transfer by an individual health insurance policy holder (including family cover) of the credit gained for pre-existing conditions and time bound exclusions if the policy holder chooses to switch from one insurer to another. 3.28 Qualified nurse means a person who holds a valid registration from the Nursing Council of India or the Nursing Council of any state in India. 3.29 Reasonable and Customary charges means the charges for services or supplies, which are the standard charges for the specific provider and consistent with the prevailing charges in the geographical area for identical or similar services, taking into account the nature of the illness / injury involved. 3.30 Sum insured means the sum insured and the cumulative bonus accrued in respect of each insured person as mentioned in the schedule. The sum insured represents maximum liability for each insured person for any and all benefits claimed during the policy period.""]","[""Any disease contracted by the insured person during the first 30 days from the inception of the first policy. This shall not apply in case the insured person is hospitalised for injuries, suffered in an accident which occurred after inception of the first policy.""]",2,1,"[""National Mediclaim Policy.pdf_39"", ""National Mediclaim Policy.pdf_31""]","[""National Mediclaim Policy.pdf_39""]",,0.9999999999,1.0,0.8322239761514105,0.6666666666666666,1.0,0.5,1.0,0.9230819435073508,0.32958988657209554,0.6578947368421052,0.6052631578947368
Q_077,What are the waiting periods for certain treatments like cataract or joint replacement?,Not found,"Cataract and several listed conditions have a two-year waiting period, while treatment for joint replacement due to degenerative conditions has a four-year waiting period.","[""Any disease contracted by the insured person during the first 30 days from the inception of the first policy. This shall not apply in case the insured person is hospitalised for injuries, suffered in an accident which occurred after inception of the first policy."", ""All pre-existing diseases when the cover incepts for the first time until 48 months of continuous coverage has elapsed. Any complication arising from pre-existing ailment/disease/injuries will be considered as a part of the pre existing health condition or disease. To illustrate if a person is suffering from either hypertension or diabetes or both at the time of taking the policy, then policy shall"", ""i. Day care treatment will include above day care procedures ii. Any surgery/procedure (not listed above) which due to advancement of medical science requires hospitalisation for less than 24 hours will require prior approval from company/TPA. iii. The standard exclusions and waiting periods are applicable to all of the above day care procedures / surgeries depending on the medical condition / disease under treatment. Only 24 hours hospitalisation is not mandatory.""]","[""i. One year waiting period a. Benign ENT disorders b. Tonsillectomy/Adenoidectomy/Mastoidectomy/Tympanoplasty ii. Two years waiting period a. Cataract k. Pilonidal sinus b. Benign prostatic hypertrophy l. Gout and Rheumatism c. Hernia m. Hypertension and related complications d. Hydrocele n. Diabetes and related complications e. Congenital internal disease o. Calculus diseases f. Fissure/Fistula in anus p. Surgery of gall bladder and bile duct excluding malignancy g. Piles (Haemorrhoids) q. Surgery of genito-urinary system excluding malignancy h. Sinusitis and related disorders r. Surgery for prolapsed intervertebral disc unless arising from accident i. Polycystic ovarian disease s. Surgery of varicose vein j. Non-infective arthritis t. Hysterectomy iii. Four years waiting period a. Treatment for joint replacement due to degenerative conditions b. Age related osteoarthritis and osteoporosis""]",3,1,"[""National Mediclaim Policy.pdf_39"", ""National Mediclaim Policy.pdf_35"", ""National Mediclaim Policy.pdf_137""]","[""National Mediclaim Policy.pdf_41""]",,0.0,0.0,0.0,0.0,0.0,0.0,0.0,0.0705123347337514,0.0,0.0,0.0
Q_078,"If I plan a hospital admission, when should I inform the insurer for cashless treatment?",In case of planned hospitalisation At least 72 hours prior to the insured person’s admission to network provider/PPN. In case of emergency hospitalisation Within 24 hours of the insured person’s admission to network provider/PPN.,"For planned hospitalisation the TPA must be informed at least 72 hours prior to admission, and in case of emergency hospitalisation the TPA must be informed within 24 hours of admission.","[""In case of planned hospitalisation At least 72 hours prior to the insured person\u2019s admission to network provider/PPN In case of emergency hospitalisation Within 24 hours of the insured person\u2019s admission to network provider/PPN""]","[""In case of planned hospitalisation At least 72 hours prior to the insured person\u2019s admission to network provider/PPN In case of emergency hospitalisation Within 24 hours of the insured person\u2019s admission to network provider/PPN""]",1,1,"[""National Mediclaim Policy.pdf_69""]","[""National Mediclaim Policy.pdf_69""]",,0.9999999999,1.0,0.56006133689688,1.0,1.0,1.0,1.0,0.6940895663894091,0.12611191703282926,0.6086956521739131,0.5507246376811595
Q_079,What documents are required to submit a reimbursement claim?,"The claim is to be supported with the following documents and submitted within the prescribed time limit:
i. Completed claim form
ii. Original bills, payment receipts, medical history of the patient recorded, discharge certificate/summary from the hospital etc.
iii. Original cash-memo from the hospital(s)/chemist(s) supported by proper prescription
iv. Original payment receipt, investigation test reports etc. supported by the prescription from attending medical practitioner
v. Attending medical practitioner’s certificate regarding diagnosis and bill receipts etc.
vi. Surgeon’s original certificate stating diagnosis and nature of operation performed along with bills/receipts etc.
vii. Any other document required by company/TPA

In the event of a claim lodged as per clause 5.9 of the policy and the original documents having been submitted to the other insurer, the company may accept the documents listed under clause 5.5.4 of the policy and claim settlement advice duly certified by the other insurer subject to satisfaction of the company.

Time limits for submission of documents to company/TPA:
Reimbursement of hospitalisation and pre-hospitalisation expenses: within 15 days of date of discharge from hospital
Reimbursement of post-hospitalisation expenses: within 15 days from completion of post-hospitalisation treatment
Reimbursement of health checkup expenses: at least 45 days before the expiry of the fifth policy period","The claim must include a completed claim form, original bills and payment receipts, discharge summary, prescriptions, investigation reports, medical practitioner’s certificate, surgeon’s certificate if applicable, and any other document required by the company or TPA.","[""The claim is to be supported with the following documents and submitted within the prescribed time limit. i. Completed claim form ii. Original bills, payment receipts, medical history of the patient recorded, discharge certificate/ summary from the hospital etc. iii. Original cash-memo from the hospital (s)/chemist (s) supported by proper prescription iv. Original payment receipt, investigation test reports etc. supported by the prescription from attending medical practitioner v. Attending medical practitioner\u2019s certificate regarding diagnosis and bill receipts etc. vi. Surgeon\u2019s original certificate stating diagnosis and nature of operation performed along with bills/receipts etc. vii. Any other document required by company/TPA"", ""In the event of a claim lodged as per clause 5.9 of the policy and the original documents having been submitted to the other insurer, the company may accept the documents listed under clause 5.5.4 of the policy and claim settlement advice duly certified by the other insurer subject to satisfaction of the company. Type of claim Time limit for submission of documents to company/TPA Reimbursement of hospitalisation and pre hospitalisation Within 15 days of date of discharge from hospital expenses Reimbursement of post hospitalisation expenses Within 15 days from completion of post hospitalisation treatment Reimbursement of health checkup expenses (as per Good At least 45 days before the expiry of the fifth policy period.""]","[""The claim is to be supported with the following documents and submitted within the prescribed time limit. i. Completed claim form ii. Original bills, payment receipts, medical history of the patient recorded, discharge certificate/ summary from the hospital etc. iii. Original cash-memo from the hospital (s)/chemist (s) supported by proper prescription iv. Original payment receipt, investigation test reports etc. supported by the prescription from attending medical practitioner v. Attending medical practitioner\u2019s certificate regarding diagnosis and bill receipts etc. vi. Surgeon\u2019s original certificate stating diagnosis and nature of operation performed along with bills/receipts etc. vii. Any other document required by company/TPA""]",2,1,"[""National Mediclaim Policy.pdf_73"", ""National Mediclaim Policy.pdf_74""]","[""National Mediclaim Policy.pdf_73""]",,0.99999999995,1.0,0.6423013382698195,1.0,0.75,1.0,1.0,0.753450586500404,0.013614799345513828,0.25,0.23437499999999997
Q_080,How long does the insurer take to settle or reject a claim after receiving documents?,"The company shall offer a settlement or reject a claim in writing within 30 days from receipt of the final documents or investigation report. Upon acceptance of the settlement offer, payment shall be made within 7 days.","The company will offer settlement within 30 days of receiving final documents or investigation report, and once the insured person accepts the offer, payment will be made within 7 days.","[""NNaattiioonnaall MMeeddiiccllaaiimm PPoolliiccyy 7 IRDA/NL-HLT/NI/P-H/V.I/17/13-14 i. On receipt of the final document(s) or investigation report (if any), as the case may be, the company shall within a period of 30 days offer a settlement of the claim to the insured person. ii. If the company, for any reasons, decides to reject a claim under the policy, shall communicate to the insured person in writing and within a period of 30 days from the receipt of the final document(s) or investigation report (if any), as the case may be. iii. Upon acceptance of an offer of settlement as stated above by the insured person, the payment of the amount due shall be made within 7 days from the date of acceptance of the offer by the company. iv. In the cases of delay in the payment, the company shall pay interest at a rate which is 2% above the bank rate prevalent at the beginning of the financial year in which the claim is reviewed.""]","[""NNaattiioonnaall MMeeddiiccllaaiimm PPoolliiccyy 7 IRDA/NL-HLT/NI/P-H/V.I/17/13-14 i. On receipt of the final document(s) or investigation report (if any), as the case may be, the company shall within a period of 30 days offer a settlement of the claim to the insured person. ii. If the company, for any reasons, decides to reject a claim under the policy, shall communicate to the insured person in writing and within a period of 30 days from the receipt of the final document(s) or investigation report (if any), as the case may be. iii. Upon acceptance of an offer of settlement as stated above by the insured person, the payment of the amount due shall be made within 7 days from the date of acceptance of the offer by the company. iv. In the cases of delay in the payment, the company shall pay interest at a rate which is 2% above the bank rate prevalent at the beginning of the financial year in which the claim is reviewed.""]",1,1,"[""National Mediclaim Policy.pdf_75""]","[""National Mediclaim Policy.pdf_75""]",,0.9999999999,1.0,0.6518759940815309,1.0,1.0,1.0,1.0,0.8981190703219549,0.16183532400348064,0.6865671641791045,0.6567164179104478
Q_081,What does “Any one illness” mean in this policy?,Not found,Any one illness means a continuous period of illness and includes relapse within 45 days from the date of last consultation with the hospital or nursing home where treatment was taken.,"[""Disclosure to information norm: The policy shall be void and Illness: Illness means a sickness or a disease or pathological all premium paid thereon shall be forfeited to the Company condition leading to the impairment of normal physiological in the event of misrepresentation, mis-description or non- function and requires medical treatment; disclosure of any material fact by the Policy Holder. (a) Acute condition - Acute condition is a disease, illness or Domiciliary Hospitalization: Domiciliary hospitalization injury that is likely to respond quickly to treatment which means medical treatment for an illness / disease / injury aims to return the person to his or her state of health which in the normal course would require care and immediately before suffering the disease / illness / treatment at a hospital but is actually taken while confined injury which leads to full recovery at home under any of the following circumstances: (b) Chronic condition - A chronic condition is defined as i) the condition of the patient is such that he / she is not in a disease, illness, or injury that has one or more of the a condition to be removed to a hospital, or following characteristics; ii) the patient takes treatment at home on account of 1.""]","[""i. Having at least 5 in-patient beds; S T A N D A R D D E F I N I T I O N S ii. Having qualified AYUSH Medical Practitioner in charge round the clock; Accident: An accident means sudden, unforeseen and iii. Having dedicated AYUSH therapy sections as involuntary event caused by external, visible and violent means. required and / or has equipped operation theatre where surgical procedures are to be carried out; Any one illness: Any one illness means continuous period of illness and includes relapse within 45 days from the date iv. Maintaining daily records of the patients and making of last consultation with the Hospital / Nursing Home where them accessible to the insurance company\u2019s treatment was taken. authorized representative.""]",1,1,"[""Policy_Super_Star_V_3_80e5dd8988.pdf_14""]","[""Policy_Super_Star_V_3_80e5dd8988.pdf_2""]",,0.0,0.0,0.0,0.5,0.0,0.75,0.0,0.08795625658407907,0.0,0.0,0.0
Q_082,How is co-payment defined in the policy?,Co-payment means a cost sharing that the policyholder / insured will bear a specified percentage of the admissible claims amount.,"Co-payment means a cost sharing requirement under a health insurance policy where the policyholder or insured bears a specified percentage of the admissible claims amount, and it does not reduce the Sum Insured.","[""Co-Payment: Co-payment means a cost sharing Emergency Care: Emergency care means management requirement under a health insurance policy that for an illness or injury which results in symptoms which provides that the policyholder / insured will bear a occur suddenly and unexpectedly, and requires immediate specified percentage of the admissible claims amount. A care by a medical practitioner to prevent death or serious co-payment does not reduce the Sum Insured. long term impairment of the insured person\u2019s health. Cumulative Bonus: Cumulative Bonus means any increase Grace Period: \u201cGrace period\u201d means the specified period or addition in the Sum Insured granted by the insurer of time, immediately following the premium due date without an associated increase in premium. during which premium payment can be made to renew or"", ""8. Continuous Passive motion devices in case of Knee (c) Optional Cover 10. Voluntary Co-payment or Replacement Optional Cover 11. Voluntary Deductible if opted by the Insured Person shall be applicable under this""]","[""Co-Payment: Co-payment means a cost sharing Emergency Care: Emergency care means management requirement under a health insurance policy that for an illness or injury which results in symptoms which provides that the policyholder / insured will bear a occur suddenly and unexpectedly, and requires immediate specified percentage of the admissible claims amount. A care by a medical practitioner to prevent death or serious co-payment does not reduce the Sum Insured. long term impairment of the insured person\u2019s health. Cumulative Bonus: Cumulative Bonus means any increase Grace Period: \u201cGrace period\u201d means the specified period or addition in the Sum Insured granted by the insurer of time, immediately following the premium due date without an associated increase in premium. during which premium payment can be made to renew or""]",2,1,"[""Policy_Super_Star_V_3_80e5dd8988.pdf_9"", ""Policy_Super_Star_V_3_80e5dd8988.pdf_225""]","[""Policy_Super_Star_V_3_80e5dd8988.pdf_9""]",,0.9999999999,1.0,0.8274556255203732,1.0,0.5,1.0,1.0,0.9225619085827987,0.28079810689146073,0.6666666666666667,0.6666666666666667
Q_083,What does the policy mean by emergency care?,"Emergency care means management of an illness or injury which occurs suddenly and unexpectedly, and requires immediate care by a medical practitioner to prevent death or serious long term impairment of the insured person’s health.",Emergency care means management for an illness or injury which results in symptoms that occur suddenly and unexpectedly and requires immediate care by a medical practitioner to prevent death or serious long-term impairment of the insured person’s health.,"[""Co-Payment: Co-payment means a cost sharing Emergency Care: Emergency care means management requirement under a health insurance policy that for an illness or injury which results in symptoms which provides that the policyholder / insured will bear a occur suddenly and unexpectedly, and requires immediate specified percentage of the admissible claims amount. A care by a medical practitioner to prevent death or serious co-payment does not reduce the Sum Insured. long term impairment of the insured person\u2019s health. Cumulative Bonus: Cumulative Bonus means any increase Grace Period: \u201cGrace period\u201d means the specified period or addition in the Sum Insured granted by the insurer of time, immediately following the premium due date without an associated increase in premium. during which premium payment can be made to renew or"", ""accepted in international medical practice or by the Injury: Injury means accidental physical bodily harm medical community in India. excluding illness or disease solely and directly caused by external, violent, visible and evident means which is verified Migration: Migration means a facility provided to and certified by a Medical Practitioner. policyholders (including all members under family cover Inpatient Care: Inpatient care means treatment for which and group policies), to transfer the credits gained for pre- the insured person has to stay in a hospital for more than existing diseases and specific waiting periods from one 24 hours for a covered event. health insurance policy to another with the same insurer. Intensive Care Unit: Intensive care unit means an Network Provider: Network Provider means hospitals or identified section, ward or wing of a hospital which is health care providers enlisted by an insurer, TPA or jointly under the constant supervision of a dedicated medical by an Insurer and TPA to provide medical services to an practitioner(s), and which is specially equipped for the insured by a cashless facility. continuous monitoring and treatment of patients who are in a critical condition, or require life support facilities and New Born Baby: Newborn baby means baby born during where the level of care and supervision is considerably""]","[""Co-Payment: Co-payment means a cost sharing Emergency Care: Emergency care means management requirement under a health insurance policy that for an illness or injury which results in symptoms which provides that the policyholder / insured will bear a occur suddenly and unexpectedly, and requires immediate specified percentage of the admissible claims amount. A care by a medical practitioner to prevent death or serious co-payment does not reduce the Sum Insured. long term impairment of the insured person\u2019s health. Cumulative Bonus: Cumulative Bonus means any increase Grace Period: \u201cGrace period\u201d means the specified period or addition in the Sum Insured granted by the insurer of time, immediately following the premium due date without an associated increase in premium. during which premium payment can be made to renew or""]",2,1,"[""Policy_Super_Star_V_3_80e5dd8988.pdf_9"", ""Policy_Super_Star_V_3_80e5dd8988.pdf_20""]","[""Policy_Super_Star_V_3_80e5dd8988.pdf_9""]",,0.9999999999,1.0,0.8900670204051396,1.0,1.0,1.0,1.0,0.9889251231530161,0.6365875815404816,0.9210526315789473,0.9210526315789473
Q_084,What is considered OPD treatment under this policy?,"OPD treatment means the Insured visits a clinic/hospital or associated facility for diagnosis and treatment based on medical advice from a Medical Practitioner, including consultations, diagnostic tests, and procedures required as part of ambulatory care services. High-end diagnostics tests are payable on OPD basis if required as a part of ambulatory care.","OPD treatment means the insured visits a clinic, hospital, or associated facility like a consultation room for diagnosis and treatment based on the advice of a medical practitioner, and the insured is not admitted as a day care or in-patient.","[""ICU Charges: ICU (Intensive Care Unit) Charges means the process of intimating a claim to the insurer or TPA through amount charged by a Hospital towards ICU expenses which shall include the expenses for ICU bed, general medical any of the recognized modes of communication. support services provided to any ICU patient including OPD treatment: OPD treatment means the one in which the monitoring devices, critical care nursing and intensivist Insured visits a clinic / hospital or associated facility like charges. a consultation room for diagnosis and treatment based Medical Advice: Medical Advice means any consultation or on the advice of a Medical Practitioner. The Insured is not advice from a Medical Practitioner including the issuance admitted as a day care or in-patient. of any prescription or follow-up prescription."", ""of opting this optional cover (whichever is later) and 7. High-end Diagnostics: The following diagnostics tests its continuous renewal thereof with the Company. are payable on OPD basis if required as a part of a""]","[""ICU Charges: ICU (Intensive Care Unit) Charges means the process of intimating a claim to the insurer or TPA through amount charged by a Hospital towards ICU expenses which shall include the expenses for ICU bed, general medical any of the recognized modes of communication. support services provided to any ICU patient including OPD treatment: OPD treatment means the one in which the monitoring devices, critical care nursing and intensivist Insured visits a clinic / hospital or associated facility like charges. a consultation room for diagnosis and treatment based Medical Advice: Medical Advice means any consultation or on the advice of a Medical Practitioner. The Insured is not advice from a Medical Practitioner including the issuance admitted as a day care or in-patient. of any prescription or follow-up prescription.""]",2,1,"[""Policy_Super_Star_V_3_80e5dd8988.pdf_22"", ""Policy_Super_Star_V_3_80e5dd8988.pdf_181""]","[""Policy_Super_Star_V_3_80e5dd8988.pdf_22""]",,0.9999999999,1.0,0.7970512380035647,0.5,0.5,1.0,0.5,0.9191206961145626,0.2423335897965901,0.5894736842105263,0.5473684210526316
Q_085,How does the policy define hospitalization?,"In-patient hospitalization means admission to a hospital for a minimum period of 24 consecutive hours for the sole purpose of receiving treatment. Reimbursement under the sum insured covers room rent (any room), boarding, nursing expenses, ICU charges, and associated medical expenses such as professional fees, OT charges, and procedure charges. Road ambulance expenses for transportation to or from the hospital are also covered up to the sum insured specified in the policy schedule, provided it is medically necessary.",Hospitalization means admission in a hospital for a minimum period of 24 consecutive inpatient care hours except for specified procedures or treatments where admission could be for less than 24 consecutive hours.,"[""Medical Expenses incurred in respect of Hospitalization incurred for the following are payable:- of the Insured Person during the Policy Period, up to the i. for transportation of the insured person by private Sum Insured specified in the Policy Schedule against ambulance service to go to hospital when this is this In-Patient treatment: needed for medical reasons (i) Room Rent (Any Room), Boarding, Nursing Expenses or as provided by the Hospital / Nursing Home ii. for transportation of the insured person by private (ii) Intensive Care Unit (ICU) Charges ambulance service from one hospital to another SUPER STAR | UIN : SHAHLIP25036V012425 | POL / SS / V.4 / 2025 5 / 3 8"", ""surgical procedures are carried out; insurer will not be liable for a specified rupee amount in case of indemnity policies and for a specified number of v) maintains daily records of patients and makes these days / hours in case of hospital cash policies which will accessible to the insurance company\u2019s authorized apply before any benefits are payable by the insurer. A personnel; deductible does not reduce the Sum Insured. Hospitalization: Hospitalization means admission in a Dental Treatment: Dental treatment means a treatment Hospital for a minimum period of 24 consecutive \u2018Inpatient related to teeth or structures supporting teeth including Care\u2019 hours except for specified procedures / treatments, examinations, fillings (where appropriate), crowns, where such admission could be for a period of less than 24 extractions and surgery. consecutive hours. Disclosure to information norm: The policy shall be void and Illness: Illness means a sickness or a disease or pathological all premium paid thereon shall be forfeited to the Company condition leading to the impairment of normal physiological in the event of misrepresentation, mis-description or non- function and requires medical treatment; disclosure of any material fact by the Policy Holder."", ""Aggregate Deductible: The aggregate of admissible Instalment: Instalment means frequency of Premium hospitalisation expenses in a policy year up to which the amount paid through Monthly / Quarterly / Half-yearly Company is not liable. mode by the Policy Holder / Insured Associated medical expenses: Associated medical In-patient treatment: In-patient treatment means an expenses means medical expenses such as Professional Insured Person who is admitted to Hospital and stays there fees, OT charges, Procedure charges, etc., which vary based for a minimum period of 24 hours for the sole purpose of on the room category occupied by the insured person whilst receiving treatment. SUPER STAR | UIN : SHAHLIP25036V012425 | POL / SS / V.4 / 2025 4 / 3 8""]","[""surgical procedures are carried out; insurer will not be liable for a specified rupee amount in case of indemnity policies and for a specified number of v) maintains daily records of patients and makes these days / hours in case of hospital cash policies which will accessible to the insurance company\u2019s authorized apply before any benefits are payable by the insurer. A personnel; deductible does not reduce the Sum Insured. Hospitalization: Hospitalization means admission in a Dental Treatment: Dental treatment means a treatment Hospital for a minimum period of 24 consecutive \u2018Inpatient related to teeth or structures supporting teeth including Care\u2019 hours except for specified procedures / treatments, examinations, fillings (where appropriate), crowns, where such admission could be for a period of less than 24 extractions and surgery. consecutive hours. Disclosure to information norm: The policy shall be void and Illness: Illness means a sickness or a disease or pathological all premium paid thereon shall be forfeited to the Company condition leading to the impairment of normal physiological in the event of misrepresentation, mis-description or non- function and requires medical treatment; disclosure of any material fact by the Policy Holder.""]",3,1,"[""Policy_Super_Star_V_3_80e5dd8988.pdf_46"", ""Policy_Super_Star_V_3_80e5dd8988.pdf_13"", ""Policy_Super_Star_V_3_80e5dd8988.pdf_35""]","[""Policy_Super_Star_V_3_80e5dd8988.pdf_13""]",,0.5833333333041666,1.0,0.6327083449849498,1.0,0.5,1.0,1.0,0.7179612959074029,0.2633555731883519,0.3603603603603604,0.2882882882882883
Q_086,What is meant by deductible in this health insurance policy?,Aggregate Deductible: The aggregate of admissible hospitalisation expenses in a policy year up to which the amount paid through the Company is not liable.,"Deductible means a cost sharing requirement where the insurer will not be liable for a specified rupee amount in indemnity policies or a specified number of days or hours in hospital cash policies before any benefits are payable, and it does not reduce the Sum Insured.","[""Aggregate Deductible: The aggregate of admissible Instalment: Instalment means frequency of Premium hospitalisation expenses in a policy year up to which the amount paid through Monthly / Quarterly / Half-yearly Company is not liable. mode by the Policy Holder / Insured Associated medical expenses: Associated medical In-patient treatment: In-patient treatment means an expenses means medical expenses such as Professional Insured Person who is admitted to Hospital and stays there fees, OT charges, Procedure charges, etc., which vary based for a minimum period of 24 hours for the sole purpose of on the room category occupied by the insured person whilst receiving treatment. SUPER STAR | UIN : SHAHLIP25036V012425 | POL / SS / V.4 / 2025 4 / 3 8"", ""amount. i. Voluntary Deductible will apply on aggregate basis Note: Medical Records / Documents submitted for for all hospitalisation expenses during the policy utilizing this facility will not prejudice the Company\u2019s year which fall under basic cover. right to reject a claim in terms of policy. ii. The deductible will apply on individual basis in case 14. Durable Medical Equipment Cover: Incase Durable of individual policy and on floater basis in case of Medical Equipment cover is opted as shown in the""]","[""ii) has qualified medical practitioner/s in charge; period, if the premium is paid in instalments during the iii) has fully equipped operation theatre of its own where policy period surgical procedures are carried out; Hospital: A hospital means any institution established iv) maintains daily records of patients and will make these for in-patient care and day care treatment of illness and accessible to the insurance company\u2019s authorized / or injuries and which has been registered as a hospital personnel. with the local authorities under Clinical Establishments Day Care Treatment: Day care treatment means medical (Registration and Regulation) Act 2010 or under enactments treatment, and / or surgical procedure which is: specified under the Schedule of Section 56(1) of the said act i. Undertaken under General or Local Anesthesia in a or complies with all minimum criteria asunder: hospital / day care centre in less than 24 hrs because of i) has qualified nursing staff under its employment round technological advancement, and the clock; ii. which would have otherwise required hospitalization of ii) has at least 10 in-patient beds in towns having a more than 24hours population of less than 10,00,000 and at least 15 in- patient beds in all other places; Treatment normally taken on an out-patient basis is not included in the scope of this definition iii) has qualified medical practitioner(s) in charge round the clock; Deductible: Deductible means a cost sharing requirement iv) has a fully equipped operation theatre of its own where"", ""surgical procedures are carried out; insurer will not be liable for a specified rupee amount in case of indemnity policies and for a specified number of v) maintains daily records of patients and makes these days / hours in case of hospital cash policies which will accessible to the insurance company\u2019s authorized apply before any benefits are payable by the insurer. A personnel; deductible does not reduce the Sum Insured. Hospitalization: Hospitalization means admission in a Dental Treatment: Dental treatment means a treatment Hospital for a minimum period of 24 consecutive \u2018Inpatient related to teeth or structures supporting teeth including Care\u2019 hours except for specified procedures / treatments, examinations, fillings (where appropriate), crowns, where such admission could be for a period of less than 24 extractions and surgery. consecutive hours. Disclosure to information norm: The policy shall be void and Illness: Illness means a sickness or a disease or pathological all premium paid thereon shall be forfeited to the Company condition leading to the impairment of normal physiological in the event of misrepresentation, mis-description or non- function and requires medical treatment; disclosure of any material fact by the Policy Holder.""]",2,2,"[""Policy_Super_Star_V_3_80e5dd8988.pdf_35"", ""Policy_Super_Star_V_3_80e5dd8988.pdf_219""]","[""Policy_Super_Star_V_3_80e5dd8988.pdf_12"", ""Policy_Super_Star_V_3_80e5dd8988.pdf_13""]",,0.49999999995,0.0,0.778593588444689,1.0,0.0,1.0,1.0,0.7124548830545665,0.011022039210660004,0.2857142857142857,0.1714285714285714
Q_087,What does the policy say about the grace period for premium payment?,Grace Period of 30 days would be given to pay the instalment premium due for the policy.,"Grace period means the specified period immediately following the premium due date during which the premium payment can be made to renew or continue the policy without loss of continuity benefits, and the grace period is fifteen days for monthly premium payment mode and thirty days for all other cases.","[""i) At the end of the policy period, the policy shall iv. No interest will be charged lf the installment terminate and can be renewed within the Grace premium is not paid on due date. Period of 30 days. v. ln case of installment premium due not received ii) While coverage is not available during the Grace within the grace period, the policy will get cancelled."", ""Co-Payment: Co-payment means a cost sharing Emergency Care: Emergency care means management requirement under a health insurance policy that for an illness or injury which results in symptoms which provides that the policyholder / insured will bear a occur suddenly and unexpectedly, and requires immediate specified percentage of the admissible claims amount. A care by a medical practitioner to prevent death or serious co-payment does not reduce the Sum Insured. long term impairment of the insured person\u2019s health. Cumulative Bonus: Cumulative Bonus means any increase Grace Period: \u201cGrace period\u201d means the specified period or addition in the Sum Insured granted by the insurer of time, immediately following the premium due date without an associated increase in premium. during which premium payment can be made to renew or"", ""ii. For Quarterly and Half yearly instalment option: lnsured person may also approach the grievance cell Grace Period of 30 days would be given to pay the instalment premium due for the policy. at any of the company\u2019s branches with the details of grievance. If lnsured person is not satisfied with iii. The Policyholder will get the accrued continuity the redressal of grievance through one of the above""]","[""Co-Payment: Co-payment means a cost sharing Emergency Care: Emergency care means management requirement under a health insurance policy that for an illness or injury which results in symptoms which provides that the policyholder / insured will bear a occur suddenly and unexpectedly, and requires immediate specified percentage of the admissible claims amount. A care by a medical practitioner to prevent death or serious co-payment does not reduce the Sum Insured. long term impairment of the insured person\u2019s health. Cumulative Bonus: Cumulative Bonus means any increase Grace Period: \u201cGrace period\u201d means the specified period or addition in the Sum Insured granted by the insurer of time, immediately following the premium due date without an associated increase in premium. during which premium payment can be made to renew or"", ""Day Care Centre: A day care centre means any institution established for day care treatment of illness and / or injuries pertaining to waiting periods and coverage of pre-existing or a medical setup with a hospital and which has been diseases. Coverage need not be available during the period registered with the local authorities, wherever applicable, for which no premium is received. The grace period for and is under supervision of a registered and qualified payment of the premium for all types of insurance policies medical practitioner AND must comply with all minimum shall be: fifteen days where premium payment mode is criterion as under- monthly and thirty days in all other cases. i) has qualified nursing staff under its employment;""]",3,2,"[""Policy_Super_Star_V_3_80e5dd8988.pdf_308"", ""Policy_Super_Star_V_3_80e5dd8988.pdf_9"", ""Policy_Super_Star_V_3_80e5dd8988.pdf_322""]","[""Policy_Super_Star_V_3_80e5dd8988.pdf_9"", ""Policy_Super_Star_V_3_80e5dd8988.pdf_10""]",,0.9999999999666667,0.5,0.815319618626854,1.0,0.5,1.0,1.0,0.6940096465646497,0.012091025170399831,0.3582089552238806,0.208955223880597
Q_088,How is a newborn baby defined in the policy?,The New Born will be covered immediately after its birth covered till end of the policy. Intimation about the birth of the New Born should be given to the company and the coverage will be given to the New Born from the first day of its birth. Hospitalization expenses for treatment of new born is covered up to the limits (including for congenital defects up to the sum insured) till expiry date of the policy. Enhancement of sum insured is subject to underwriters’ approval immediately after its birth. There is no waiting period for subsequent deliveries.,Newborn baby means a baby born during the policy period and aged up to 90 days.,"[""pregnancy period, in case if we accept such proposal v) E nhancement of sum insured is subject to underwriters\u2019 and issued the policy, the New Born will be covered approval immediately after its birth covered till end of the policy vi) The above mentioned sub-limt will not apply for year (for congenital defects up to the sum insured) up"", ""Note: iii) Maximum up to 4 deliveries are payable after taking this i) Benefit under this section is subject to a waiting period optional cover and payable while the policy is in force. of 24 months from the date of first commencement iv) Pre-hospitalization and Post Hospitalization expenses of Super Star Policy / from the time of opting this are not covered under this optional cover. optional cover (whichever is later) and its continuous New Born Cover: Hospitalization expenses for treatment renewal thereof with the Company. of new born is covered up to the limits (including for ii) There is no waiting period for subsequent deliveries twins/ triplets/ quadruplets) specified below incurred iii) Maximum up to 4 deliveries are payable after taking this in a hospital/ nursing home for Any disease, illness or optional cover and payable while the policy is in force accidental injuries are payable from Day 1 of its birth till iv) Pre-hospitalization and Post Hospitalization expenses the expiry date of the policy. are not covered under this optional cover. Limit of liability New Born Cover: Hospitalization expenses for treatment Sum Insured (Rs.)"", ""shall be allowed to examine the Insured Person in case bonus (if applicable), automatic restoration of any alleged injury or diseases requiring Hospitalization benefit (if applicable) is for each of the year, when and as often as the same may reasonably be without any carry over benefit thereof. The said required on behalf of the Company at Company\u2019s cost. benefits / covers available for the 2nd or 3rd or 4th or 5th year cannot be utilized in the 1st year itself. 21. M idterm Inclusion of Newly Married Spouse, Legally The terms, conditions and exceptions that appear adopted child and New Born baby is Permissible on in the Policy or in any Endorsement are part of the payment of proportionate premium subject to the contract, must be complied with and applies to"", ""ii) Intimation about the birth of the New Born should 4. Future Shield: Provides continuity benefit for all waiting be given to the company and the coverage will be periods served by the member (a) Initial waiting period, given to the New Born from the first day of its birth.""]","[""accepted in international medical practice or by the Injury: Injury means accidental physical bodily harm medical community in India. excluding illness or disease solely and directly caused by external, violent, visible and evident means which is verified Migration: Migration means a facility provided to and certified by a Medical Practitioner. policyholders (including all members under family cover Inpatient Care: Inpatient care means treatment for which and group policies), to transfer the credits gained for pre- the insured person has to stay in a hospital for more than existing diseases and specific waiting periods from one 24 hours for a covered event. health insurance policy to another with the same insurer. Intensive Care Unit: Intensive care unit means an Network Provider: Network Provider means hospitals or identified section, ward or wing of a hospital which is health care providers enlisted by an insurer, TPA or jointly under the constant supervision of a dedicated medical by an Insurer and TPA to provide medical services to an practitioner(s), and which is specially equipped for the insured by a cashless facility. continuous monitoring and treatment of patients who are in a critical condition, or require life support facilities and New Born Baby: Newborn baby means baby born during where the level of care and supervision is considerably"", ""more sophisticated and intensive than in the ordinary and otherwards. Non-Network Provider: Non-Network means any hospital, Note: Such facility must be separate and apart from daycare centre or other provider that is not part of the surgical recovery room and from rooms\u2019 beds and wards network. customarily used for patient confinement.""]",4,2,"[""Policy_Super_Star_V_3_80e5dd8988.pdf_178"", ""Policy_Super_Star_V_3_80e5dd8988.pdf_169"", ""Policy_Super_Star_V_3_80e5dd8988.pdf_335"", ""Policy_Super_Star_V_3_80e5dd8988.pdf_158""]","[""Policy_Super_Star_V_3_80e5dd8988.pdf_20"", ""Policy_Super_Star_V_3_80e5dd8988.pdf_21""]",,0.6388888888675925,0.0,0.7393250081253172,0.8571428571428571,0.25,1.0,1.0,0.6775480406434055,0.04594845781962073,0.14285714285714285,0.10714285714285714
Q_089,What does the policy mean by a pre-existing disease?,"A pre-existing medical condition (pre-existing disease) means any condition, ailment, injury, or disease diagnosed by a physician or for which medical advice or treatment was received not more than 36 months prior to the date of commencement of the policy. Coverage for such conditions is excluded until the expiry of a 24-month waiting period if they fall under the specified disease waiting period list (Exclusion No. 2 - Code Excl 02).","Pre-existing disease means any condition, ailment, injury or disease that was diagnosed by a physician not more than 36 months prior to the commencement of the policy or for which medical advice or treatment was recommended or received from a physician within 36 months prior to the policy start date.","[""ICU Charges: ICU (Intensive Care Unit) Charges means the process of intimating a claim to the insurer or TPA through amount charged by a Hospital towards ICU expenses which shall include the expenses for ICU bed, general medical any of the recognized modes of communication. support services provided to any ICU patient including OPD treatment: OPD treatment means the one in which the monitoring devices, critical care nursing and intensivist Insured visits a clinic / hospital or associated facility like charges. a consultation room for diagnosis and treatment based Medical Advice: Medical Advice means any consultation or on the advice of a Medical Practitioner. The Insured is not advice from a Medical Practitioner including the issuance admitted as a day care or in-patient. of any prescription or follow-up prescription. Pre-Existing Disease: Pre-existing disease (PED) means Medical Expenses: Medical Expenses means those expenses that an Insured Person has necessarily and any condition, ailment, injury or disease: actually incurred for medical treatment on account of a) that is / are diagnosed by a physician not more than Illness or Accident on the advice of a Medical Practitioner, as 36 months prior to the date of commencement of the long as these are no more than would have been payable if policy issued by the insurer; or the Insured Person had not been insured and no more than b) for which medical advice or treatment was other hospitals or doctors in the same locality would have recommended by, or received from, a physician, charged for the same medical treatment. not more than 36 months prior to the date of Medical Practitioner: Medical Practitioner means a person"", ""once during the life time of the policy, if the same has Note: If the Pre-Existing Disease/s falls under the list of been prescribed by the treating Medical Practitioner specific disease waiting period (Exclusion No. 2 - Code Post Hospitalization for the same condition for which the Excl 02), the longer among the Pre-Existing Disease and"", ""vii. The coverage is available only for treatments taken Code Excl 02 in India A. Expenses related to the treatment of the listed Note (applicable to Section-III Optional Covers): In Conditions, surgeries / treatments shall be excluded case if Insured opted optional cover/s which has a until the expiry of 24 months of continuous coverage waiting period, the waiting period will be calculated after the date of inception of the first policy with"", ""Success Story\u2019 in the Policy, If Insured Person has PED (Pre-Existing Disease) related to the list of Diseases / illnesses /""]","[""ICU Charges: ICU (Intensive Care Unit) Charges means the process of intimating a claim to the insurer or TPA through amount charged by a Hospital towards ICU expenses which shall include the expenses for ICU bed, general medical any of the recognized modes of communication. support services provided to any ICU patient including OPD treatment: OPD treatment means the one in which the monitoring devices, critical care nursing and intensivist Insured visits a clinic / hospital or associated facility like charges. a consultation room for diagnosis and treatment based Medical Advice: Medical Advice means any consultation or on the advice of a Medical Practitioner. The Insured is not advice from a Medical Practitioner including the issuance admitted as a day care or in-patient. of any prescription or follow-up prescription. Pre-Existing Disease: Pre-existing disease (PED) means Medical Expenses: Medical Expenses means those expenses that an Insured Person has necessarily and any condition, ailment, injury or disease: actually incurred for medical treatment on account of a) that is / are diagnosed by a physician not more than Illness or Accident on the advice of a Medical Practitioner, as 36 months prior to the date of commencement of the long as these are no more than would have been payable if policy issued by the insurer; or the Insured Person had not been insured and no more than b) for which medical advice or treatment was other hospitals or doctors in the same locality would have recommended by, or received from, a physician, charged for the same medical treatment. not more than 36 months prior to the date of Medical Practitioner: Medical Practitioner means a person"", ""who holds a valid registration from the Medical Council of any State or Medical Council of India or Council for Indian Pre-hospitalization Medical Expenses: Pre-hospitalization Medicine or for Homeopathy set up by the Government Medical Expenses means medical expenses incurred during of India or a State Government and is thereby entitled to pre-defined number of days preceding the hospitalization practice medicine within its jurisdiction and is acting within""]",4,2,"[""Policy_Super_Star_V_3_80e5dd8988.pdf_23"", ""Policy_Super_Star_V_3_80e5dd8988.pdf_221"", ""Policy_Super_Star_V_3_80e5dd8988.pdf_241"", ""Policy_Super_Star_V_3_80e5dd8988.pdf_138""]","[""Policy_Super_Star_V_3_80e5dd8988.pdf_23"", ""Policy_Super_Star_V_3_80e5dd8988.pdf_24""]",,0.9999999999,1.0,0.8221771313093337,1.0,0.5,1.0,1.0,0.900261690088296,0.4602011966562226,0.6290322580645161,0.4838709677419355
Q_090,How does the policy define injury?,"Injury means accidental physical bodily harm excluding illness or disease solely and directly caused by external, violent, visible and evident means","Injury means accidental physical bodily harm excluding illness or disease, solely and directly caused by external, violent, visible and evident means and verified and certified by a medical practitioner.","[""accepted in international medical practice or by the Injury: Injury means accidental physical bodily harm medical community in India. excluding illness or disease solely and directly caused by external, violent, visible and evident means which is verified Migration: Migration means a facility provided to and certified by a Medical Practitioner. policyholders (including all members under family cover Inpatient Care: Inpatient care means treatment for which and group policies), to transfer the credits gained for pre- the insured person has to stay in a hospital for more than existing diseases and specific waiting periods from one 24 hours for a covered event. health insurance policy to another with the same insurer.""]","[""accepted in international medical practice or by the Injury: Injury means accidental physical bodily harm medical community in India. excluding illness or disease solely and directly caused by external, violent, visible and evident means which is verified Migration: Migration means a facility provided to and certified by a Medical Practitioner. policyholders (including all members under family cover Inpatient Care: Inpatient care means treatment for which and group policies), to transfer the credits gained for pre- the insured person has to stay in a hospital for more than existing diseases and specific waiting periods from one 24 hours for a covered event. health insurance policy to another with the same insurer. Intensive Care Unit: Intensive care unit means an Network Provider: Network Provider means hospitals or identified section, ward or wing of a hospital which is health care providers enlisted by an insurer, TPA or jointly under the constant supervision of a dedicated medical by an Insurer and TPA to provide medical services to an practitioner(s), and which is specially equipped for the insured by a cashless facility. continuous monitoring and treatment of patients who are in a critical condition, or require life support facilities and New Born Baby: Newborn baby means baby born during where the level of care and supervision is considerably""]",1,1,"[""Policy_Super_Star_V_3_80e5dd8988.pdf_19""]","[""Policy_Super_Star_V_3_80e5dd8988.pdf_20""]",,0.9999999999,1.0,0.7223328386848391,1.0,0.5,1.0,1.0,0.9078052243745987,0.5992579077848855,0.8400000000000001,0.8400000000000001
Q_091,What conditions must be met for pre-hospitalization medical expenses to be covered?,"Pre-hospitalization medical expenses are reimbursable for a pre-defined number of days preceding hospitalization by a Medical Practitioner who holds a valid registration from the Medical Council of any State or Medical Council of India or Council for Indian Institute of Homeopathy, acting within their jurisdiction.",Pre-hospitalization medical expenses are those incurred during the pre-defined number of days preceding hospitalization provided the expenses are incurred for the same condition for which the insured person’s hospitalization was required and the inpatient hospitalization claim for such hospitalization is admissible by the insurance company.,"[""who holds a valid registration from the Medical Council of any State or Medical Council of India or Council for Indian Pre-hospitalization Medical Expenses: Pre-hospitalization Medicine or for Homeopathy set up by the Government Medical Expenses means medical expenses incurred during of India or a State Government and is thereby entitled to pre-defined number of days preceding the hospitalization practice medicine within its jurisdiction and is acting within"", ""ICU Charges: ICU (Intensive Care Unit) Charges means the process of intimating a claim to the insurer or TPA through amount charged by a Hospital towards ICU expenses which shall include the expenses for ICU bed, general medical any of the recognized modes of communication. support services provided to any ICU patient including OPD treatment: OPD treatment means the one in which the monitoring devices, critical care nursing and intensivist Insured visits a clinic / hospital or associated facility like charges. a consultation room for diagnosis and treatment based Medical Advice: Medical Advice means any consultation or on the advice of a Medical Practitioner. The Insured is not advice from a Medical Practitioner including the issuance admitted as a day care or in-patient. of any prescription or follow-up prescription. Pre-Existing Disease: Pre-existing disease (PED) means Medical Expenses: Medical Expenses means those expenses that an Insured Person has necessarily and any condition, ailment, injury or disease: actually incurred for medical treatment on account of a) that is / are diagnosed by a physician not more than Illness or Accident on the advice of a Medical Practitioner, as 36 months prior to the date of commencement of the long as these are no more than would have been payable if policy issued by the insurer; or the Insured Person had not been insured and no more than b) for which medical advice or treatment was other hospitals or doctors in the same locality would have recommended by, or received from, a physician, charged for the same medical treatment. not more than 36 months prior to the date of Medical Practitioner: Medical Practitioner means a person""]","[""who holds a valid registration from the Medical Council of any State or Medical Council of India or Council for Indian Pre-hospitalization Medical Expenses: Pre-hospitalization Medicine or for Homeopathy set up by the Government Medical Expenses means medical expenses incurred during of India or a State Government and is thereby entitled to pre-defined number of days preceding the hospitalization practice medicine within its jurisdiction and is acting within"", ""its scope and jurisdiction of license. i. Such Medical Expenses are incurred for the same Medically Necessary Treatment: Medically necessary condition for which the Insured Person\u2019s Hospitalization treatment means any treatment, tests, medication, or stay was required, and"", ""i) is required for the medical management of the illness or ii. The In-patient Hospitalization claim for such Hospitalization injury suffered by the insured; is admissible by the Insurance Company SUPER STAR | UIN : SHAHLIP25036V012425 | POL / SS / V.4 / 2025 3 / 3 8""]",2,3,"[""Policy_Super_Star_V_3_80e5dd8988.pdf_24"", ""Policy_Super_Star_V_3_80e5dd8988.pdf_23""]","[""Policy_Super_Star_V_3_80e5dd8988.pdf_24"", ""Policy_Super_Star_V_3_80e5dd8988.pdf_25"", ""Policy_Super_Star_V_3_80e5dd8988.pdf_26""]",,0.9999999999,0.5,0.884306962025812,0.25,0.5,0.25,1.0,0.8036149089093083,0.16105265992626092,0.3368421052631579,0.29473684210526313
Q_092,Under what circumstances is domiciliary hospitalization covered?,"Domiciliary hospitalization coverage applies if the patient is confined at home and likely to recover fully without hospitalization, under these criteria:
1. The condition is acute and responds quickly to treatment, or
2. The condition requires ongoing or long-term monitoring (consultations, examinations, check-ups, tests) due to non-availability of hospital room.
Coverage is limited to the sum insured and excludes Asthma, Bronchitis, Chronic Nephritis and Nephritic Syndrome, Diarrhoea, Dysenteries including Gastro-enteritis, Diabetes Mellitus and Insipidus, Epilepsy, Hypertension.
Additional coverage includes complications requiring redo surgery or ICU admission up to 180 days from hospital discharge.","Domiciliary hospitalization refers to medical treatment for an illness, disease or injury that would normally require hospital care but is taken at home when the patient cannot be moved to a hospital or when treatment is taken at home due to non-availability of a hospital room.","[""Disclosure to information norm: The policy shall be void and Illness: Illness means a sickness or a disease or pathological all premium paid thereon shall be forfeited to the Company condition leading to the impairment of normal physiological in the event of misrepresentation, mis-description or non- function and requires medical treatment; disclosure of any material fact by the Policy Holder. (a) Acute condition - Acute condition is a disease, illness or Domiciliary Hospitalization: Domiciliary hospitalization injury that is likely to respond quickly to treatment which means medical treatment for an illness / disease / injury aims to return the person to his or her state of health which in the normal course would require care and immediately before suffering the disease / illness / treatment at a hospital but is actually taken while confined injury which leads to full recovery at home under any of the following circumstances: (b) Chronic condition - A chronic condition is defined as i) the condition of the patient is such that he / she is not in a disease, illness, or injury that has one or more of the a condition to be removed to a hospital, or following characteristics; ii) the patient takes treatment at home on account of 1."", ""(a) Acute condition - Acute condition is a disease, illness or Domiciliary Hospitalization: Domiciliary hospitalization injury that is likely to respond quickly to treatment which means medical treatment for an illness / disease / injury aims to return the person to his or her state of health which in the normal course would require care and immediately before suffering the disease / illness / treatment at a hospital but is actually taken while confined injury which leads to full recovery at home under any of the following circumstances: (b) Chronic condition - A chronic condition is defined as i) the condition of the patient is such that he / she is not in a disease, illness, or injury that has one or more of the a condition to be removed to a hospital, or following characteristics; ii) the patient takes treatment at home on account of 1. It needs ongoing or long-term monitoring through non-availability of room in a hospital consultations, examinations, check-ups, and / or tests SUPER STAR | UIN : SHAHLIP25036V012425 | POL / SS / V.4 / 2025 2 / 3 8"", ""(if any) for the complications that necessitate a Redo non-availability of room in a hospital. Surgery / ICU admission upto 180 days from the date of discharge from the hospital are also covered. However, this benefit shall not cover Asthma, Bronchitis, Note: The coverage limit under this benefit is upto the Chronic Nephritis and Nephritic Syndrome, Diarrhoea sum insured and over and above the sum insured. and all types of Dysenteries including Gastro-enteritis, Diabetes Mellitus and Insipidus, Epilepsy, Hypertension,""]","[""Disclosure to information norm: The policy shall be void and Illness: Illness means a sickness or a disease or pathological all premium paid thereon shall be forfeited to the Company condition leading to the impairment of normal physiological in the event of misrepresentation, mis-description or non- function and requires medical treatment; disclosure of any material fact by the Policy Holder. (a) Acute condition - Acute condition is a disease, illness or Domiciliary Hospitalization: Domiciliary hospitalization injury that is likely to respond quickly to treatment which means medical treatment for an illness / disease / injury aims to return the person to his or her state of health which in the normal course would require care and immediately before suffering the disease / illness / treatment at a hospital but is actually taken while confined injury which leads to full recovery at home under any of the following circumstances: (b) Chronic condition - A chronic condition is defined as i) the condition of the patient is such that he / she is not in a disease, illness, or injury that has one or more of the a condition to be removed to a hospital, or following characteristics; ii) the patient takes treatment at home on account of 1."", ""(a) Acute condition - Acute condition is a disease, illness or Domiciliary Hospitalization: Domiciliary hospitalization injury that is likely to respond quickly to treatment which means medical treatment for an illness / disease / injury aims to return the person to his or her state of health which in the normal course would require care and immediately before suffering the disease / illness / treatment at a hospital but is actually taken while confined injury which leads to full recovery at home under any of the following circumstances: (b) Chronic condition - A chronic condition is defined as i) the condition of the patient is such that he / she is not in a disease, illness, or injury that has one or more of the a condition to be removed to a hospital, or following characteristics; ii) the patient takes treatment at home on account of 1. It needs ongoing or long-term monitoring through non-availability of room in a hospital consultations, examinations, check-ups, and / or tests SUPER STAR | UIN : SHAHLIP25036V012425 | POL / SS / V.4 / 2025 2 / 3 8""]",3,2,"[""Policy_Super_Star_V_3_80e5dd8988.pdf_14"", ""Policy_Super_Star_V_3_80e5dd8988.pdf_15"", ""Policy_Super_Star_V_3_80e5dd8988.pdf_51""]","[""Policy_Super_Star_V_3_80e5dd8988.pdf_14"", ""Policy_Super_Star_V_3_80e5dd8988.pdf_15""]",,0.99999999995,1.0,0.8821810021009348,0.8571428571428571,0.25,1.0,1.0,0.678936867379609,0.022188538587632832,0.3194444444444444,0.20833333333333334
Q_093,When are post-hospitalization medical expenses payable?,"The claim must be filed within 15 days from the date of discharge. The Company will process the request and complete reimbursement of post-inpatient hospitalization medical expenses, including ambulatory care and follow-up consultations, within 1 year if the service was availed on the advice of the treating Medical Practitioner / Hospital.",Post-hospitalization medical expenses are those incurred during a pre-defined number of days immediately after discharge from the hospital provided the expenses are for the same condition for which the insured person was hospitalized and the inpatient hospitalization claim is admissible by the insurance company.,"[""of hospitalization, within 15 days from hospitalisation / treatment information and the 1 day care and pre the date of discharge hospitalization hospital will fill up expected cost of treatment. from the Hospital. expenses This form is submitted to the Company within 15 days after f. The Company will process the request and call completion of Reimbursement of"", ""year, if the said service was availed on the advice of k) Care for Brain and Spinal Injury Cases Post Discharge the treating Medical Practitioner / Hospital. Expenses towards Air ambulance service is payable for only from l) Post CVA Care at Home after Discharge the place of first occurrence of the illness / accident to""]","[""Portability: Portability means a facility provided to the health undergoing treatment in some of the hospitals. If Policy insurance policyholders (including all members under Holder chooses a higher room category above the eligibility family cover), to transfer the credits gained for, pre-existing defined in policy, then proportionate deduction will apply diseases and specific waiting periods from one insurer to on the Associated Medical Expenses in addition to the another insurer. difference in room rent. Such associated medical expenses do not include Cost of pharmacy and consumables, Cost Post-hospitalization Medical Expenses: Post-hospitalization of implants and medical devices and Cost of diagnostics. Medical Expenses means medical expenses incurred during pre-defined number of days immediately after the insured Assisted Reproduction Treatment: Assisted Reproduction person is discharged from the hospital provided that: Treatment means Intra UterineInsemination (IUI), i."", ""Medical Expenses means medical expenses incurred during pre-defined number of days immediately after the insured Assisted Reproduction Treatment: Assisted Reproduction person is discharged from the hospital provided that: Treatment means Intra UterineInsemination (IUI), i. Such Medical Expenses are for the same condition for which Intra-Cytoplasmic Sperm Injection (ICSI), In-Vitro the insured person\u2019s hospitalization was required, and Fertilisation(IVF) and TESA / TESE (Testicular / Epididymal ii. The inpatient hospitalization claim for such Sperm Aspiration / Extraction) hospitalization is admissible by the insurance company.""]",2,2,"[""Policy_Super_Star_V_3_80e5dd8988.pdf_287"", ""Policy_Super_Star_V_3_80e5dd8988.pdf_49""]","[""Policy_Super_Star_V_3_80e5dd8988.pdf_27"", ""Policy_Super_Star_V_3_80e5dd8988.pdf_28""]",,0.0,0.0,0.5717726144536848,0.5,0.25,0.75,0.5,0.6617490409920914,0.0069359096008712266,0.40816326530612246,0.18367346938775508
Q_094,What criteria must a hospital meet under the policy definition?,"An inpatient healthcare provider must satisfy the following to qualify as a network hospital:
- Be registered as a hospital with the local authorities under the Clinical Establishments (Registration and Regulation) Act 2010 or equivalent enactments.
- Have qualified medical practitioner(s) in charge round the clock.
- Maintain a fully equipped operation theatre of its own where policy period surgical procedures are carried out.
- Have at least 10 in-patient beds in towns with a population of less than 10,00,000 and at least 15 in-patient beds in all other places.
- Maintain daily records of patients accessible to the insurance company’s authorized personnel.","A hospital must be established for inpatient care and day care treatment of illness or injuries, be registered with local authorities under the Clinical Establishments Act or relevant law, have qualified nursing staff, qualified medical practitioners in charge, a fully equipped operation theatre, and maintain daily patient records accessible to the insurer’s authorized personnel.","[""ii) has qualified medical practitioner/s in charge; period, if the premium is paid in instalments during the iii) has fully equipped operation theatre of its own where policy period surgical procedures are carried out; Hospital: A hospital means any institution established iv) maintains daily records of patients and will make these for in-patient care and day care treatment of illness and accessible to the insurance company\u2019s authorized / or injuries and which has been registered as a hospital personnel. with the local authorities under Clinical Establishments Day Care Treatment: Day care treatment means medical (Registration and Regulation) Act 2010 or under enactments treatment, and / or surgical procedure which is: specified under the Schedule of Section 56(1) of the said act i."", ""ii) has qualified medical practitioner/s in charge; period, if the premium is paid in instalments during the iii) has fully equipped operation theatre of its own where policy period surgical procedures are carried out; Hospital: A hospital means any institution established iv) maintains daily records of patients and will make these for in-patient care and day care treatment of illness and accessible to the insurance company\u2019s authorized / or injuries and which has been registered as a hospital personnel. with the local authorities under Clinical Establishments Day Care Treatment: Day care treatment means medical (Registration and Regulation) Act 2010 or under enactments treatment, and / or surgical procedure which is: specified under the Schedule of Section 56(1) of the said act i. Undertaken under General or Local Anesthesia in a or complies with all minimum criteria asunder: hospital / day care centre in less than 24 hrs because of i) has qualified nursing staff under its employment round technological advancement, and the clock; ii. which would have otherwise required hospitalization of ii) has at least 10 in-patient beds in towns having a more than 24hours population of less than 10,00,000 and at least 15 in- patient beds in all other places; Treatment normally taken on an out-patient basis is not included in the scope of this definition iii) has qualified medical practitioner(s) in charge round the clock; Deductible: Deductible means a cost sharing requirement iv) has a fully equipped operation theatre of its own where"", ""accepted in international medical practice or by the Injury: Injury means accidental physical bodily harm medical community in India. excluding illness or disease solely and directly caused by external, violent, visible and evident means which is verified Migration: Migration means a facility provided to and certified by a Medical Practitioner. policyholders (including all members under family cover Inpatient Care: Inpatient care means treatment for which and group policies), to transfer the credits gained for pre- the insured person has to stay in a hospital for more than existing diseases and specific waiting periods from one 24 hours for a covered event. health insurance policy to another with the same insurer. Intensive Care Unit: Intensive care unit means an Network Provider: Network Provider means hospitals or identified section, ward or wing of a hospital which is health care providers enlisted by an insurer, TPA or jointly under the constant supervision of a dedicated medical by an Insurer and TPA to provide medical services to an practitioner(s), and which is specially equipped for the insured by a cashless facility. continuous monitoring and treatment of patients who are in a critical condition, or require life support facilities and New Born Baby: Newborn baby means baby born during where the level of care and supervision is considerably""]","[""ii) has qualified medical practitioner/s in charge; period, if the premium is paid in instalments during the iii) has fully equipped operation theatre of its own where policy period surgical procedures are carried out; Hospital: A hospital means any institution established iv) maintains daily records of patients and will make these for in-patient care and day care treatment of illness and accessible to the insurance company\u2019s authorized / or injuries and which has been registered as a hospital personnel. with the local authorities under Clinical Establishments Day Care Treatment: Day care treatment means medical (Registration and Regulation) Act 2010 or under enactments treatment, and / or surgical procedure which is: specified under the Schedule of Section 56(1) of the said act i."", ""ii) has qualified medical practitioner/s in charge; period, if the premium is paid in instalments during the iii) has fully equipped operation theatre of its own where policy period surgical procedures are carried out; Hospital: A hospital means any institution established iv) maintains daily records of patients and will make these for in-patient care and day care treatment of illness and accessible to the insurance company\u2019s authorized / or injuries and which has been registered as a hospital personnel. with the local authorities under Clinical Establishments Day Care Treatment: Day care treatment means medical (Registration and Regulation) Act 2010 or under enactments treatment, and / or surgical procedure which is: specified under the Schedule of Section 56(1) of the said act i. Undertaken under General or Local Anesthesia in a or complies with all minimum criteria asunder: hospital / day care centre in less than 24 hrs because of i) has qualified nursing staff under its employment round technological advancement, and the clock; ii. which would have otherwise required hospitalization of ii) has at least 10 in-patient beds in towns having a more than 24hours population of less than 10,00,000 and at least 15 in- patient beds in all other places; Treatment normally taken on an out-patient basis is not included in the scope of this definition iii) has qualified medical practitioner(s) in charge round the clock; Deductible: Deductible means a cost sharing requirement iv) has a fully equipped operation theatre of its own where""]",3,2,"[""Policy_Super_Star_V_3_80e5dd8988.pdf_11"", ""Policy_Super_Star_V_3_80e5dd8988.pdf_12"", ""Policy_Super_Star_V_3_80e5dd8988.pdf_20""]","[""Policy_Super_Star_V_3_80e5dd8988.pdf_11"", ""Policy_Super_Star_V_3_80e5dd8988.pdf_12""]",,0.99999999995,1.0,0.593997696839614,0.8571428571428571,0.5,1.0,1.0,0.7601984408419515,0.10859838183279553,0.5157232704402516,0.44025157232704404
Q_095,When does the insurer cover hospitalization expenses under this policy?,The coverage for inpatient hospitalization expenses related to treatments listed under Code Excl 02 in India is available only after the expiry of 24 months of continuous coverage.,"If during the policy period the insured person sustains bodily injury or contracts a disease or illness requiring hospitalization for medical or surgical treatment at a hospital or nursing home in India on the advice of a qualified medical practitioner, the company will indemnify the expenses reasonably and necessarily incurred up to the sum insured.","[""vii. The coverage is available only for treatments taken Code Excl 02 in India A. Expenses related to the treatment of the listed Note (applicable to Section-III Optional Covers): In Conditions, surgeries / treatments shall be excluded case if Insured opted optional cover/s which has a until the expiry of 24 months of continuous coverage waiting period, the waiting period will be calculated after the date of inception of the first policy with"", ""we will provide a 10% discount on the applicable to 12 months. This option is available only for the first premium provided that the Insured Person(s) -""]","[""h) Stereotactic radio surgeries Company agrees as under. i) Bronchical Thermoplasty, If during the period stated in the Policy Schedule the j) Vaporisation of the prostate (Green laser treatment insured person sustains bodily injury or contracts any or holmium laser treatment) disease or suffer from any illness and if such disease or k) IONM-(Intra Operative Neuro Monitoring) injury shall require the Insured person, upon the advice of l) Stem cell therapy: Hematopoietic stem cells for bone a duly qualified Medical Practitioner to incur Hospitalization"", ""expenses for Medical / Surgical treatment at any Nursing Home / Hospital in India as an In-patient, the Company 6. AYUSH Treatment: Medical expenses for Inpatient will indemnify the Insured Person such expenses as are Hospitalization incurred on treatment under Ayurveda, Yoga and Naturopathy, Unani, Sidha and Homeopathy"", ""systems of medicines in a AYUSH Hospital is payable up but not exceeding the sum insured/ annual sum insured/ to the sum insured.""]",2,3,"[""Policy_Super_Star_V_3_80e5dd8988.pdf_241"", ""Policy_Super_Star_V_3_80e5dd8988.pdf_235""]","[""Policy_Super_Star_V_3_80e5dd8988.pdf_41"", ""Policy_Super_Star_V_3_80e5dd8988.pdf_42"", ""Policy_Super_Star_V_3_80e5dd8988.pdf_43""]",,0.9999999999,0.5,0.6564544604151612,1.0,0.0,0.25,0.5,0.6239904480172153,0.014272368003017956,0.24096385542168677,0.1686746987951807
Q_096,What expenses are covered under in-patient treatment?,"The policy covers inpatient hospitalization-related benefits up to the Sum Insured specified in the Policy Schedule for:
i. Room Rent (Any Room), Boarding, Nursing Expenses or as provided by the Hospital/Nursing Home
ii. Intensive Care Unit (ICU) Charges
iii. Surgeon, Anesthetist, Medical Practitioner, and Consultants, Specialist Fees
iv. Anesthesia, blood, oxygen, operation theatre charges, surgical appliances, medicines and drugs, diagnostic materials and X-ray, diagnostic imaging modalities, dialysis, chemotherapy, radiotherapy, cost of pacemaker, stent and similar expenses

Associated medical expenses such as Professional fees, OT charges, and Procedure charges are covered in proportion to the room rent stated, up to the Sum Insured.

Optional room rent eligibility can be modified to Single Private AC Room, Shared Percentage Room, or General Ward as assessed.","In-patient treatment covers medical expenses incurred during hospitalization including room rent, boarding and nursing expenses provided by the hospital or nursing home, and intensive care unit charges up to the sum insured specified in the policy schedule.","[""Medical Expenses incurred in respect of Hospitalization incurred for the following are payable:- of the Insured Person during the Policy Period, up to the i. for transportation of the insured person by private Sum Insured specified in the Policy Schedule against ambulance service to go to hospital when this is this In-Patient treatment: needed for medical reasons (i) Room Rent (Any Room), Boarding, Nursing Expenses or as provided by the Hospital / Nursing Home ii. for transportation of the insured person by private (ii) Intensive Care Unit (ICU) Charges ambulance service from one hospital to another SUPER STAR | UIN : SHAHLIP25036V012425 | POL / SS / V.4 / 2025 5 / 3 8"", ""Policy Period / Policy year: Policy period / Policy year (iii) Surgeon, Anesthetist, Medical Practitioner, means a year following the commencement date and its Consultants, Specialist Fees subsequent annual anniversary (iv) Anesthesia, blood, oxygen, operation theatre Policy term: Policy term means the period between the charges, surgical appliances, medicines and drugs, commencement date and expiry date specified in the diagnostic materials and X-ray, diagnostic imaging schedule modalities, dialysis, chemotherapy, radiotherapy, cost of pacemaker, stent and similar expenses. Sum Insured: Sum Insured means the Sum Insured Opted for and for which the premium is paid. 2. Day Care Treatment: We will cover the Medical Expenses incurred in respect of All Day Care Treatments Shared Accommodation: Shared Accommodation means of the Insured Person during the Policy Period up to a room with two or more patient beds in a Hospital. the Sum Insured as specified in the Policy Schedule if such Day Care treatment requires hospitalization as an General Ward / Economy Ward: General Ward / Economy in-patient for less than 24 hours. Ward means room with three or more patient beds in a Hospital. 3."", ""Aggregate Deductible: The aggregate of admissible Instalment: Instalment means frequency of Premium hospitalisation expenses in a policy year up to which the amount paid through Monthly / Quarterly / Half-yearly Company is not liable. mode by the Policy Holder / Insured Associated medical expenses: Associated medical In-patient treatment: In-patient treatment means an expenses means medical expenses such as Professional Insured Person who is admitted to Hospital and stays there fees, OT charges, Procedure charges, etc., which vary based for a minimum period of 24 hours for the sole purpose of on the room category occupied by the insured person whilst receiving treatment. SUPER STAR | UIN : SHAHLIP25036V012425 | POL / SS / V.4 / 2025 4 / 3 8"", ""metacarpals (third fourth or 2 schedule, the Insured shall have an option to modify the fifth) room rent eligibility to Single Private AC Room / Shared Percentage Room / General Ward. as assessed Note: Associated Medical expenses which vary based by the on the room occupied by the insured person will be Any other Medical considered in proportion to the room rent stated""]","[""Medical Expenses incurred in respect of Hospitalization incurred for the following are payable:- of the Insured Person during the Policy Period, up to the i. for transportation of the insured person by private Sum Insured specified in the Policy Schedule against ambulance service to go to hospital when this is this In-Patient treatment: needed for medical reasons (i) Room Rent (Any Room), Boarding, Nursing Expenses or as provided by the Hospital / Nursing Home ii. for transportation of the insured person by private (ii) Intensive Care Unit (ICU) Charges ambulance service from one hospital to another SUPER STAR | UIN : SHAHLIP25036V012425 | POL / SS / V.4 / 2025 5 / 3 8""]",4,1,"[""Policy_Super_Star_V_3_80e5dd8988.pdf_46"", ""Policy_Super_Star_V_3_80e5dd8988.pdf_36"", ""Policy_Super_Star_V_3_80e5dd8988.pdf_35"", ""Policy_Super_Star_V_3_80e5dd8988.pdf_212""]","[""Policy_Super_Star_V_3_80e5dd8988.pdf_46""]",,0.9999999999666667,1.0,0.7183856539304331,1.0,0.5,1.0,1.0,0.784344295848471,0.045095068559333915,0.4049079754601227,0.26993865030674846
Q_097,What types of treatments are included under assisted reproduction treatment?,"Under the policy’s infertility treatment benefits, the following assisted reproductive technologies and procedures are covered:
- Artificial insemination
- IVF (In-Vitro Fertilisation)
- ZIFT (Zygote Intrafallopian Transfer)
- GIFT (Gamete Intrafallopian Transfer)
- ICSI (Intra-Cytoplasmic Sperm Injection)
- IUI (Intra Uterine Insemination)
- TESA / TESE (Testicular / Epididymal Sperm Aspiration / Extraction)

Medical expenses for hospitalization related to these treatments are covered for the pre-defined number of days immediately after discharge, provided they are for the same condition requiring hospitalization. Surrogate services and costs associated with cryopreservation and storage of sperm, eggs, and embryos are also covered under specific conditions.","Assisted reproduction treatment includes Intra Uterine Insemination (IUI), Intra-Cytoplasmic Sperm Injection (ICSI), In-Vitro Fertilisation (IVF), and TESA or TESE procedures involving testicular or epididymal sperm aspiration or extraction.","[""b. Assisted Reproduction services including artificial record charges, telephone charges and such other insemination and advanced reproductive charges - Code Excl 34 technologies such as IVF, ZIFT, GIFT, ICSI"", ""Medical Expenses means medical expenses incurred during pre-defined number of days immediately after the insured Assisted Reproduction Treatment: Assisted Reproduction person is discharged from the hospital provided that: Treatment means Intra UterineInsemination (IUI), i. Such Medical Expenses are for the same condition for which Intra-Cytoplasmic Sperm Injection (ICSI), In-Vitro the insured person\u2019s hospitalization was required, and Fertilisation(IVF) and TESA / TESE (Testicular / Epididymal ii. The inpatient hospitalization claim for such Sperm Aspiration / Extraction) hospitalization is admissible by the insurance company."", ""5. Treatment undergone for second or subsequent \u201cTable of Benefits \u2013 B1\u201d, depending upon the degree of pregnancies except where the child from the first disablement provided that; delivery / previous deliveries is/are not alive at the a) The disablement occurs within 12 Calendar months time of treatment from the date of the Accident 6. Payment for services rendered to a surrogate b) The disablement is confirmed and claimed for, prior 7. Costs associated with cryopreservation and storage to the expiry of a period of 60 days since occurrence of sperm, eggs and embryos of the disablement SUPER STAR | UIN : SHAHLIP25036V012425 | POL / SS / V.4 / 2025 14 / 3 8""]","[""Portability: Portability means a facility provided to the health undergoing treatment in some of the hospitals. If Policy insurance policyholders (including all members under Holder chooses a higher room category above the eligibility family cover), to transfer the credits gained for, pre-existing defined in policy, then proportionate deduction will apply diseases and specific waiting periods from one insurer to on the Associated Medical Expenses in addition to the another insurer. difference in room rent. Such associated medical expenses do not include Cost of pharmacy and consumables, Cost Post-hospitalization Medical Expenses: Post-hospitalization of implants and medical devices and Cost of diagnostics. Medical Expenses means medical expenses incurred during pre-defined number of days immediately after the insured Assisted Reproduction Treatment: Assisted Reproduction person is discharged from the hospital provided that: Treatment means Intra UterineInsemination (IUI), i."", ""Medical Expenses means medical expenses incurred during pre-defined number of days immediately after the insured Assisted Reproduction Treatment: Assisted Reproduction person is discharged from the hospital provided that: Treatment means Intra UterineInsemination (IUI), i. Such Medical Expenses are for the same condition for which Intra-Cytoplasmic Sperm Injection (ICSI), In-Vitro the insured person\u2019s hospitalization was required, and Fertilisation(IVF) and TESA / TESE (Testicular / Epididymal ii. The inpatient hospitalization claim for such Sperm Aspiration / Extraction) hospitalization is admissible by the insurance company.""]",3,2,"[""Policy_Super_Star_V_3_80e5dd8988.pdf_271"", ""Policy_Super_Star_V_3_80e5dd8988.pdf_28"", ""Policy_Super_Star_V_3_80e5dd8988.pdf_193""]","[""Policy_Super_Star_V_3_80e5dd8988.pdf_27"", ""Policy_Super_Star_V_3_80e5dd8988.pdf_28""]",,0.49999999995,1.0,0.7362688787309627,1.0,0.5,1.0,1.0,0.6878806078701627,0.035026270829233694,0.39999999999999997,0.22399999999999998
Q_098,What requirements must be met for home care treatment to be allowed?,"Skilled home healthcare services under home nursing benefits are covered provided:
1. The policy has been continuously renewed without any break.
2. Treatment is availed at home for surgery, illness, injury, deformity correction, disease diagnosis/cure, or relief from suffering, prolonging life.
3. A medical practitioner advises treatment at home.
4. There is a continuous active line of treatment with a hospital or day care center by a medical practitioner.
5. Daily monitoring chart including records of treatment is maintained and duly signed by the treating doctor.
6. Treatment is not unproven or experimental.","Home care treatment is allowed when a medical practitioner advises the insured to undergo treatment at home, there is continuous monitoring of the patient’s health status by a medical practitioner throughout the treatment period, and a daily monitoring chart with treatment records signed by the treating doctor is maintained.","[""home care treatment : home care treatment means renewed without any break. treatment availed by the insured person at home, which surgery or surgical procedure : surgery or surgical in normal course would require care and treatment at a procedure means manual and / or operative procedure ( s ) hospital but is actually taken at home provided that : required for treatment of an illness or injury, correction of a ) the medical practitioner advices the insured person to deformities and defects, diagnosis and cure of diseases, undergo treatment at home relief from suffering and prolongation of life, performed in a b ) there is a continuous active line of treatment with hospital or day care centre by a medical practitioner. monitoring of the health status by a medical practitioner unproven / experimental treatment : unproven / for each day through the duration of the home care experimental treatment means the treatment including treatment drug experimental therapy which is not based on c ) daily monitoring chart including records of treatment established medical practice in india, is treatment administered duly signed by the treating doctor is experimental or unproven. maintained s p e c i f i c d e f i n i t i o n s insured person : insured"", ""i. Custodial care either at home or in a nursing facility for personal care such as help with activities of daily clinics, spas or similar establishments or private living such as bathing, dressing, moving around either beds registered as a nursing home attached to such by skilled nurses or assistant or nonskilled persons establishments or where admission is arranged wholly ii. Any services for people who are terminally ill to address or partly for domestic reasons \u2013 Code Excl 13 physical, social, emotional and spiritual needs""]","[""home care treatment : home care treatment means renewed without any break. treatment availed by the insured person at home, which surgery or surgical procedure : surgery or surgical in normal course would require care and treatment at a procedure means manual and / or operative procedure ( s ) hospital but is actually taken at home provided that : required for treatment of an illness or injury, correction of a ) the medical practitioner advices the insured person to deformities and defects, diagnosis and cure of diseases, undergo treatment at home relief from suffering and prolongation of life, performed in a b ) there is a continuous active line of treatment with hospital or day care centre by a medical practitioner. monitoring of the health status by a medical practitioner unproven / experimental treatment : unproven / for each day through the duration of the home care experimental treatment means the treatment including treatment drug experimental therapy which is not based on c ) daily monitoring chart including records of treatment established medical practice in india, is treatment administered duly signed by the treating doctor is experimental or unproven. maintained s p e c i f i c d e f i n i t i o n s insured person : insured"", ""a) The Medical practitioner advises the Insured person Person can obtain a Second Medical Opinion from a to undergo treatment at home Doctor in the Company\u2019s network of Medical Practitioners b) There is a continuous active line of treatment practicing in India. All the medical records provided by with monitoring of the health status by a medical the Insured Person will be submitted to the Doctor chosen practitioner for each day through the duration of the by him / her online and the medical opinion will be made home care treatment available directly to the Insured by the Doctor.""]",2,2,"[""Policy_Super_Star_V_3_80e5dd8988.pdf_33"", ""Policy_Super_Star_V_3_80e5dd8988.pdf_265""]","[""Policy_Super_Star_V_3_80e5dd8988.pdf_33"", ""Policy_Super_Star_V_3_80e5dd8988.pdf_55""]",,0.9999999999,1.0,0.6664044869970278,0.8571428571428571,0.5,1.0,1.0,0.7151704650717939,0.001537950083171812,0.4999999999999999,0.3888888888888889
Q_099,When are AYUSH treatment expenses payable under the policy?,The policy’s coverage for reimbursement of expenses incurred for AYUSH treatment modalities is available only for treatments coded Code Excl 02 in India after a waiting period of 24 months of continuous coverage. This waiting period is calculated from the date of inception of the first policy with the insurer. The reimbursement is applicable up to the sum insured and only if the treatment is provided by a registered AYUSH Medical Practitioner at a dedicated AYUSH therapy section or AYUSH Day Care Centre.,"Medical expenses for inpatient hospitalization incurred on treatment under Ayurveda, Yoga and Naturopathy, Unani, Siddha and Homeopathy systems in an AYUSH hospital are payable up to the sum insured.","[""vii. The coverage is available only for treatments taken Code Excl 02 in India A. Expenses related to the treatment of the listed Note (applicable to Section-III Optional Covers): In Conditions, surgeries / treatments shall be excluded case if Insured opted optional cover/s which has a until the expiry of 24 months of continuous coverage waiting period, the waiting period will be calculated after the date of inception of the first policy with"", ""systems of medicines in a AYUSH Hospital is payable up but not exceeding the sum insured/ annual sum insured/ to the sum insured."", ""Having dedicated AYUSH therapy sections as involuntary event caused by external, visible and violent means. required and / or has equipped operation theatre where surgical procedures are to be carried out; Any one illness: Any one illness means continuous period of illness and includes relapse within 45 days from the date iv. Maintaining daily records of the patients and making of last consultation with the Hospital / Nursing Home where them accessible to the insurance company\u2019s treatment was taken. authorized representative. AYUSH Day Care Centre: AYUSH Day Care Centre means AYUSH Treatment: AYUSH treatment refers to the medical and includes Community Health Centre (CHC), Primary and / or hospitalization treatments given under Ayurveda, Health Centre (PHC), Dispensary, Clinic, Polyclinic or Yoga and Naturopathy, Unani, Siddha and Homeopathy any such health centre which is registered with the local systems. authorities, wherever applicable and having facilities for Break in policy: Break in policy means the period of gap carrying out treatment procedures and medical or surgical that occurs at the end of the existing policy term/instalment / para-surgical interventions or both under the supervision premium due date, when the premium due for renewal on of registered AYUSH Medical Practitioner (s) on day care a given policy or instalment premium due is not paid on or basis without in-patient services and must comply with all before the premium renewal date or Grace Period."", ""expenses for Medical / Surgical treatment at any Nursing Home / Hospital in India as an In-patient, the Company 6. AYUSH Treatment: Medical expenses for Inpatient will indemnify the Insured Person such expenses as are Hospitalization incurred on treatment under Ayurveda, Yoga and Naturopathy, Unani, Sidha and Homeopathy""]","[""expenses for Medical / Surgical treatment at any Nursing Home / Hospital in India as an In-patient, the Company 6. AYUSH Treatment: Medical expenses for Inpatient will indemnify the Insured Person such expenses as are Hospitalization incurred on treatment under Ayurveda, Yoga and Naturopathy, Unani, Sidha and Homeopathy"", ""systems of medicines in a AYUSH Hospital is payable up but not exceeding the sum insured/ annual sum insured/ to the sum insured.""]",4,2,"[""Policy_Super_Star_V_3_80e5dd8988.pdf_241"", ""Policy_Super_Star_V_3_80e5dd8988.pdf_43"", ""Policy_Super_Star_V_3_80e5dd8988.pdf_3"", ""Policy_Super_Star_V_3_80e5dd8988.pdf_42""]","[""Policy_Super_Star_V_3_80e5dd8988.pdf_42"", ""Policy_Super_Star_V_3_80e5dd8988.pdf_43""]",,0.999999999975,1.0,0.7935910194548536,1.0,0.25,1.0,1.0,0.6818025818863227,0.017577459356554814,0.23008849557522124,0.1592920353982301
Q_100,When does the automatic restoration of sum insured occur and how can it be used?,"The sum insured will be restored unlimited number of times, up to 100% each time, upon partial or full utilization for a subsequent hospitalization. Restoration triggers immediately after partial or full utilization of the sum insured. The restored sum insured can be used for all claim purposes, including modern treatments. The unutilized restored sum insured cannot be carried forward to the next policy year.","The sum insured is restored automatically when it is partially or fully utilized, up to 100% each time, and the restored amount can be used for a subsequent hospitalization.","[""10,00,000 15,00,000 \u2022 Sum Insured will be restored unlimited number of 2nd amount times and maximum up to 100% each time, which Claim Will the restoration can be utilized for a subsequent hospitalization. kick in? 10,00,000 10,00,000 \u2022 The restoration will trigger immediately upon partial Yes, Why \u2013 Since (Restored (Restored / full utilization of the sum insured, which can be there is full utilization Sum Insured) Sum Insured) utilized for a subsequent hospitalization. of Sum Insured. 10,00,000 10,00,000 \u2022 On partial utilization of the Sum Insured, it will be Available amount for next restored up to extent of utilization. (SI is Restored (SI Restored"", ""\u2022 The unutilized restored sum insured cannot be who is also an insured is diagnosed (first diagnosis) with any of the critical illness specified under Annexure - I (or) carried forward to the next policy year. in case of Death of insured due to Accident, Premium will \u2022 This benefit is not applicable to policies with be waived off during renewal for the next one policy year Unlimited Sum insured. and such premium waiver will be given up to the expiring sum insured and optional covers (if opted) once in a life Unlimited Restoration \u2013 illustration"", ""\u2022 The Restored Sum Insured can be used for all \u2022 Utilizing this facility alone will not amount to making claims including for modern treatment, but for a""]","[""different illness) provides automatic restoration of sum insured subject"", ""10,00,000 15,00,000 \u2022 Sum Insured will be restored unlimited number of 2nd amount times and maximum up to 100% each time, which Claim Will the restoration can be utilized for a subsequent hospitalization. kick in? 10,00,000 10,00,000 \u2022 The restoration will trigger immediately upon partial Yes, Why \u2013 Since (Restored (Restored / full utilization of the sum insured, which can be there is full utilization Sum Insured) Sum Insured) utilized for a subsequent hospitalization. of Sum Insured. 10,00,000 10,00,000 \u2022 On partial utilization of the Sum Insured, it will be Available amount for next restored up to extent of utilization. (SI is Restored (SI Restored""]",3,2,"[""Policy_Super_Star_V_3_80e5dd8988.pdf_75"", ""Policy_Super_Star_V_3_80e5dd8988.pdf_62"", ""Policy_Super_Star_V_3_80e5dd8988.pdf_58""]","[""Policy_Super_Star_V_3_80e5dd8988.pdf_74"", ""Policy_Super_Star_V_3_80e5dd8988.pdf_75""]",,0.9999999999,1.0,0.8092742849092678,1.0,0.5,1.0,1.0,0.9125095450949837,0.3266479238926206,0.45161290322580655,0.3225806451612903
